user_id,part,topic_accuracy,time_since_last_attempt,ques_avg_accuracy
115,5,1.0,56943.0,0.768595041322314
115,1,0.6944444444444444,53097.0,0.9795918367346939
115,2,0.5,68687451936.0,0.6418181818181818
115,3,1.0,0.0,0.1687315634218289
115,4,0.0,0.0,0.5170556552962298
124,1,0.5,29317.0,0.3590836441129462
124,2,0.5,68687451936.0,0.6418181818181818
124,3,0.0,0.0,0.6306784660766962
124,4,0.25,0.0,0.42857142857142855
124,5,0.2,10438.0,0.30579531442663377
124,6,0.3333333333333333,0.0,0.4580246913580247
124,7,0.0,0.0,0.27138263665594853
2746,5,0.0,49069.0,0.4519774011299435
2746,2,0.625,35202.0,0.7088607594936709
5382,2,0.7741935483870968,70241.0,0.7678571428571429
5382,1,0.5833333333333334,716199415.0,0.6875
5382,5,0.6455696202531646,673123846.0,0.6442953020134228
8623,7,0.5,0.0,0.3230769230769231
8623,1,0.6111111111111112,40877.0,0.32229580573951433
8623,5,0.6666666666666666,50586.0,0.26666666666666666
8623,2,0.6976744186046512,30676.0,0.6403269754768393
8701,5,0.6666666666666666,42094.0,0.21337579617834396
8701,2,0.5555555555555556,51344.0,0.6533333333333333
12741,1,0.5,68687451936.0,0.819672131147541
12741,5,0.3333333333333333,42331.0,0.3559322033898305
12741,4,0.527027027027027,0.0,0.33783783783783783
12741,6,0.6708860759493671,0.0,0.6440677966101694
12741,7,0.6470588235294118,0.0,0.5555555555555556
13134,6,0.8181818181818182,0.0,0.925
13134,3,0.6822429906542056,0.0,0.5833333333333334
13134,4,0.7351351351351352,0.0,0.9388888888888889
13134,1,0.6601941747572816,37594.0,0.8157894736842105
13134,5,0.612987012987013,212409987.0,0.6073619631901841
13134,2,0.7892376681614349,19196.0,0.8518518518518519
24418,4,0.7075630252100841,0.0,0.7843137254901961
24418,6,0.6617429837518464,0.0,0.8813559322033898
24418,7,0.72265625,0.0,0.45454545454545453
24418,2,0.6731980405878236,22056.0,0.7849462365591398
24418,3,0.6938202247191011,0.0,0.9107142857142857
24418,1,0.787292817679558,28290.0,0.691358024691358
24418,5,0.6643653744025492,31829.0,0.6538461538461539
24600,1,0.5,24758.0,0.3590836441129462
24600,3,0.5,0.0,0.1687315634218289
24600,4,0.0,0.0,0.5533290239172592
24600,6,0.0,0.0,0.43137254901960786
24600,7,0.3333333333333333,0.0,0.41864951768488745
24600,5,0.4,40312.0,0.49379310344827587
24600,2,0.6,24546.0,0.8737864077669902
32421,1,0.5,27876.0,0.3590836441129462
32421,2,0.5,68687451936.0,0.6418181818181818
32421,3,0.5,0.0,0.6312684365781711
32421,4,0.5,0.0,0.5533290239172592
32421,5,0.4,29896.0,0.30579531442663377
32421,6,0.3333333333333333,0.0,0.6185185185185185
32421,7,0.3333333333333333,0.0,0.41864951768488745
40828,1,0.5,25567.0,0.3590836441129462
40828,3,0.5,0.0,0.6312684365781711
40828,4,0.25,0.0,0.42857142857142855
40828,6,0.6666666666666666,0.0,0.6451914098972923
40828,7,1.0,0.0,0.6019292604501608
40828,2,0.7,43511.0,0.8279569892473119
40828,5,0.6170212765957447,34373.0,0.6218487394957983
44331,2,0.4583333333333333,716710.0,0.8616780045351474
44331,6,0.41025641025641024,0.0,0.4580246913580247
44331,4,0.5853658536585366,0.0,0.5443037974683544
44331,5,0.639344262295082,397250.0,0.6863905325443787
44331,1,0.7049180327868853,485613.0,0.7361111111111112
44331,3,0.559322033898305,0.0,0.6956521739130435
45001,1,0.0,21033.0,0.3590836441129462
45001,2,0.5,68687451936.0,0.6418181818181818
45001,3,0.5,0.0,0.6312684365781711
45001,4,0.25,0.0,0.42857142857142855
45001,5,0.2,3210.0,0.30579531442663377
45001,6,0.3333333333333333,0.0,0.2726423902894491
45001,7,0.0,0.0,0.490032154340836
46886,2,0.5294117647058824,22606.0,0.7685185185185185
46886,5,0.68,25441.0,0.16666666666666666
50132,2,0.6666666666666666,1877373.0,0.875
50132,5,0.6333333333333333,33682.0,0.7924528301886793
51285,2,0.6363636363636364,28812.0,0.8888888888888888
51285,5,0.4444444444444444,47808.0,0.6888888888888889
53842,1,0.5,19227.0,0.3590836441129462
53842,2,0.5,68687451936.0,0.6418181818181818
53842,3,0.0,0.0,0.6312684365781711
53842,4,0.25,0.0,0.47123464770523593
53842,5,0.2,32175.0,0.30579531442663377
53842,6,0.3333333333333333,0.0,0.43137254901960786
53842,7,0.0,0.0,0.490032154340836
81002,2,0.0,36484.0,0.6926406926406926
81002,5,0.5714285714285714,27185.0,0.7203389830508474
81429,1,1.0,21020.0,0.3590836441129462
81429,2,0.5,68687451936.0,0.6418181818181818
81429,3,0.0,0.0,0.6312684365781711
81429,4,0.375,0.0,0.5533290239172592
81429,5,0.6,20843.0,0.30579531442663377
81429,6,0.3333333333333333,0.0,0.47619047619047616
81429,7,0.6666666666666666,0.0,0.27138263665594853
91216,7,0.3333333333333333,0.0,0.41864951768488745
91216,6,0.6338797814207651,0.0,0.6402439024390244
91216,4,0.6942148760330579,0.0,0.7678571428571429
91216,1,0.8026315789473685,112593.0,0.6180904522613065
91216,2,0.7948717948717948,32710.0,0.5939849624060151
91216,3,0.75,0.0,0.7297297297297297
91216,5,0.6114832535885167,25229.0,0.8103448275862069
99521,1,0.5,68687451936.0,0.7896440129449838
99521,5,0.7333333333333333,35442.0,0.5436893203883495
99521,2,0.8888888888888888,27024.0,0.5573033707865168
107002,3,0.9009433962264151,0.0,0.3505747126436782
107002,7,0.8722044728434505,0.0,0.7634408602150538
107002,6,0.8246445497630331,0.0,0.5657894736842105
107002,1,0.8983050847457628,26587.0,0.9761904761904762
107002,2,0.8743961352657005,29193.0,0.7436708860759493
107002,4,0.8477157360406091,0.0,0.3333333333333333
107002,5,0.6969026548672567,26220.0,0.5384615384615384
108310,5,0.6875,19949.0,0.4090909090909091
108310,1,0.7,28526.0,0.9195402298850575
108310,2,1.0,27950.0,0.757396449704142
108310,6,1.0,0.0,0.7447698744769874
128919,1,0.5,24620.0,0.3590836441129462
128919,2,0.5,68687451936.0,0.6418181818181818
128919,3,1.0,0.0,0.1687315634218289
128919,4,0.125,0.0,0.47123464770523593
128919,5,0.2,15560.0,0.30579531442663377
128919,6,0.6666666666666666,0.0,0.6185185185185185
128919,7,0.3333333333333333,0.0,0.27138263665594853
137455,1,0.5,23622.0,0.3590836441129462
137455,3,0.0,0.0,0.6312684365781711
137455,4,0.25,0.0,0.47123464770523593
137455,6,0.0,0.0,0.47619047619047616
137455,7,0.0,0.0,0.41864951768488745
137455,2,0.3,21914.0,0.7934782608695652
137455,5,0.5333333333333333,18303.0,0.7045454545454546
138650,6,0.7473684210526316,0.0,0.7258064516129032
138650,1,0.746031746031746,37666.0,0.6633663366336634
138650,7,0.8596491228070176,0.0,0.6019292604501608
138650,4,0.7894736842105263,0.0,0.5
138650,3,0.8309859154929577,0.0,0.6744186046511628
138650,5,0.7338935574229691,75367.0,0.5227272727272727
138650,2,0.594059405940594,25531.0,0.6746031746031746
140969,1,0.5,25447.0,0.3590836441129462
140969,2,0.5,68687451936.0,0.6418181818181818
140969,3,0.5,0.0,0.6312684365781711
140969,4,0.25,0.0,0.47123464770523593
140969,6,0.3333333333333333,0.0,0.2726423902894491
140969,7,0.6666666666666666,0.0,0.490032154340836
140969,5,0.6,16671.0,0.5050100200400801
141455,1,0.851063829787234,31804.0,0.6575342465753424
141455,4,0.8108108108108109,0.0,0.8235294117647058
141455,3,0.8117647058823529,0.0,0.631578947368421
141455,6,0.6608391608391608,0.0,0.8888888888888888
141455,7,0.6942148760330579,0.0,0.375
141455,5,0.6734258271077909,25782.0,0.7529411764705882
141455,2,0.8088235294117647,19330.0,0.6064516129032258
142896,1,0.0,54726.0,0.5697674418604651
142896,5,0.3,21114.0,0.7446808510638298
146023,1,1.0,35746.0,0.3590836441129462
146023,2,0.5,68687451936.0,0.6418181818181818
146023,3,0.0,0.0,0.6306784660766962
146023,4,0.5,0.0,0.42857142857142855
146023,6,0.6666666666666666,0.0,0.6451914098972923
146023,7,0.6666666666666666,0.0,0.41864951768488745
146023,5,0.72,33634.0,0.7906976744186046
146403,1,0.5,21484.0,0.3590836441129462
146403,2,0.5,68687451936.0,0.6418181818181818
146403,3,0.5,0.0,0.6312684365781711
146403,4,0.25,0.0,0.5533290239172592
146403,5,0.6,13835.0,0.30579531442663377
146403,6,0.6666666666666666,0.0,0.43137254901960786
146403,7,0.0,0.0,0.41864951768488745
157207,7,0.42857142857142855,0.0,0.6019292604501608
157207,6,0.42857142857142855,0.0,0.42663378545006164
157207,5,0.6363636363636364,11322.0,0.4486486486486487
157207,4,0.35294117647058826,0.0,0.2770795930580491
157207,3,0.6,0.0,0.6306784660766962
157207,2,1.0,1748841.0,0.6418181818181818
157207,1,0.6,12592.0,0.8132427843803056
163243,2,0.5,68687451936.0,0.4772727272727273
163243,5,0.25,12669.0,0.8181818181818182
165081,2,0.6666666666666666,41094.0,0.3339130434782609
165081,5,0.6363636363636364,33481.0,0.3333333333333333
166728,6,0.3333333333333333,0.0,0.37209302325581395
166728,2,0.45318352059925093,30308.0,0.7171314741035857
166728,5,0.45977011494252873,34066.0,0.5199543899657925
174754,1,0.5,68687451936.0,0.5954415954415955
174754,5,0.4,35644.0,0.6649214659685864
174754,2,0.5,41239.0,0.6363636363636364
176102,1,1.0,31796.0,0.3590836441129462
176102,2,0.5,68687451936.0,0.6418181818181818
176102,3,1.0,0.0,0.6306784660766962
176102,4,0.0,0.0,0.42857142857142855
176102,5,0.6,58759.0,0.30579531442663377
176102,6,0.0,0.0,0.6451914098972923
176102,7,0.0,0.0,0.41864951768488745
176303,2,1.0,23253.0,0.5866141732283464
176303,1,0.6382978723404256,35108.0,0.9682539682539683
176303,3,0.2,0.0,0.8271604938271605
176303,5,0.0,22847.0,0.6760259179265659
178445,1,1.0,25512.0,0.3590836441129462
178445,3,0.5,0.0,0.6312684365781711
178445,4,0.25,0.0,0.5533290239172592
178445,6,0.6666666666666666,0.0,0.4580246913580247
178445,7,0.6666666666666666,0.0,0.41864951768488745
178445,2,0.8,21859.0,0.9038461538461539
178445,5,0.21052631578947367,19821.0,0.7142857142857143
206168,1,1.0,39612.0,0.3590836441129462
206168,3,0.5,0.0,0.6306784660766962
206168,4,0.375,0.0,0.5533290239172592
206168,6,0.3333333333333333,0.0,0.2726423902894491
206168,7,0.6666666666666666,0.0,0.41864951768488745
206168,2,0.9,34862.0,0.7094017094017094
206168,5,0.8666666666666667,16712.0,0.8672566371681416
215672,1,0.0,24505.0,0.3590836441129462
215672,2,0.5,68687451936.0,0.6418181818181818
215672,3,1.0,0.0,0.1687315634218289
215672,4,0.5,0.0,0.47123464770523593
215672,6,0.0,0.0,0.43137254901960786
215672,7,0.0,0.0,0.41864951768488745
215672,5,0.4,14597.0,0.6368421052631579
220268,6,0.6701570680628273,0.0,0.8290598290598291
220268,3,0.7567567567567568,0.0,0.26666666666666666
220268,4,0.6608040201005025,0.0,0.6833333333333333
220268,7,0.7157360406091371,0.0,0.8095238095238095
220268,1,0.8857142857142857,27680.0,0.8032786885245902
220268,2,0.6751918158567775,36794.0,0.5493562231759657
220268,5,0.7692307692307693,92257.0,0.29260450160771706
238966,1,0.0,21355.0,0.3590836441129462
238966,3,0.0,0.0,0.6312684365781711
238966,4,0.0,0.0,0.47123464770523593
238966,6,0.3333333333333333,0.0,0.43137254901960786
238966,7,0.0,0.0,0.490032154340836
238966,2,0.8,20640.0,0.8774617067833698
238966,5,0.25,42025.0,0.5814696485623003
239323,1,0.5,24832.0,0.3590836441129462
239323,2,0.5,68687451936.0,0.6418181818181818
239323,3,0.5,0.0,0.6312684365781711
239323,4,0.375,0.0,0.5533290239172592
239323,5,0.4,47453.0,0.30579531442663377
239323,6,0.3333333333333333,0.0,0.2726423902894491
239323,7,1.0,0.0,0.41864951768488745
246496,5,0.6056338028169014,68317.0,0.5
246496,2,0.7714285714285715,51525.0,0.7744360902255639
247749,5,0.35294117647058826,34685.0,0.8133333333333334
251201,1,0.0,23969.0,0.3590836441129462
251201,2,0.5,68687451936.0,0.6418181818181818
251201,3,0.5,0.0,0.6306784660766962
251201,4,0.25,0.0,0.5533290239172592
251201,6,0.3333333333333333,0.0,0.42663378545006164
251201,7,0.0,0.0,0.6019292604501608
251201,5,0.0,516935.0,0.196763202725724
260489,5,0.6896551724137931,62239.0,0.6
260489,2,0.6818181818181818,47791.0,0.7962264150943397
275762,7,0.7777777777777778,0.0,0.3
275762,1,0.7857142857142857,68392.0,0.5859375
275762,6,0.8571428571428571,0.0,0.22842639593908629
275762,3,0.8285714285714286,0.0,0.7931034482758621
275762,4,0.8,0.0,0.5
275762,5,0.7816901408450704,37741.0,0.8490566037735849
275762,2,0.7450980392156863,70438.0,0.297153024911032
286187,3,0.5,0.0,0.6312684365781711
286187,4,0.375,0.0,0.47123464770523593
286187,6,0.6666666666666666,0.0,0.828395061728395
286187,7,0.6666666666666666,0.0,0.41864951768488745
286187,5,0.5789473684210527,16500698277.0,0.49379310344827587
286187,2,1.0,26183873600.0,0.610223642172524
286187,1,0.5555555555555556,97998.0,0.875
287029,5,0.6,38472.0,0.5777777777777777
287029,2,0.6,52228.0,0.8281786941580757
290191,1,0.0,30948.0,0.3590836441129462
290191,2,0.5,68687451936.0,0.6418181818181818
290191,3,0.5,0.0,0.6306784660766962
290191,4,0.125,0.0,0.47123464770523593
290191,5,0.4,27461.0,0.30579531442663377
290191,6,0.6666666666666666,0.0,0.4580246913580247
290191,7,0.3333333333333333,0.0,0.6019292604501608
297533,2,0.5,68687451936.0,0.55
297533,5,0.6153846153846154,59997.0,0.7870036101083032
298022,1,0.8620689655172413,29583.0,0.3608490566037736
301590,5,0.38513513513513514,33026.0,0.5199543899657925
318683,5,0.5,24307.0,0.6729559748427673
327181,1,0.5,23495.0,0.3590836441129462
327181,2,0.5,68687451936.0,0.6418181818181818
327181,3,1.0,0.0,0.6306784660766962
327181,4,0.5,0.0,0.47123464770523593
327181,5,0.4,25386.0,0.30579531442663377
327181,6,0.3333333333333333,0.0,0.47619047619047616
327181,7,0.6666666666666666,0.0,0.41864951768488745
332303,1,0.5,68687451936.0,0.7931034482758621
332303,5,0.32,86792.0,0.3157894736842105
332303,2,0.3333333333333333,83230.0,0.5528846153846154
341420,6,0.6,0.0,0.868421052631579
341420,7,0.6428571428571429,0.0,0.7096774193548387
341420,2,0.55,148364.0,0.7857142857142857
341420,5,0.47368421052631576,51454.0,0.6596736596736597
355138,1,1.0,25601.0,0.3590836441129462
355138,2,0.5,68687451936.0,0.6418181818181818
355138,3,0.0,0.0,0.6306784660766962
355138,4,0.25,0.0,0.5533290239172592
355138,5,0.2,23156.0,0.30579531442663377
355138,6,0.0,0.0,0.47619047619047616
355138,7,0.0,0.0,0.27138263665594853
357056,1,0.5,26145.0,0.3590836441129462
357056,3,0.5,0.0,0.6306784660766962
357056,4,0.25,0.0,0.47123464770523593
357056,6,0.3333333333333333,0.0,0.47619047619047616
357056,7,0.6666666666666666,0.0,0.27138263665594853
357056,2,0.8,63483.0,0.8649921507064364
357056,5,0.56,21946.0,0.5967741935483871
357865,5,0.5,48099.0,0.15942028985507245
357865,2,0.42857142857142855,50142.0,0.875
359283,5,0.5948275862068966,50920.0,0.75
359283,2,0.6068111455108359,22810.0,0.7327586206896551
364452,5,0.25,18944.0,0.7586206896551724
364452,1,1.0,157596.0,0.5962059620596206
364452,2,0.6666666666666666,32503.0,0.8099173553719008
364932,1,0.5,29619.0,0.3590836441129462
364932,3,0.5,0.0,0.1687315634218289
364932,4,0.25,0.0,0.47123464770523593
364932,5,0.0,2831.0,0.30579531442663377
364932,6,0.6666666666666666,0.0,0.47619047619047616
364932,7,0.0,0.0,0.6019292604501608
364932,2,0.7575757575757576,21290.0,0.9652173913043478
366174,1,0.0,28199.0,0.3590836441129462
366174,2,0.5,68687451936.0,0.6418181818181818
366174,3,0.0,0.0,0.6312684365781711
366174,4,0.5,0.0,0.5533290239172592
366174,6,0.3333333333333333,0.0,0.4580246913580247
366174,7,0.3333333333333333,0.0,0.490032154340836
366174,5,0.4,50372.0,0.7723214285714286
368624,6,0.5161290322580645,0.0,0.6243093922651933
368624,7,0.7333333333333333,0.0,0.84
368624,1,0.0,23958.0,0.3590836441129462
368624,2,0.5,68687451936.0,0.6418181818181818
371296,2,0.5,86697.0,0.7556818181818182
371296,5,0.0,239727.0,0.6735294117647059
375732,5,0.5714285714285714,41627.0,0.5150375939849624
375732,2,0.7721518987341772,41521.0,0.8333333333333334
377398,5,0.56,50508.0,0.5454545454545454
377398,2,0.8,42992.0,0.7873134328358209
381754,5,0.8333333333333334,41621.0,0.7670454545454546
381754,2,0.8888888888888888,24995.0,0.6729411764705883
382571,6,0.7368421052631579,0.0,0.6627218934911243
382571,2,0.7142857142857143,43361.0,0.8064516129032258
382571,5,0.5555555555555556,22922.0,0.7272727272727273
384661,1,0.0,24733.0,0.3590836441129462
384661,3,0.5,0.0,0.6306784660766962
384661,4,0.0,0.0,0.5533290239172592
384661,6,0.0,0.0,0.47619047619047616
384661,7,0.0,0.0,0.27138263665594853
384661,2,0.6,32064.0,0.8905109489051095
384661,5,0.17647058823529413,13738.0,0.65625
384745,3,0.7142857142857143,0.0,0.908256880733945
384745,2,0.6081081081081081,32569.0,0.5573033707865168
384745,1,1.0,28141.0,0.8372093023255814
384745,4,0.8275862068965517,0.0,0.7272727272727273
384745,6,0.782608695652174,0.0,0.6169354838709677
384745,5,0.47297297297297297,21490.0,0.46938775510204084
384745,7,0.7567567567567568,0.0,0.6730769230769231
385548,1,0.5,68687451936.0,0.37637362637362637
385548,2,0.75,30385.0,0.6206030150753769
385548,6,0.46808510638297873,0.0,0.6782608695652174
385548,5,0.43137254901960786,47770.0,0.9285714285714286
385630,2,0.5833333333333334,28953.0,0.5179282868525896
385630,1,0.8387096774193549,49744.0,1.0
385630,3,0.5714285714285714,0.0,0.5764705882352941
385630,4,0.42857142857142855,0.0,0.6666666666666666
385630,6,0.3695652173913043,0.0,0.8120805369127517
385630,5,0.2696629213483146,11835.0,0.7298245614035088
385630,7,0.2727272727272727,0.0,0.5625
400241,1,0.5,68687451936.0,0.7896440129449838
400241,2,0.6666666666666666,23728.0,0.8469387755102041
400241,5,0.6,56935.0,0.6931407942238267
403483,1,0.75,29763.0,0.554140127388535
403483,6,0.5714285714285714,0.0,0.7120418848167539
403483,5,0.5688073394495413,23537.0,0.4132029339853301
403483,2,0.6666666666666666,246274953.0,0.6406926406926406
408119,2,0.6818181818181818,29184.0,0.8082089552238806
408119,5,0.7049180327868853,17207.0,0.6829268292682927
408250,7,0.6666666666666666,0.0,0.27138263665594853
408250,4,0.631578947368421,0.0,0.5206896551724138
408250,6,0.7021276595744681,0.0,0.7740585774058577
408250,2,0.8125,20420.0,0.6549295774647887
408250,3,0.78,0.0,0.8466257668711656
408250,1,0.8191489361702128,36494.0,0.9038461538461539
408250,5,0.6619047619047619,34637.0,0.45454545454545453
410315,1,0.5,68687451936.0,0.9423076923076923
410315,5,0.25,27225.0,0.7142857142857143
410315,2,0.7777777777777778,35299.0,0.6403269754768393
422628,2,0.5,68687451936.0,0.7685185185185185
422628,5,0.3333333333333333,48181.0,0.8225806451612904
427355,3,0.0,0.0,0.5084745762711864
427355,4,0.0,0.0,0.5806451612903226
427355,6,0.36363636363636365,0.0,0.68
427355,1,0.5714285714285714,36139.0,0.43342776203966005
427355,2,0.3888888888888889,39439.0,0.6655231560891939
427355,7,0.38461538461538464,0.0,0.7692307692307693
427355,5,0.23958333333333334,1483773133.0,0.24742268041237114
438357,1,0.5,30965.0,0.3590836441129462
438357,2,0.5,68687451936.0,0.6418181818181818
438357,3,0.0,0.0,0.1687315634218289
438357,4,0.5,0.0,0.42857142857142855
438357,6,0.3333333333333333,0.0,0.828395061728395
438357,7,0.0,0.0,0.490032154340836
438357,5,0.25,345611600.0,0.196763202725724
443506,5,0.4,139081.0,0.8571428571428571
443506,2,0.7,165488.0,0.7954545454545454
444790,5,0.2,132533.0,0.3076923076923077
449925,1,0.5,28707.0,0.3590836441129462
449925,2,0.5,68687451936.0,0.6418181818181818
449925,3,0.0,0.0,0.6312684365781711
449925,4,0.125,0.0,0.42857142857142855
449925,5,0.2,36242.0,0.30579531442663377
449925,6,0.0,0.0,0.4580246913580247
449925,7,0.0,0.0,0.490032154340836
457531,1,0.0,1966.0,0.3590836441129462
457531,2,0.5,68687451936.0,0.6418181818181818
457531,3,0.5,0.0,0.1687315634218289
457531,4,0.375,0.0,0.5533290239172592
457531,5,0.0,3672.0,0.30579531442663377
457531,6,0.0,0.0,0.4580246913580247
457531,7,0.3333333333333333,0.0,0.6019292604501608
459017,1,0.8260869565217391,45463.0,0.716012084592145
459017,6,0.8320610687022901,0.0,0.8686131386861314
459017,3,0.8181818181818182,0.0,0.7959183673469388
459017,2,0.9347826086956522,32683.0,0.813953488372093
459017,7,0.8378378378378378,0.0,0.7567567567567568
459017,4,0.7650602409638554,0.0,0.8867924528301887
459017,5,0.8072727272727273,21211.0,0.6871165644171779
469162,1,0.5,30287.0,0.3590836441129462
469162,4,0.5,0.0,0.42857142857142855
469162,7,1.0,0.0,0.41864951768488745
469162,6,0.42857142857142855,0.0,0.828395061728395
469162,3,0.4,0.0,0.6312684365781711
469162,5,0.5294117647058824,174304.0,0.6783625730994152
469162,2,0.8181818181818182,1035934.0,0.8774617067833698
475020,4,0.6290322580645161,0.0,0.8251748251748252
475020,1,0.631578947368421,83276.0,0.4935064935064935
475020,5,0.62882096069869,42256.0,0.2967032967032967
475020,6,0.7079037800687286,0.0,0.5517241379310345
475020,2,0.5961538461538461,75339.0,0.7
475020,3,0.7077464788732394,0.0,0.8407643312101911
475020,7,0.6944444444444444,0.0,0.4326923076923077
478631,1,0.5,68687451936.0,0.797979797979798
478631,2,0.6526946107784432,35855.0,0.660377358490566
478631,5,0.6188524590163934,32940.0,0.49379310344827587
480368,1,0.8181818181818182,40793.0,0.725
480368,2,0.7692307692307693,31246.0,0.58
480368,5,0.5,22515.0,0.5432098765432098
496840,7,0.5,0.0,0.3116883116883117
496840,6,0.868421052631579,0.0,0.7681159420289855
496840,3,0.8181818181818182,0.0,0.4965034965034965
496840,4,0.9,0.0,0.8584070796460177
496840,5,0.7392739273927392,23199546.0,0.4246575342465753
496840,2,0.6981132075471698,36691.0,0.5501730103806228
496840,1,0.7983870967741935,29352.0,0.8289473684210527
508795,5,0.5,27090.0,0.47388059701492535
508795,2,0.4166666666666667,6262194.0,0.6549295774647887
508795,1,0.6956521739130435,28418.0,0.9333333333333333
510560,5,0.5,38557.0,0.531496062992126
510560,2,0.3333333333333333,27949.0,0.7321428571428571
513434,1,1.0,42788.0,0.8688524590163934
513434,2,0.9090909090909091,49327.0,0.6595744680851063
513434,3,0.875,0.0,0.819672131147541
513434,4,0.9090909090909091,0.0,0.6545454545454545
513434,6,0.6666666666666666,0.0,0.29545454545454547
513434,5,0.6052631578947368,720301596.0,0.8035714285714286
531584,2,0.8888888888888888,20938.0,0.9272727272727272
531584,5,0.3076923076923077,41323.0,0.196763202725724
537732,1,0.0,283530.0,0.41697416974169743
537732,2,1.0,336081.0,0.8169014084507042
537732,5,0.5625,7796.0,0.6666666666666666
538701,5,0.38461538461538464,20360.0,0.8074074074074075
576369,1,1.0,24751.0,0.3590836441129462
576369,2,0.5,68687451936.0,0.6418181818181818
576369,3,1.0,0.0,0.1687315634218289
576369,4,0.375,0.0,0.42857142857142855
576369,6,0.3333333333333333,0.0,0.828395061728395
576369,7,0.6666666666666666,0.0,0.6019292604501608
576369,5,0.8,28610.0,0.32558139534883723
579346,1,1.0,25747.0,0.3590836441129462
579346,2,0.5,68687451936.0,0.6418181818181818
579346,3,0.0,0.0,0.6306784660766962
579346,4,0.375,0.0,0.47123464770523593
579346,5,0.4,40391.0,0.30579531442663377
579346,6,0.6666666666666666,0.0,0.4580246913580247
579346,7,0.3333333333333333,0.0,0.6019292604501608
581706,5,0.5333333333333333,22466.0,0.98
583550,7,0.7857142857142857,0.0,0.6559139784946236
583550,4,0.875,0.0,0.7787610619469026
583550,5,0.68,29830.0,0.3639705882352941
583550,1,0.8421052631578947,116476.0,0.7777777777777778
583550,2,0.8947368421052632,30805.0,0.7962264150943397
583550,3,0.9230769230769231,0.0,0.6619718309859155
592864,2,0.7272727272727273,45606.0,0.8616780045351474
592864,5,0.48,88704.0,0.6354166666666666
595960,5,0.5833333333333334,62830.0,0.7861271676300579
613296,1,0.5,68687451936.0,0.569620253164557
613296,2,0.5967741935483871,31979.0,0.7557251908396947
613296,5,0.6170212765957447,36726.0,0.8448275862068966
616513,1,1.0,26819.0,0.3590836441129462
616513,2,0.5,68687451936.0,0.6418181818181818
616513,3,0.0,0.0,0.6306784660766962
616513,4,0.25,0.0,0.42857142857142855
616513,5,0.2,32614.0,0.30579531442663377
616513,6,0.3333333333333333,0.0,0.2726423902894491
616513,7,0.3333333333333333,0.0,0.27138263665594853
637773,5,0.7576923076923077,42762.0,0.4305555555555556
637773,3,0.9230769230769231,0.0,0.5689655172413793
637773,1,0.7222222222222222,1712190786.0,0.5608108108108109
637773,2,0.5161290322580645,84277.0,0.5573033707865168
642997,1,0.5,20295.0,0.3590836441129462
642997,2,0.5,68687451936.0,0.6418181818181818
642997,3,0.0,0.0,0.1687315634218289
642997,4,0.125,0.0,0.47123464770523593
642997,5,0.6,18020.0,0.30579531442663377
642997,6,0.0,0.0,0.47619047619047616
642997,7,0.0,0.0,0.490032154340836
650076,1,0.0,27933.0,0.3590836441129462
650076,2,0.5,68687451936.0,0.6418181818181818
650076,3,0.0,0.0,0.1687315634218289
650076,4,0.125,0.0,0.42857142857142855
650076,5,0.5,4142.0,0.5436893203883495
650467,4,0.8442622950819673,0.0,0.9135802469135802
650467,7,0.8037383177570093,0.0,0.6590909090909091
650467,6,0.7969924812030075,0.0,0.8686131386861314
650467,2,0.8656716417910447,22901.0,0.7712177121771218
650467,5,0.7453703703703703,41646.0,0.48148148148148145
650467,1,0.7476635514018691,31041.0,1.0
650467,3,0.865,0.0,0.4358974358974359
653826,1,0.5,29445.0,0.3590836441129462
653826,3,0.5,0.0,0.1687315634218289
653826,4,0.25,0.0,0.5533290239172592
653826,5,0.4,4580.0,0.30579531442663377
653826,6,0.0,0.0,0.47619047619047616
653826,7,1.0,0.0,0.41864951768488745
653826,2,0.5,28070.0,0.6513761467889908
660672,1,0.5,68687451936.0,0.9135802469135802
660672,5,0.0,78998.0,0.4523809523809524
660672,2,0.3333333333333333,19985.0,0.7422680412371134
671022,1,0.5,22668.0,0.3590836441129462
671022,2,0.5,68687451936.0,0.6418181818181818
671022,3,0.5,0.0,0.6312684365781711
671022,4,0.25,0.0,0.42857142857142855
671022,5,0.6,5052.0,0.30579531442663377
671022,6,0.0,0.0,0.2726423902894491
671022,7,0.3333333333333333,0.0,0.6019292604501608
678363,2,0.4,8956.0,0.5523809523809524
678363,5,0.3333333333333333,495400.0,0.6571428571428571
686708,2,0.7401129943502824,24636.0,0.6642857142857143
686708,5,0.6640625,29283.0,0.6458333333333334
700316,1,1.0,24641.0,0.3590836441129462
700316,2,0.5,68687451936.0,0.6418181818181818
700316,3,0.0,0.0,0.1687315634218289
700316,4,0.25,0.0,0.42857142857142855
700316,5,0.4,31875.0,0.30579531442663377
700316,6,0.3333333333333333,0.0,0.47619047619047616
700316,7,0.6666666666666666,0.0,0.41864951768488745
702591,1,1.0,28543.0,0.3590836441129462
702591,2,0.5,68687451936.0,0.6418181818181818
702591,3,0.0,0.0,0.6306784660766962
702591,4,0.5,0.0,0.47123464770523593
702591,6,0.6666666666666666,0.0,0.4580246913580247
702591,7,0.6666666666666666,0.0,0.6019292604501608
702591,5,0.7333333333333333,35973.0,0.6948717948717948
712805,2,0.6767676767676768,126051.0,0.7929292929292929
712805,5,0.6343115124153499,110967.0,0.7083333333333334
713424,2,0.6923076923076923,21568.0,0.628099173553719
713424,3,0.45714285714285713,0.0,0.7122302158273381
713424,1,0.6190476190476191,138419.0,0.6981818181818182
713424,5,0.5416666666666666,73532.0,0.3333333333333333
713424,6,0.5789473684210527,0.0,0.4745762711864407
715253,1,0.6,35258.0,0.5697674418604651
715253,5,0.4,20966.0,0.6309523809523809
715253,7,0.4444444444444444,0.0,0.18181818181818182
715253,6,0.2857142857142857,0.0,0.6724137931034483
736891,1,0.5,21070.0,0.3590836441129462
736891,2,0.5,68687451936.0,0.6418181818181818
736891,3,1.0,0.0,0.1687315634218289
736891,4,0.25,0.0,0.47123464770523593
736891,5,0.2,26397.0,0.30579531442663377
736891,6,0.3333333333333333,0.0,0.6451914098972923
736891,7,0.3333333333333333,0.0,0.27138263665594853
741296,5,0.6896551724137931,15754.0,0.8611111111111112
741296,2,0.6785714285714286,32412.0,0.5607814761215629
745460,1,0.5,25722.0,0.3590836441129462
745460,3,0.5,0.0,0.1687315634218289
745460,4,0.5,0.0,0.47123464770523593
745460,6,0.3333333333333333,0.0,0.47619047619047616
745460,7,0.6666666666666666,0.0,0.41864951768488745
745460,2,0.9,52957.0,0.6483516483516484
745460,5,0.3333333333333333,51962.0,0.5797665369649806
750330,2,0.7272727272727273,27767.0,0.8842975206611571
750330,5,0.21428571428571427,17752.0,0.637065637065637
752718,1,0.5,27410.0,0.3590836441129462
752718,3,0.0,0.0,0.6306784660766962
752718,4,0.5,0.0,0.47123464770523593
752718,6,0.6666666666666666,0.0,0.43137254901960786
752718,7,1.0,0.0,0.490032154340836
752718,2,1.0,30325.0,0.6549295774647887
752718,5,0.5333333333333333,66997.0,0.7444933920704846
758895,2,0.6666666666666666,25460.0,0.8026315789473685
758895,5,0.6071428571428571,26315.0,0.6363636363636364
766758,1,1.0,36395.0,0.3590836441129462
766758,2,0.5,68687451936.0,0.6418181818181818
766758,3,0.5,0.0,0.1687315634218289
766758,4,0.625,0.0,0.47123464770523593
766758,5,0.8,43363.0,0.30579531442663377
766758,6,1.0,0.0,0.6185185185185185
766758,7,1.0,0.0,0.41864951768488745
786638,4,0.75,0.0,0.45652173913043476
786638,6,0.7272727272727273,0.0,0.4594594594594595
786638,1,0.16666666666666666,12488174.0,0.43342776203966005
786638,3,0.65625,0.0,0.6744186046511628
786638,7,0.5,0.0,0.8148148148148148
786638,5,0.5125,27928.0,0.32792207792207795
786638,2,0.6888888888888889,39405.0,0.7216748768472906
786789,1,1.0,26476.0,0.3590836441129462
786789,3,1.0,0.0,0.6306784660766962
786789,4,0.375,0.0,0.47123464770523593
786789,6,0.6666666666666666,0.0,0.828395061728395
786789,7,1.0,0.0,0.6019292604501608
786789,2,0.8,66031.0,0.7763157894736842
786789,5,0.4375,184665128.0,0.5919117647058824
800824,1,0.5,68687451936.0,0.8873873873873874
800824,5,0.5714285714285714,79478.0,0.5972222222222222
800824,2,0.6410256410256411,25442.0,0.7107750472589792
804652,1,0.5,28954.0,0.3590836441129462
804652,2,0.5,68687451936.0,0.6418181818181818
804652,3,0.5,0.0,0.6312684365781711
804652,4,0.25,0.0,0.42857142857142855
804652,5,0.4,24104.0,0.30579531442663377
804652,6,0.6666666666666666,0.0,0.4580246913580247
804652,7,1.0,0.0,0.490032154340836
807172,1,0.25,31275.0,0.6981818181818182
807172,6,1.0,0.0,0.4181184668989547
807172,3,0.5,0.0,0.647887323943662
807172,2,0.6857142857142857,31685.0,0.7436708860759493
807172,5,0.6132596685082873,24869.0,0.7272727272727273
808053,5,0.3333333333333333,10363.0,0.36936936936936937
808053,2,0.6666666666666666,20604.0,0.7828054298642534
814879,2,1.0,18393.0,0.6777493606138107
814879,5,0.8571428571428571,15962.0,0.8333333333333334
823804,5,0.0,76640.0,0.34831460674157305
823804,2,0.5555555555555556,82599.0,0.7215189873417721
837033,2,0.5,68687451936.0,0.6403785488958991
837033,5,0.36363636363636365,32287.0,0.6287878787878788
839109,1,0.0,20091.0,0.3590836441129462
839109,2,0.5,68687451936.0,0.6418181818181818
839109,3,0.5,0.0,0.1687315634218289
839109,4,0.25,0.0,0.5533290239172592
839109,5,0.0,2798.0,0.30579531442663377
839109,6,0.0,0.0,0.6185185185185185
839109,7,0.0,0.0,0.41864951768488745
839139,7,0.3333333333333333,0.0,0.27138263665594853
839139,1,0.8571428571428571,89986.0,0.8
839139,6,0.7272727272727273,0.0,0.7264957264957265
839139,3,0.625,0.0,0.9354838709677419
839139,4,0.42857142857142855,0.0,0.3700440528634361
839139,2,0.6483516483516484,177538.0,0.8515625
839139,5,0.6410256410256411,64670.0,0.7846153846153846
839808,1,1.0,24291.0,0.3590836441129462
839808,3,0.0,0.0,0.1687315634218289
839808,4,0.5,0.0,0.5533290239172592
839808,6,0.3333333333333333,0.0,0.2726423902894491
839808,7,0.3333333333333333,0.0,0.490032154340836
839808,2,0.7142857142857143,63114.0,0.6196581196581197
839808,5,0.5254237288135594,20971.0,0.6083333333333333
841970,1,0.5,26571.0,0.3590836441129462
841970,2,0.5,68687451936.0,0.6418181818181818
841970,3,0.0,0.0,0.6306784660766962
841970,4,0.125,0.0,0.42857142857142855
841970,5,0.2,13053.0,0.30579531442663377
841970,6,0.3333333333333333,0.0,0.47619047619047616
841970,7,0.3333333333333333,0.0,0.27138263665594853
859071,6,0.8666666666666667,0.0,0.6086956521739131
859071,4,0.6428571428571429,0.0,0.8888888888888888
859071,5,0.8301886792452831,46516.0,0.5681818181818182
859071,1,0.6153846153846154,33200.0,0.7717391304347826
859071,2,0.7659574468085106,26226.0,0.6729411764705883
859071,3,0.8695652173913043,0.0,0.7122302158273381
859071,7,0.5,0.0,0.9272727272727272
859265,2,0.0,21269633.0,0.7389162561576355
859265,1,0.7142857142857143,40008.0,0.7125
859265,3,1.0,0.0,0.8227848101265823
859265,5,0.6,92331.0,0.6721311475409836
872693,2,0.5,19297.0,0.7866666666666666
872693,5,0.38461538461538464,12329.0,0.196763202725724
900423,7,0.0,0.0,0.6019292604501608
900423,5,0.4,58407.0,0.8203125
900423,3,0.5652173913043478,0.0,0.6941176470588235
900423,6,0.5714285714285714,0.0,0.68
900423,1,0.8666666666666667,25085.0,1.0
900423,2,0.6470588235294118,25426.0,0.666030534351145
900423,4,0.58,0.0,0.9074074074074074
901198,1,0.0,9636.0,0.3590836441129462
901198,2,0.5,68687451936.0,0.6418181818181818
901198,3,0.5,0.0,0.1687315634218289
901198,4,0.25,0.0,0.47123464770523593
901198,5,0.2,18758.0,0.30579531442663377
901198,6,0.0,0.0,0.4580246913580247
901198,7,0.6666666666666666,0.0,0.41864951768488745
904515,2,0.9,32373.0,0.8260869565217391
904515,5,0.5333333333333333,29891.0,0.8074074074074075
904619,1,0.5,28890.0,0.3590836441129462
904619,2,0.5,68687451936.0,0.6418181818181818
904619,3,1.0,0.0,0.1687315634218289
904619,4,0.625,0.0,0.42857142857142855
904619,5,0.0,34162.0,0.30579531442663377
904619,6,0.6666666666666666,0.0,0.4580246913580247
904619,7,0.6666666666666666,0.0,0.490032154340836
906666,2,0.5,22873.0,0.7912087912087912
906666,5,0.5517241379310345,26341.0,0.6760259179265659
921758,1,1.0,34360.0,0.3590836441129462
921758,3,0.5,0.0,0.6306784660766962
921758,4,0.5,0.0,0.47123464770523593
921758,6,1.0,0.0,0.42663378545006164
921758,7,0.3333333333333333,0.0,0.490032154340836
921758,2,0.9,78727.0,0.7470588235294118
921758,5,0.5714285714285714,32401.0,0.4729241877256318
934487,5,0.7045454545454546,58747.0,0.6923076923076923
935388,1,0.5,68687451936.0,0.7896440129449838
935388,2,0.3333333333333333,26194.0,0.6830601092896175
935388,5,0.4666666666666667,120681.0,0.5355871886120996
939887,5,0.42857142857142855,16225.0,0.6153846153846154
939887,1,0.7777777777777778,36610.0,0.8705882352941177
939887,2,1.0,758821.0,0.5661764705882353
939887,6,0.6363636363636364,0.0,0.717741935483871
952772,1,1.0,30902.0,0.3590836441129462
952772,2,0.5,68687451936.0,0.6418181818181818
952772,3,1.0,0.0,0.1687315634218289
952772,4,0.625,0.0,0.47123464770523593
952772,6,1.0,0.0,0.4580246913580247
952772,7,1.0,0.0,0.41864951768488745
952772,5,0.6470588235294118,26203.0,0.7435897435897436
975595,7,0.5714285714285714,0.0,0.5217391304347826
975595,4,0.6290322580645161,0.0,0.819672131147541
975595,6,0.5333333333333333,0.0,0.8989547038327527
975595,3,0.5894736842105263,0.0,1.0
975595,2,0.7,2373325188.0,0.666030534351145
975595,1,0.5454545454545454,41256.0,0.7777777777777778
975595,5,0.61248654467169,17651.0,0.5242718446601942
983864,1,0.7586206896551724,22391.0,0.3608490566037736
983864,3,0.5,0.0,0.6312684365781711
983864,4,0.125,0.0,0.5533290239172592
983864,6,0.6666666666666666,0.0,0.4067796610169492
983864,7,0.3333333333333333,0.0,0.6019292604501608
983864,5,0.5530973451327433,17290.0,0.5666666666666667
983864,2,0.8333333333333334,22825.0,0.8690476190476191
986231,1,0.6,46198.0,0.6385542168674698
986231,2,0.46153846153846156,35801.0,0.6802030456852792
986231,5,0.47368421052631576,20240.0,0.8299065420560747
986231,6,0.6666666666666666,0.0,0.4789473684210526
993627,1,0.4827586206896552,25923.0,0.3608490566037736
994085,1,0.5,68687451936.0,0.9423076923076923
994085,5,0.4,35488.0,0.48148148148148145
994085,2,0.375,47201.0,0.8586956521739131
999270,5,0.6470588235294118,88831.0,0.43209876543209874
999270,2,0.6666666666666666,22632.0,0.6883116883116883
999548,5,0.6666666666666666,40629.0,0.5802469135802469
999548,2,0.42857142857142855,15106796.0,0.7289972899728997
999788,1,1.0,25401.0,0.3590836441129462
999788,3,0.5,0.0,0.6306784660766962
999788,4,0.375,0.0,0.47123464770523593
999788,6,1.0,0.0,0.42663378545006164
999788,7,0.0,0.0,0.41864951768488745
999788,2,0.7619047619047619,18409.0,0.922077922077922
999788,5,0.6623376623376623,32452.0,0.324
1001651,1,0.0,232271.0,0.3590836441129462
1001651,2,0.5,68687451936.0,0.6418181818181818
1001651,3,0.0,0.0,0.6312684365781711
1001651,4,0.375,0.0,0.47123464770523593
1001651,5,0.2,39394.0,0.30579531442663377
1001651,6,0.6666666666666666,0.0,0.6451914098972923
1001651,7,0.0,0.0,0.41864951768488745
1017117,1,1.0,28328.0,0.3590836441129462
1017117,2,0.5,68687451936.0,0.6418181818181818
1017117,3,1.0,0.0,0.6306784660766962
1017117,4,0.375,0.0,0.47123464770523593
1017117,5,0.4,80916.0,0.30579531442663377
1017117,6,0.6666666666666666,0.0,0.4580246913580247
1017117,7,0.3333333333333333,0.0,0.27138263665594853
1024273,7,0.8,0.0,0.8333333333333334
1024273,2,0.6756756756756757,24331.0,0.5598455598455598
1024273,4,0.8297872340425532,0.0,0.3170731707317073
1024273,1,0.9047619047619048,411804.0,0.4951923076923077
1024273,5,0.5882352941176471,38950.0,0.49185667752442996
1024273,6,0.7687074829931972,0.0,0.39655172413793105
1024273,3,0.7757009345794392,0.0,0.6666666666666666
1028074,7,0.3333333333333333,0.0,0.490032154340836
1028074,4,0.6086956521739131,0.0,0.6118143459915611
1028074,3,0.6571428571428571,0.0,0.46
1028074,1,0.6,39626.0,0.7592592592592593
1028074,6,0.5522388059701493,0.0,0.37209302325581395
1028074,2,0.7350993377483444,28587.0,0.968
1028074,5,0.5979381443298969,56940.0,0.7875
1036195,5,0.5555555555555556,37284.0,0.2636363636363636
1047929,1,0.5,25100.0,0.3590836441129462
1047929,2,0.5,68687451936.0,0.6418181818181818
1047929,3,1.0,0.0,0.6306784660766962
1047929,4,0.625,0.0,0.5533290239172592
1047929,6,1.0,0.0,0.6185185185185185
1047929,7,0.6666666666666666,0.0,0.6019292604501608
1047929,5,0.6470588235294118,20820.0,0.6783216783216783
1050559,5,0.4117647058823529,24481.0,0.576271186440678
1055635,1,0.0,22211.0,0.3590836441129462
1055635,2,0.5,68687451936.0,0.6418181818181818
1055635,3,0.5,0.0,0.6312684365781711
1055635,4,0.625,0.0,0.42857142857142855
1055635,6,0.3333333333333333,0.0,0.43137254901960786
1055635,7,0.6666666666666666,0.0,0.27138263665594853
1055635,5,0.2,40793.0,0.8181818181818182
1056138,5,0.3333333333333333,28254.0,0.8110236220472441
1056138,1,0.7777777777777778,36148.0,0.5714285714285714
1060266,1,0.5,68687451936.0,0.9423076923076923
1060266,2,0.5,68687451936.0,0.8905109489051095
1060266,5,0.6428571428571429,36906.0,0.7083333333333334
1067196,2,0.7241379310344828,22921.0,0.5457142857142857
1067196,3,0.6206896551724138,0.0,0.6306784660766962
1067196,4,0.41379310344827586,0.0,0.2764811490125673
1067196,5,0.1724137931034483,19594.0,0.3073286052009456
1067196,6,0.4838709677419355,0.0,0.6243093922651933
1067196,1,0.6410256410256411,33362.0,0.6757990867579908
1072296,5,0.25,2173226730.0,0.634453781512605
1072296,2,0.2,98443.0,0.5061728395061729
1084314,7,0.7777777777777778,0.0,0.7096774193548387
1084314,3,0.8121546961325967,0.0,0.6956521739130435
1084314,4,0.723404255319149,0.0,0.8985507246376812
1084314,1,0.7862903225806451,109501.0,0.8333333333333334
1084314,6,0.8029045643153527,0.0,0.35428571428571426
1084314,5,0.6899038461538461,399724.0,0.41025641025641024
1084314,2,0.7728658536585366,29166.0,0.5859375
1095490,5,0.47368421052631576,4832098010.0,0.3639705882352941
1095916,6,0.7407407407407407,0.0,0.7855072463768116
1095916,2,0.6666666666666666,69451.0,0.297153024911032
1095916,5,0.59375,131255.0,0.5230769230769231
1097555,2,0.5,68687451936.0,0.6777493606138107
1097555,5,0.4666666666666667,13168.0,0.76
1097555,1,1.0,25605.0,0.9241071428571429
1102335,5,0.7894736842105263,23878.0,0.5091575091575091
1102335,2,0.9,18514.0,0.5907990314769975
1108148,3,0.0,0.0,0.6306784660766962
1108148,2,0.6858974358974359,37474.0,0.7058823529411765
1108148,5,0.5515463917525774,273150948.0,0.7831325301204819
1108398,1,0.5,26935.0,0.3590836441129462
1108398,2,0.5,68687451936.0,0.6418181818181818
1108398,3,0.0,0.0,0.1687315634218289
1108398,4,0.0,0.0,0.5533290239172592
1108398,5,0.0,17202.0,0.30579531442663377
1108398,6,0.0,0.0,0.47619047619047616
1108398,7,0.3333333333333333,0.0,0.6019292604501608
1110924,6,0.7307692307692307,0.0,0.8136363636363636
1110924,1,0.5,68687451936.0,0.4951923076923077
1110924,2,0.5434782608695652,142464.0,0.8341013824884793
1110924,5,0.4634146341463415,232059344.0,0.5466666666666666
1111114,1,0.9,49264.0,0.8270676691729323
1111114,2,0.7142857142857143,18550.0,0.36306729264475746
1111114,3,0.75,0.0,0.5769230769230769
1111114,5,0.5808823529411765,33666.0,0.7073170731707317
1111114,4,1.0,0.0,0.8492063492063492
1111114,6,0.711864406779661,0.0,0.5542168674698795
1111114,7,0.5714285714285714,0.0,0.8833333333333333
1121464,1,0.5,68687451936.0,0.8131868131868132
1121464,2,0.9,21687.0,0.8031746031746032
1121464,5,0.375,19273.0,0.125
1123921,2,0.5384615384615384,27610.0,0.4612546125461255
1123921,5,0.6111111111111112,27333.0,0.7444933920704846
1124549,1,0.5,68687451936.0,0.8131868131868132
1124549,5,0.5,22014.0,0.6935483870967742
1124549,2,0.35714285714285715,43125.0,0.7845433255269321
1135162,2,0.6086956521739131,15494.0,0.5573033707865168
1135162,5,0.53125,29854.0,0.6054054054054054
1161058,5,0.6,33215.0,0.5022222222222222
1163195,2,0.0,54359.0,0.6812933025404158
1163195,5,0.2,20879.0,0.7441860465116279
1167105,5,0.4166666666666667,16346.0,0.47540983606557374
1167105,2,0.6896551724137931,23373.0,0.5607814761215629
1173490,1,0.5,68687451936.0,0.7896440129449838
1173490,2,0.8396946564885496,51338.0,0.5894308943089431
1173490,5,0.5436241610738255,32629.0,0.46153846153846156
1181558,1,0.5,68687451936.0,0.9285714285714286
1181558,5,0.5263157894736842,65761.0,0.6060606060606061
1186307,3,0.8571428571428571,0.0,0.5873015873015873
1186307,6,0.8518518518518519,0.0,0.2555066079295154
1186307,4,0.6153846153846154,0.0,0.8492063492063492
1186307,7,0.7941176470588235,0.0,0.48717948717948717
1186307,1,0.6724137931034483,17185.0,0.458041958041958
1186307,5,0.48507462686567165,13818.0,0.45161290322580644
1189852,6,0.6666666666666666,0.0,0.6063348416289592
1189852,5,0.6363636363636364,53826.0,0.7857142857142857
1189852,2,0.6451612903225806,44753.0,0.5894308943089431
1189852,7,0.5,0.0,0.6481481481481481
1192857,2,0.5,68687451936.0,0.6418181818181818
1192857,3,0.5,0.0,0.6306784660766962
1192857,4,0.125,0.0,0.47123464770523593
1192857,5,0.0,3090.0,0.30579531442663377
1192857,6,0.0,0.0,0.2726423902894491
1192857,7,0.3333333333333333,0.0,0.41864951768488745
1192857,1,0.8181818181818182,48437.0,0.9433962264150944
1195093,2,0.7894736842105263,42420.0,0.47368421052631576
1195093,5,0.5789473684210527,26040.0,0.6303317535545023
1214143,7,0.8918918918918919,0.0,0.8175182481751825
1214143,2,0.6811594202898551,470878.0,0.74
1214143,3,0.7586206896551724,0.0,0.8762376237623762
1214143,1,0.7555555555555555,76833.0,0.5923566878980892
1214143,6,0.7454545454545455,0.0,0.8222222222222222
1214143,4,0.676923076923077,0.0,0.4117647058823529
1214143,5,0.5169491525423728,21775.0,0.7272727272727273
1214923,2,1.0,19435.0,0.7866666666666666
1214923,5,0.4666666666666667,51479.0,0.720292504570384
1219129,1,1.0,25121.0,0.3590836441129462
1219129,2,0.5,68687451936.0,0.6418181818181818
1219129,3,0.5,0.0,0.6306784660766962
1219129,4,0.25,0.0,0.47123464770523593
1219129,5,0.4,16531.0,0.30579531442663377
1219129,6,0.6666666666666666,0.0,0.47619047619047616
1219129,7,0.3333333333333333,0.0,0.6019292604501608
1222551,3,0.6,0.0,0.6306784660766962
1222551,6,0.42857142857142855,0.0,0.4580246913580247
1222551,1,0.3333333333333333,176961740.0,0.4174336762317271
1222551,4,0.5652173913043478,0.0,0.5533290239172592
1222551,7,0.7272727272727273,0.0,0.6019292604501608
1222551,5,0.6737588652482269,70341.0,0.6721311475409836
1222551,2,0.7924528301886793,22064.0,0.6457627118644068
1228203,1,0.5,68687451936.0,0.7905405405405406
1228203,6,0.5185185185185185,0.0,0.8590604026845637
1228203,5,0.6666666666666666,18570.0,0.5616438356164384
1232090,7,1.0,0.0,0.8888888888888888
1232090,1,0.9615384615384616,27936.0,0.7625
1232090,2,0.8620689655172413,34223.0,0.3339130434782609
1232090,3,0.9375,0.0,0.5727272727272728
1232090,6,0.8717948717948718,0.0,0.8224852071005917
1232090,5,0.7637795275590551,35009.0,0.5
1232090,4,0.8548387096774194,0.0,0.65
1243813,5,0.40816326530612246,150073.0,0.7469879518072289
1243813,2,0.6,28148.0,0.8774617067833698
1244479,3,0.0,0.0,0.6312684365781711
1244479,4,0.25,0.0,0.5533290239172592
1244479,7,0.3333333333333333,0.0,0.6019292604501608
1244479,6,0.5714285714285714,0.0,0.6705202312138728
1244479,2,0.9333333333333333,26086.0,0.753315649867374
1244479,1,0.8666666666666667,1572911041.0,0.8292682926829268
1244479,5,0.7948717948717948,33950.0,0.7926829268292683
1250518,1,0.0,20792.0,0.3590836441129462
1250518,3,0.5,0.0,0.6312684365781711
1250518,4,0.125,0.0,0.5533290239172592
1250518,6,0.0,0.0,0.6451914098972923
1250518,7,0.3333333333333333,0.0,0.27138263665594853
1250518,2,0.55,43514.0,0.9113924050632911
1250518,5,0.25,54481.0,0.75
1250993,1,1.0,25568.0,0.3590836441129462
1250993,2,0.5,68687451936.0,0.6418181818181818
1250993,3,0.0,0.0,0.1687315634218289
1250993,4,0.25,0.0,0.47123464770523593
1250993,5,0.0,39588.0,0.30579531442663377
1250993,6,0.3333333333333333,0.0,0.6451914098972923
1250993,7,0.3333333333333333,0.0,0.6019292604501608
1254732,1,1.0,51628.0,0.3590836441129462
1254732,2,0.5,68687451936.0,0.6418181818181818
1254732,3,0.5,0.0,0.6312684365781711
1254732,4,0.625,0.0,0.47123464770523593
1254732,5,0.6,64668.0,0.30579531442663377
1254732,6,0.6666666666666666,0.0,0.4580246913580247
1254732,7,0.3333333333333333,0.0,0.41864951768488745
1255931,1,0.5333333333333333,63410.0,0.4951923076923077
1255931,2,0.6567164179104478,192993.0,0.3875968992248062
1255931,5,0.7088607594936709,76959.0,0.5769230769230769
1255931,7,0.6808510638297872,0.0,0.4326923076923077
1255931,6,0.6506024096385542,0.0,0.6686746987951807
1255931,4,0.7164179104477612,0.0,0.43333333333333335
1255931,3,0.5671641791044776,0.0,0.8
1260634,1,1.0,42833.0,0.3590836441129462
1260634,2,0.5,68687451936.0,0.6418181818181818
1260634,3,1.0,0.0,0.1687315634218289
1260634,4,0.875,0.0,0.47123464770523593
1260634,6,1.0,0.0,0.42663378545006164
1260634,7,0.6666666666666666,0.0,0.6019292604501608
1260634,5,0.5555555555555556,51223.0,0.15714285714285714
1263038,1,1.0,21434.0,0.9553571428571429
1263038,2,0.7272727272727273,26197.0,0.8649921507064364
1263038,5,0.6428571428571429,21898.0,0.3170731707317073
1272775,7,0.76,0.0,0.8111888111888111
1272775,1,0.7708333333333334,31388.0,0.638095238095238
1272775,2,0.7241379310344828,29644.0,0.7436708860759493
1272775,3,0.6595744680851063,0.0,0.7538461538461538
1272775,4,0.7116788321167883,0.0,0.76
1272775,5,0.6956521739130435,48140.0,0.782608695652174
1272775,6,0.7472527472527473,0.0,0.6769911504424779
1273434,1,0.0,28052.0,0.3590836441129462
1273434,2,0.5,68687451936.0,0.6418181818181818
1273434,3,0.5,0.0,0.1687315634218289
1273434,4,0.125,0.0,0.47123464770523593
1273434,5,0.6,45183.0,0.30579531442663377
1273434,6,0.3333333333333333,0.0,0.42663378545006164
1273434,7,0.0,0.0,0.41864951768488745
1273629,5,0.5,45803.0,0.5864661654135338
1273629,2,0.6666666666666666,27482.0,0.8649921507064364
1282581,2,0.8164251207729468,22216.0,0.8224852071005917
1282581,1,0.8716475095785441,28404.0,0.7931034482758621
1282581,3,0.8364485981308412,0.0,0.6703296703296703
1282581,6,0.8191800878477306,0.0,0.5172413793103449
1282581,7,0.8202764976958525,0.0,0.75
1282581,5,0.7178743961352657,21968.0,0.8292682926829268
1282581,4,0.807799442896936,0.0,0.811965811965812
1282716,2,0.5,68687451936.0,0.6418181818181818
1282716,3,0.5,0.0,0.6306784660766962
1282716,4,0.375,0.0,0.5533290239172592
1282716,5,0.4,11699.0,0.30579531442663377
1282716,6,0.3333333333333333,0.0,0.47619047619047616
1282716,7,0.3333333333333333,0.0,0.6019292604501608
1282716,1,0.6153846153846154,627364.0,0.9423076923076923
1283277,3,0.7142857142857143,0.0,0.6666666666666666
1283277,4,0.5454545454545454,0.0,0.7586206896551724
1283277,5,0.4030612244897959,15868.0,0.4482758620689655
1283277,1,0.6567164179104478,31289.0,0.6865671641791045
1283277,2,0.5909090909090909,35286.0,0.5684647302904564
1283420,7,0.7979274611398963,0.0,0.7727272727272727
1283420,6,0.787719298245614,0.0,0.7796610169491526
1283420,5,0.6908990011098779,129917.0,0.35185185185185186
1283420,1,0.9376731301939059,68294.0,0.7575757575757576
1283420,2,0.8842039018250472,50596.0,0.7136752136752137
1283420,3,0.8933333333333333,0.0,0.8484848484848485
1283420,4,0.8417200365965233,0.0,0.9038461538461539
1290970,5,0.41025641025641024,78892.0,0.7010309278350515
1290970,7,0.0,0.0,1.0
1290970,6,0.5714285714285714,0.0,0.7878787878787878
1298591,1,0.5,68687451936.0,0.5697674418604651
1298591,2,0.8205128205128205,69662.0,0.6403785488958991
1298591,5,0.6666666666666666,60397.0,0.5263157894736842
1308136,1,0.0,8118449.0,0.3590836441129462
1308136,3,0.0,0.0,0.1687315634218289
1308136,4,0.25,0.0,0.5533290239172592
1308136,6,0.3333333333333333,0.0,0.6451914098972923
1308136,7,0.0,0.0,0.6019292604501608
1308136,5,0.2,9482.0,0.4186046511627907
1308136,2,0.48,21849.0,0.7734375
1321608,1,0.5,5959103867.0,0.3590836441129462
1321608,5,0.5,16341.0,0.47368421052631576
1321608,2,0.7,25002.0,0.6777493606138107
1335448,1,1.0,27102.0,0.3590836441129462
1335448,2,0.5,68687451936.0,0.6418181818181818
1335448,3,0.5,0.0,0.1687315634218289
1335448,4,0.25,0.0,0.5533290239172592
1335448,5,0.2,16934.0,0.30579531442663377
1335448,6,0.3333333333333333,0.0,0.828395061728395
1335448,7,0.6666666666666666,0.0,0.41864951768488745
1345698,5,0.43137254901960786,42075.0,0.7142857142857143
1359985,6,0.6774193548387096,0.0,0.580110497237569
1359985,7,0.7333333333333333,0.0,0.78
1359985,1,0.7948717948717948,60869.0,0.8382978723404255
1359985,2,0.7692307692307693,44429.0,0.4627450980392157
1359985,3,0.6610169491525424,0.0,0.9558823529411765
1359985,4,0.5789473684210527,0.0,0.7058823529411765
1359985,5,0.4225352112676056,40473.0,0.5364583333333334
1360462,1,0.5,68687451936.0,0.6071428571428571
1360462,5,0.0,13501.0,0.6301369863013698
1360462,2,0.5,68687451936.0,0.6403785488958991
1369719,1,0.5,25148.0,0.3590836441129462
1369719,2,0.5,68687451936.0,0.6418181818181818
1369719,3,0.5,0.0,0.6306784660766962
1369719,4,0.5,0.0,0.5533290239172592
1369719,6,0.6666666666666666,0.0,0.4580246913580247
1369719,7,0.6666666666666666,0.0,0.41864951768488745
1369719,5,0.6382978723404256,33365.0,0.4841549295774648
1370238,5,0.4444444444444444,35101.0,0.7348484848484849
1370238,2,0.7,30607.0,0.7697841726618705
1375288,1,0.5,68687451936.0,0.9629629629629629
1375288,2,0.9142857142857143,22690.0,0.65
1375288,5,0.8,51799.0,0.7165354330708661
1376415,2,0.5,315774.0,0.6830601092896175
1376415,5,0.6382978723404256,22610.0,0.64
1379421,1,0.8604651162790697,258321539.0,0.5962059620596206
1379421,2,0.9047619047619048,39955.0,0.7912087912087912
1379421,5,0.6470588235294118,63424.0,0.304
1380215,5,0.35714285714285715,28344.0,0.8392857142857143
1380215,2,0.7272727272727273,31539.0,0.7388781431334622
1384495,1,0.5,40991.0,0.3590836441129462
1384495,3,1.0,0.0,0.1687315634218289
1384495,4,0.0,0.0,0.5533290239172592
1384495,6,0.3333333333333333,0.0,0.6451914098972923
1384495,7,0.6666666666666666,0.0,0.490032154340836
1384495,5,0.52,31634.0,0.7692307692307693
1384495,2,0.5,22987.0,0.7912087912087912
1388172,1,1.0,72185.0,0.3590836441129462
1388172,3,0.5,0.0,0.6312684365781711
1388172,4,0.625,0.0,0.5533290239172592
1388172,6,1.0,0.0,0.828395061728395
1388172,7,1.0,0.0,0.27138263665594853
1388172,5,0.4,69884.0,0.6326530612244898
1388172,2,0.8,46306.0,0.5688888888888889
1400354,5,0.578125,51030.0,0.6611295681063123
1400354,2,0.6382978723404256,35723.0,0.5245901639344263
1400354,1,0.8292682926829268,28665.0,0.697508896797153
1409904,5,0.5454545454545454,16811.0,0.7786885245901639
1409904,2,0.7032967032967034,20090.0,0.6410256410256411
1411218,5,0.25,57683190.0,0.5909090909090909
1411218,2,0.8181818181818182,86772.0,0.925
1413699,1,0.5,31159.0,0.3590836441129462
1413699,2,0.5,68687451936.0,0.6418181818181818
1413699,3,1.0,0.0,0.6312684365781711
1413699,4,0.375,0.0,0.47123464770523593
1413699,5,0.6,14695.0,0.30579531442663377
1413699,6,0.6666666666666666,0.0,0.4580246913580247
1413699,7,0.6666666666666666,0.0,0.490032154340836
1416488,1,0.5,31028.0,0.3590836441129462
1416488,2,0.5,68687451936.0,0.6418181818181818
1416488,3,0.5,0.0,0.6306784660766962
1416488,4,0.25,0.0,0.47123464770523593
1416488,5,0.2,62897.0,0.30579531442663377
1416488,6,0.3333333333333333,0.0,0.6185185185185185
1416488,7,1.0,0.0,0.27138263665594853
1440282,6,0.6666666666666666,0.0,0.47619047619047616
1440282,7,0.0,0.0,0.6019292604501608
1440282,3,0.4,0.0,0.1687315634218289
1440282,4,0.5454545454545454,0.0,0.2764811490125673
1440282,1,0.6666666666666666,10882234177.0,0.3590836441129462
1440282,2,0.8607120549656465,23592.0,0.5076923076923077
1440282,5,0.7349397590361446,27151.0,0.5970149253731343
1455954,6,0.6666666666666666,0.0,0.43137254901960786
1455954,7,0.6666666666666666,0.0,0.27138263665594853
1455954,2,0.8,89501.0,0.9223300970873787
1455954,1,0.7142857142857143,307992.0,0.8211382113821138
1455954,3,0.7647058823529411,0.0,0.75
1455954,4,0.7,0.0,0.8275862068965517
1455954,5,0.5142857142857142,19609.0,0.718562874251497
1459301,1,0.5,23619.0,0.3590836441129462
1459301,2,0.5,68687451936.0,0.6418181818181818
1459301,3,0.0,0.0,0.6312684365781711
1459301,4,0.375,0.0,0.5533290239172592
1459301,6,0.3333333333333333,0.0,0.6451914098972923
1459301,7,0.6666666666666666,0.0,0.27138263665594853
1459301,5,0.6666666666666666,52367.0,0.6896551724137931
1470345,2,0.6692307692307692,26329.0,0.7702702702702703
1470345,5,0.584,38389.0,0.7
1474048,5,0.15384615384615385,26852.0,0.6625766871165644
1474048,2,0.375,24960.0,0.816793893129771
1474048,1,0.684931506849315,28767.0,0.7905405405405406
1474048,6,0.14285714285714285,0.0,0.7396449704142012
1483599,1,0.5,68687451936.0,0.9195402298850575
1483599,2,0.0,48914.0,0.7954545454545454
1483599,5,0.5714285714285714,51109.0,0.717852684144819
1502650,4,0.0,0.0,0.36
1502650,2,0.6451612903225806,26797.0,0.7142857142857143
1502650,1,0.6875,31038.0,0.6625
1502650,5,0.6691176470588235,28293.0,0.6811594202898551
1504352,1,0.5,24047.0,0.3590836441129462
1504352,2,0.5,68687451936.0,0.6418181818181818
1504352,3,0.5,0.0,0.1687315634218289
1504352,4,0.375,0.0,0.42857142857142855
1504352,5,0.2,10816.0,0.30579531442663377
1504352,6,0.0,0.0,0.47619047619047616
1504352,7,0.3333333333333333,0.0,0.6019292604501608
1510277,6,0.5714285714285714,0.0,0.6482213438735178
1510277,1,0.75,100809205.0,0.641399416909621
1510277,2,0.8888888888888888,85239.0,0.7697841726618705
1510277,5,0.6160714285714286,72997.0,0.4418604651162791
1512827,1,1.0,21906.0,0.3590836441129462
1512827,3,0.0,0.0,0.6306784660766962
1512827,4,0.125,0.0,0.5533290239172592
1512827,6,1.0,0.0,0.43137254901960786
1512827,7,0.0,0.0,0.490032154340836
1512827,2,0.85,25725.0,0.5607814761215629
1512827,5,0.6052631578947368,47062.0,0.6733333333333333
1515810,1,0.5,25697.0,0.3590836441129462
1515810,2,0.5,68687451936.0,0.6418181818181818
1515810,3,1.0,0.0,0.6306784660766962
1515810,4,0.0,0.0,0.42857142857142855
1515810,5,0.2,29808.0,0.30579531442663377
1515810,6,0.6666666666666666,0.0,0.47619047619047616
1515810,7,0.3333333333333333,0.0,0.27138263665594853
1520417,2,0.5,68687451936.0,0.6777493606138107
1520417,5,0.2631578947368421,13575.0,0.7596153846153846
1524501,1,0.5,21535.0,0.3590836441129462
1524501,2,0.5,68687451936.0,0.6418181818181818
1524501,3,0.0,0.0,0.6306784660766962
1524501,4,0.25,0.0,0.47123464770523593
1524501,6,0.3333333333333333,0.0,0.2726423902894491
1524501,7,0.3333333333333333,0.0,0.27138263665594853
1524501,5,0.27586206896551724,94704.0,0.4883720930232558
1524635,2,0.0,155320.0,0.6926406926406926
1524635,5,0.38095238095238093,26947.0,0.8292682926829268
1526071,1,1.0,21438.0,0.3590836441129462
1526071,2,0.5,68687451936.0,0.6418181818181818
1526071,3,0.0,0.0,0.6312684365781711
1526071,4,0.5,0.0,0.5533290239172592
1526071,5,0.2,68880.0,0.30579531442663377
1526071,6,1.0,0.0,0.2726423902894491
1526071,7,0.3333333333333333,0.0,0.41864951768488745
1527051,2,0.5,68687451936.0,0.8905109489051095
1527051,5,0.3333333333333333,53448.0,0.6659877800407332
1533993,1,0.5,28902.0,0.3590836441129462
1533993,3,0.5,0.0,0.6306784660766962
1533993,4,0.5,0.0,0.5533290239172592
1533993,6,0.6666666666666666,0.0,0.6185185185185185
1533993,7,0.3333333333333333,0.0,0.41864951768488745
1533993,2,0.7763578274760383,24041.0,0.8076923076923077
1533993,5,0.6612529002320185,98935.0,0.5869565217391305
1534072,4,0.42857142857142855,0.0,0.6
1534072,3,0.7688679245283019,0.0,0.4036144578313253
1534072,1,0.8206896551724138,29028.0,0.8939393939393939
1534072,2,0.7586206896551724,22675.0,0.56353591160221
1534072,6,0.7571428571428571,0.0,0.9175257731958762
1534072,5,0.6737132352941176,147813832.0,0.48
1534292,1,1.0,26329.0,0.3590836441129462
1534292,2,0.5,68687451936.0,0.6418181818181818
1534292,3,1.0,0.0,0.1687315634218289
1534292,4,0.8,0.0,0.2194668319900806
1544271,4,0.9285714285714286,0.0,0.8006872852233677
1544271,3,1.0,0.0,0.6108374384236454
1544271,7,0.8846153846153846,0.0,0.5161290322580645
1544271,6,0.8260869565217391,0.0,0.5542168674698795
1544271,2,0.918918918918919,25753.0,0.782051282051282
1544271,1,0.8260869565217391,34174.0,0.5954415954415955
1544271,5,0.7674418604651163,73378.0,0.516504854368932
1546298,6,1.0,0.0,0.808
1546298,2,0.8,22915.0,0.7790697674418605
1546298,5,0.6984126984126984,70264.0,0.6851851851851852
1547989,1,0.0,27445.0,0.3590836441129462
1547989,2,0.5,68687451936.0,0.6418181818181818
1547989,3,0.0,0.0,0.6306784660766962
1547989,4,0.0,0.0,0.5533290239172592
1547989,5,0.0,11325.0,0.30579531442663377
1547989,6,0.6666666666666666,0.0,0.47619047619047616
1547989,7,0.3333333333333333,0.0,0.490032154340836
1551204,4,0.25,0.0,0.5533290239172592
1551204,6,0.3333333333333333,0.0,0.2726423902894491
1551204,7,0.0,0.0,0.6019292604501608
1551204,1,0.8181818181818182,39340.0,0.8141025641025641
1551204,2,0.8571428571428571,13514349023.0,0.8157894736842105
1551204,3,0.7586206896551724,0.0,0.5753424657534246
1551204,5,0.7047619047619048,136744.0,0.5150375939849624
1567171,5,0.5,41454.0,0.19166666666666668
1567171,2,0.5,31591.0,0.7388781431334622
1567938,6,0.6666666666666666,0.0,0.6779661016949152
1567938,7,1.0,0.0,0.41864951768488745
1567938,4,0.6615384615384615,0.0,0.9084967320261438
1567938,3,0.7578947368421053,0.0,0.9397590361445783
1567938,1,0.834061135371179,1225041169.0,0.9090909090909091
1567938,5,0.6677215189873418,3732829.0,0.6166666666666667
1567938,2,0.7779868297271872,58809.0,0.7887323943661971
1581647,5,0.625,40146.0,0.5875576036866359
1581647,3,0.5,0.0,0.5
1581647,1,0.777027027027027,84725.0,1.0
1581647,2,0.75,38346.0,0.847682119205298
1586606,1,0.5,24970.0,0.3590836441129462
1586606,3,0.5,0.0,0.6306784660766962
1586606,4,0.375,0.0,0.5533290239172592
1586606,5,0.2,3907.0,0.30579531442663377
1586606,6,0.3333333333333333,0.0,0.42663378545006164
1586606,7,0.3333333333333333,0.0,0.41864951768488745
1586606,2,0.42857142857142855,18492.0,0.7912087912087912
1602506,5,0.3125,25787.0,0.5230769230769231
1603280,1,0.5,26360.0,0.3590836441129462
1603280,2,0.5,68687451936.0,0.6418181818181818
1603280,3,0.5,0.0,0.6306784660766962
1603280,4,0.5,0.0,0.42857142857142855
1603280,5,0.4,17184.0,0.30579531442663377
1603280,6,0.3333333333333333,0.0,0.4580246913580247
1603280,7,0.6666666666666666,0.0,0.490032154340836
1606522,2,0.6068965517241379,27140.0,0.7368421052631579
1606522,5,0.48484848484848486,191741.0,0.30579531442663377
1609213,1,1.0,26945.0,0.3590836441129462
1609213,2,0.5,68687451936.0,0.6418181818181818
1609213,3,0.0,0.0,0.6306784660766962
1609213,4,0.2,0.0,0.24426534407935524
1609709,7,0.5652173913043478,0.0,0.6
1609709,1,0.8,112919.0,0.8461538461538461
1609709,5,0.34782608695652173,123320.0,0.6056910569105691
1615012,1,0.5714285714285714,41752.0,0.9245283018867925
1615012,2,0.7692307692307693,29791.0,0.3655913978494624
1615012,5,0.5339805825242718,34397.0,0.5375722543352601
1618701,2,0.36363636363636365,18021.0,0.780952380952381
1618701,5,0.375,20938.0,0.6363636363636364
1638301,1,0.7586206896551724,33588.0,0.3608490566037736
1638301,2,0.5862068965517241,19693.0,0.5457142857142857
1647850,1,0.8275862068965517,27186.0,0.3608490566037736
1647850,5,0.3563218390804598,56165.0,0.5
1648234,2,0.5555555555555556,23548.0,0.8773584905660378
1648234,5,0.75,40248.0,0.423728813559322
1657235,5,0.5928571428571429,116773.0,0.6179775280898876
1657235,2,0.5968109339407744,111895606.0,0.7005988023952096
1666114,1,0.5,20304.0,0.3590836441129462
1666114,2,0.5,68687451936.0,0.6418181818181818
1666114,3,0.5,0.0,0.6306784660766962
1666114,4,0.0,0.0,0.47123464770523593
1666114,6,0.3333333333333333,0.0,0.2726423902894491
1666114,7,0.3333333333333333,0.0,0.490032154340836
1666114,5,0.4666666666666667,17245.0,0.6486486486486487
1668190,1,0.5,33913.0,0.3590836441129462
1668190,2,0.5,68687451936.0,0.6418181818181818
1668190,3,0.0,0.0,0.6312684365781711
1668190,4,0.25,0.0,0.5533290239172592
1668190,6,0.3333333333333333,0.0,0.6451914098972923
1668190,7,0.0,0.0,0.41864951768488745
1668190,5,0.4117647058823529,69585.0,0.7316017316017316
1674014,2,0.5,68687451936.0,0.6418181818181818
1674014,3,0.0,0.0,0.6312684365781711
1674014,4,0.5,0.0,0.47123464770523593
1674014,5,0.6181818181818182,83515.0,0.4484304932735426
1674014,6,0.6857142857142857,0.0,0.7083333333333334
1674014,1,0.8214285714285714,43517.0,0.8305084745762712
1674014,7,0.7368421052631579,0.0,0.7552447552447552
1681618,1,0.5,68687451936.0,0.9423076923076923
1681618,5,0.6,41816.0,0.43209876543209874
1707189,3,0.5,0.0,0.5222222222222223
1707189,4,0.375,0.0,0.85
1707189,6,0.573170731707317,0.0,0.5857988165680473
1707189,1,0.5844155844155844,58806.0,0.8909090909090909
1707189,7,0.625,0.0,0.47619047619047616
1707189,5,0.5163636363636364,139552.0,0.4868421052631579
1707189,2,0.5128205128205128,13139792302.0,0.297153024911032
1710599,5,0.3333333333333333,13008.0,0.7042801556420234
1710599,2,0.4,17009.0,0.7293233082706767
1713365,5,0.3333333333333333,73174.0,0.7046632124352331
1713365,2,0.45454545454545453,145312.0,0.5816326530612245
1716032,1,0.5,31905.0,0.3590836441129462
1716032,3,0.5,0.0,0.6312684365781711
1716032,4,0.375,0.0,0.47123464770523593
1716032,6,0.3333333333333333,0.0,0.2726423902894491
1716032,7,0.6666666666666666,0.0,0.41864951768488745
1716032,5,0.68,14626.0,0.8166666666666667
1716032,2,0.6666666666666666,21978.0,0.5688888888888889
1722494,1,0.0,32009.0,0.3590836441129462
1722494,2,0.5,68687451936.0,0.6418181818181818
1722494,3,0.0,0.0,0.1687315634218289
1722494,4,0.0,0.0,0.5533290239172592
1722494,5,0.4,6659.0,0.30579531442663377
1722494,6,0.0,0.0,0.6451914098972923
1722494,7,0.3333333333333333,0.0,0.490032154340836
1724578,6,1.0,0.0,0.746606334841629
1724578,5,0.8095238095238095,29094.0,0.8205128205128205
1724578,2,0.5555555555555556,53444.0,0.3339130434782609
1726369,1,0.5,18813.0,0.3590836441129462
1726369,3,0.0,0.0,0.6306784660766962
1726369,4,0.5,0.0,0.5533290239172592
1726369,6,0.0,0.0,0.6451914098972923
1726369,7,0.0,0.0,0.41864951768488745
1726369,5,0.6,45798.0,0.7316017316017316
1726369,2,0.5294117647058824,25509.0,0.7307692307692307
1733698,4,0.42857142857142855,0.0,0.6470588235294118
1733698,1,0.8269230769230769,20436.0,0.8148148148148148
1733698,2,0.7894736842105263,97143.0,0.6533333333333333
1733698,5,0.4,24297.0,0.7414634146341463
1744476,1,0.5,68687451936.0,0.9291338582677166
1744476,5,0.3,22716.0,0.6464646464646465
1746406,1,0.5,68687451936.0,0.37637362637362637
1746406,2,0.7073170731707317,29918.0,0.7847222222222222
1746406,5,0.6194331983805668,19570.0,0.7142857142857143
1749842,1,0.5,68687451936.0,0.8132427843803056
1749842,2,0.5,68687451936.0,0.7358490566037735
1749842,5,0.5714285714285714,49681.0,0.7272727272727273
1760454,1,0.5,24196.0,0.3590836441129462
1760454,3,0.5,0.0,0.1687315634218289
1760454,4,0.5,0.0,0.2770795930580491
1760454,6,0.3333333333333333,0.0,0.4067796610169492
1760454,5,0.4,25985.0,0.2896865520728008
1760454,7,0.6666666666666666,0.0,0.41864951768488745
1760454,2,0.85,15269.0,0.9072847682119205
1765772,7,0.6363636363636364,0.0,0.8148148148148148
1765772,1,0.7707006369426752,32606.0,0.9495798319327731
1765772,2,0.6830601092896175,22213.0,0.8252427184466019
1765772,3,0.7204968944099379,0.0,0.6094674556213018
1765772,4,0.6456310679611651,0.0,0.7286821705426356
1765772,5,0.443010752688172,41507.0,0.3709677419354839
1765772,6,0.5548902195608783,0.0,0.7631578947368421
1772157,2,0.8333333333333334,25472.0,0.8210526315789474
1772157,5,0.7272727272727273,51206.0,0.6666666666666666
1779810,2,0.25,22908.0,0.7083333333333334
1779810,5,0.45454545454545453,26418.0,0.7210682492581603
1807727,2,0.6336448598130842,23230.0,0.78
1807727,5,0.5804274465691789,20119.0,0.6491803278688525
1820155,1,0.5909090909090909,25546.0,0.8571428571428571
1820155,2,0.6,35073.0,0.48663101604278075
1820155,3,0.7241379310344828,0.0,0.94
1820155,4,0.7142857142857143,0.0,0.9122807017543859
1820155,5,0.7058823529411765,40482.0,0.5076252723311547
1820155,6,0.8181818181818182,0.0,0.7396449704142012
1820155,7,0.8571428571428571,0.0,0.717391304347826
1822782,1,0.6842105263157895,30677.0,0.875
1822782,6,0.5714285714285714,0.0,0.8571428571428571
1822782,7,0.8,0.0,0.5555555555555556
1822782,3,0.5,0.0,0.6694915254237288
1822782,2,0.66,32039.0,0.9090909090909091
1822782,5,0.5083333333333333,19265.0,0.7538461538461538
1823042,1,0.5,20184.0,0.3590836441129462
1823042,2,0.5,68687451936.0,0.6418181818181818
1823042,3,0.5,0.0,0.6306784660766962
1823042,4,0.125,0.0,0.47123464770523593
1823042,6,0.6666666666666666,0.0,0.2726423902894491
1823042,7,0.0,0.0,0.27138263665594853
1823042,5,0.2222222222222222,22613.0,0.46774193548387094
1824394,2,0.5,68687451936.0,0.5739644970414202
1824394,1,0.5,68687451936.0,0.3590836441129462
1824394,5,0.3888888888888889,105343.0,0.6607142857142857
1829646,1,1.0,26253.0,0.3590836441129462
1829646,2,0.5,68687451936.0,0.6418181818181818
1829646,3,1.0,0.0,0.1687315634218289
1829646,4,0.625,0.0,0.42857142857142855
1829646,5,0.6,37117.0,0.30579531442663377
1829646,6,0.6666666666666666,0.0,0.42663378545006164
1829646,7,1.0,0.0,0.490032154340836
1830849,1,0.5,25350.0,0.3590836441129462
1830849,2,0.5,68687451936.0,0.6418181818181818
1830849,3,0.5,0.0,0.6312684365781711
1830849,4,0.375,0.0,0.5533290239172592
1830849,5,0.4,46299.0,0.30579531442663377
1830849,6,0.6666666666666666,0.0,0.6185185185185185
1830849,7,0.3333333333333333,0.0,0.6019292604501608
1838802,1,0.8461538461538461,27938.0,0.7736842105263158
1857371,1,0.5,68687451936.0,0.9423076923076923
1857371,2,0.6923076923076923,24894.0,0.4787234042553192
1857371,5,0.5769230769230769,59549.0,0.3258426966292135
1864305,2,0.8,34072.0,0.816793893129771
1864305,5,0.4,26143.0,0.49731663685152055
1864702,7,0.5802469135802469,0.0,0.8852459016393442
1864702,6,0.7146974063400576,0.0,0.6730769230769231
1864702,1,0.6781609195402298,32226.0,0.37637362637362637
1864702,2,0.5729442970822282,35612.0,0.3655913978494624
1864702,3,0.7303370786516854,0.0,1.0
1864702,4,0.7381546134663342,0.0,0.8333333333333334
1864702,5,0.6359223300970874,177006483.0,0.49019607843137253
1880240,1,0.5,68687451936.0,0.9696969696969697
1890634,6,0.7777777777777778,0.0,0.6169354838709677
1890634,1,0.7674418604651163,31955.0,0.7083333333333334
1890634,5,0.4222222222222222,17687.0,0.42424242424242425
1891098,2,0.3333333333333333,22401.0,0.58
1891098,5,0.8333333333333334,27264.0,0.6904761904761905
1891537,5,0.3333333333333333,26882.0,0.48484848484848486
1891537,2,0.4583333333333333,34093.0,0.5457142857142857
1891537,4,0.41379310344827586,0.0,0.9407894736842105
1904297,5,0.5,77786.0,0.5542168674698795
1904297,1,1.0,25598.0,0.8131868131868132
1904297,2,0.3888888888888889,23295.0,0.8650793650793651
1906069,2,1.0,23988.0,0.7699115044247787
1906069,5,0.4666666666666667,20602.0,0.6744186046511628
1917926,1,0.6896551724137931,21017.0,0.3608490566037736
1919994,2,0.43902439024390244,38948.0,0.553072625698324
1919994,5,0.2702702702702703,227271.0,0.3639705882352941
1923215,4,0.125,0.0,0.47123464770523593
1923215,5,0.6,17912.0,0.30579531442663377
1923215,6,0.6666666666666666,0.0,0.828395061728395
1923215,7,0.5714285714285714,0.0,0.27138263665594853
1923215,1,0.782608695652174,47102.0,0.8141025641025641
1923215,2,0.42857142857142855,80553.0,0.5501730103806228
1923215,3,0.5172413793103449,0.0,0.8926553672316384
1927975,2,0.5,42572.0,0.5777777777777777
1927975,1,0.5,68687451936.0,0.4594594594594595
1927975,5,0.75,25220.0,0.196763202725724
1927975,6,1.0,0.0,0.21370967741935484
1946295,1,0.5,25244.0,0.3590836441129462
1950750,5,0.36363636363636365,195629.0,0.7347826086956522
1959138,7,0.3333333333333333,0.0,0.6019292604501608
1959138,3,0.7211538461538461,0.0,0.8235294117647058
1959138,4,0.5172413793103449,0.0,0.6451612903225806
1959138,2,0.7446808510638298,64160.0,0.567032967032967
1959138,1,0.7719298245614035,54463.0,0.7586206896551724
1959138,6,0.7674418604651163,0.0,0.4721311475409836
1959138,5,0.7021857923497268,71029.0,0.6611295681063123
1960671,2,0.5,68687451936.0,0.8352272727272727
1960671,5,0.6666666666666666,58454.0,0.46511627906976744
1962155,7,0.5,0.0,0.627906976744186
1962155,6,0.8,0.0,0.3898305084745763
1962155,1,0.8082191780821918,113591.0,0.9791666666666666
1962155,4,0.75,0.0,0.25925925925925924
1962155,3,0.6645962732919255,0.0,0.6483516483516484
1962155,2,0.8888888888888888,55979.0,0.8235294117647058
1962155,5,0.7571884984025559,76018.0,0.6276150627615062
1963321,2,0.5,58321.0,0.6926406926406926
1963321,6,0.4,0.0,0.7189349112426036
1963321,5,0.4444444444444444,27385.0,0.4612794612794613
1980358,5,0.45454545454545453,60671.0,0.7735849056603774
1980358,2,0.46511627906976744,28916.0,0.6788990825688074
1984659,1,0.5,25939.0,0.3590836441129462
1984659,2,0.5,68687451936.0,0.6418181818181818
1984659,3,0.5,0.0,0.6306784660766962
1984659,4,0.0,0.0,0.5533290239172592
1984659,5,0.0,10858.0,0.30579531442663377
1984659,6,0.3333333333333333,0.0,0.4580246913580247
1984659,7,0.3333333333333333,0.0,0.27138263665594853
1985581,1,0.5,68687451936.0,0.6688741721854304
1985581,5,0.6159420289855072,19285794.0,0.3258426966292135
1985581,2,0.7688172043010753,39787.0,0.5471698113207547
1989232,3,0.4864864864864865,0.0,0.8484848484848485
1989232,4,0.4430379746835443,0.0,0.6666666666666666
1989232,2,0.5284552845528455,31384.0,0.6310344827586207
1989232,5,0.358974358974359,33915.0,0.7147766323024055
1989232,1,0.6666666666666666,31270.0,0.7121212121212122
1996246,4,0.6792452830188679,0.0,0.8035714285714286
1996246,6,0.6170212765957447,0.0,0.8865248226950354
1996246,7,0.6744186046511628,0.0,0.8918918918918919
1996246,5,0.5954198473282443,47583.0,0.8055555555555556
1996246,3,0.576271186440678,0.0,0.575
1996246,1,0.8037383177570093,87474.0,0.5899280575539568
1996246,2,0.697986577181208,76849.0,0.9464285714285714
1998041,1,0.5,68687451936.0,0.7837837837837838
1998041,5,0.5714285714285714,37818.0,0.7733333333333333
1998041,2,0.625,28111.0,0.8939393939393939
2000859,1,0.5,25819.0,0.3590836441129462
2000859,3,0.5,0.0,0.6312684365781711
2000859,4,0.25,0.0,0.5533290239172592
2000859,6,0.3333333333333333,0.0,0.47619047619047616
2000859,7,0.3333333333333333,0.0,0.490032154340836
2000859,2,0.75,28840.0,0.5607814761215629
2000859,5,0.4444444444444444,21324.0,0.5802469135802469
2013856,1,0.5,25286.0,0.3590836441129462
2013856,2,0.5,68687451936.0,0.6418181818181818
2013856,3,0.5,0.0,0.6306784660766962
2013856,4,0.5,0.0,0.42857142857142855
2013856,5,0.6,34542.0,0.30579531442663377
2013856,6,0.6666666666666666,0.0,0.6451914098972923
2013856,7,0.6666666666666666,0.0,0.490032154340836
2019012,2,0.5,68687451936.0,0.581081081081081
2019012,5,0.4444444444444444,44776.0,0.43370165745856354
2019012,4,0.6,0.0,0.25517241379310346
2019012,3,0.9285714285714286,0.0,0.6153846153846154
2019012,1,0.8,71775.0,0.458041958041958
2019581,1,0.0,23968.0,0.3590836441129462
2019581,3,0.5,0.0,0.6312684365781711
2019581,4,0.0,0.0,0.5170556552962298
2019581,2,0.3333333333333333,36116.0,0.6501901140684411
2019581,5,0.5833333333333334,41953.0,0.46774193548387094
2026545,4,0.25,0.0,0.42857142857142855
2026545,2,0.8085106382978723,47287.0,0.8108108108108109
2026545,7,0.625,0.0,0.7419354838709677
2026545,1,0.8035714285714286,25218.0,0.7076271186440678
2026545,3,0.8292682926829268,0.0,0.7413793103448276
2026545,6,0.7373737373737373,0.0,0.7926829268292683
2026545,5,0.7136222910216719,80972.0,0.5811320754716981
2026867,4,0.75,0.0,0.5533290239172592
2026867,6,0.4666666666666667,0.0,0.4166666666666667
2026867,1,0.5555555555555556,48367.0,0.6927083333333334
2026867,7,0.5357142857142857,0.0,0.4887640449438202
2026867,3,0.8076923076923077,0.0,0.7704918032786885
2026867,5,0.5793650793650794,6101828947.0,0.4653679653679654
2026867,2,0.7857142857142857,6404134529.0,0.6062176165803109
2033195,1,0.5,25540.0,0.3590836441129462
2033195,2,0.5,68687451936.0,0.6418181818181818
2033195,3,0.5,0.0,0.6306784660766962
2033195,4,0.25,0.0,0.5533290239172592
2033195,5,0.0,23605.0,0.30579531442663377
2033195,6,0.0,0.0,0.4580246913580247
2033195,7,0.0,0.0,0.6019292604501608
2034673,6,0.7647058823529411,0.0,0.46153846153846156
2034673,4,0.6,0.0,0.6881720430107527
2034673,1,0.7894736842105263,52317.0,1.0
2034673,2,0.7909604519774012,37042.0,0.7803468208092486
2034673,3,0.6829268292682927,0.0,0.8508771929824561
2034673,7,0.8076923076923077,0.0,0.20224719101123595
2034673,5,0.6623931623931624,34940.0,0.625
2035363,3,1.0,0.0,0.1687315634218289
2035363,4,0.625,0.0,0.42857142857142855
2035363,6,0.3333333333333333,0.0,0.828395061728395
2035363,7,1.0,0.0,0.27138263665594853
2035363,2,0.7216494845360825,33615.0,0.46938775510204084
2035363,1,0.25,3129747967.0,0.3590836441129462
2035363,5,0.5458248472505092,156740.0,0.6974169741697417
2035385,1,0.0,28308.0,0.3590836441129462
2035385,3,0.0,0.0,0.6312684365781711
2035385,4,0.5,0.0,0.5533290239172592
2035385,6,1.0,0.0,0.43137254901960786
2035385,7,0.3333333333333333,0.0,0.27138263665594853
2035385,5,0.6486486486486487,69557.0,0.8113207547169812
2035385,2,0.7941176470588235,30453.0,0.873015873015873
2038377,1,0.5,23069.0,0.3590836441129462
2038377,3,1.0,0.0,0.1687315634218289
2038377,4,0.25,0.0,0.47123464770523593
2038377,5,0.2,64123.0,0.30579531442663377
2038377,6,0.6666666666666666,0.0,0.43137254901960786
2038377,7,1.0,0.0,0.27138263665594853
2038377,2,1.0,1341229.0,0.6088709677419355
2041025,7,0.66875,0.0,0.4461538461538462
2041025,1,0.6762589928057554,639516.0,0.8571428571428571
2041025,6,0.6953818827708703,0.0,0.7076923076923077
2041025,5,0.6467619848612279,92739.0,0.34959349593495936
2041025,3,0.8149779735682819,0.0,0.8285714285714286
2041025,4,0.6734417344173442,0.0,0.8918918918918919
2041025,2,0.7093791281373845,22012.0,0.744
2048552,2,0.8333333333333334,48123.0,0.7744360902255639
2048552,1,0.6111111111111112,130728.0,0.7787610619469026
2048552,3,0.5544041450777202,0.0,0.5565217391304348
2048552,5,0.38,243245172.0,0.2524752475247525
2051486,5,0.3333333333333333,47625.0,0.7659574468085106
2051486,1,0.6666666666666666,46605.0,0.8793103448275862
2051486,2,0.5555555555555556,655197.0,0.7094017094017094
2058478,5,0.375,20218.0,0.803921568627451
2066347,1,1.0,20041.0,0.3590836441129462
2066347,2,0.5,68687451936.0,0.6418181818181818
2066347,3,0.0,0.0,0.6306784660766962
2066347,4,0.125,0.0,0.47123464770523593
2066347,6,0.3333333333333333,0.0,0.2726423902894491
2066347,7,0.3333333333333333,0.0,0.6019292604501608
2066347,5,0.589041095890411,29872.0,0.4594594594594595
2067931,2,0.8421052631578947,29735.0,0.8774617067833698
2067931,5,0.7777777777777778,10797.0,0.5199543899657925
2073472,1,1.0,31080.0,0.3590836441129462
2073472,3,0.0,0.0,0.6306784660766962
2073472,4,0.125,0.0,0.5533290239172592
2073472,7,1.0,0.0,0.41864951768488745
2073472,6,0.7164179104477612,0.0,0.7876712328767124
2073472,2,0.7391304347826086,26375.0,0.8589743589743589
2073472,5,0.6549295774647887,33298.0,0.5150375939849624
2078569,1,0.0,24624.0,0.3590836441129462
2078569,2,0.5,68687451936.0,0.6418181818181818
2078569,3,0.0,0.0,0.6312684365781711
2078569,4,0.5,0.0,0.5533290239172592
2078569,6,1.0,0.0,0.43137254901960786
2078569,7,0.3333333333333333,0.0,0.6019292604501608
2078569,5,0.7195467422096318,36932.0,0.5895522388059702
2090096,1,0.5,68687451936.0,0.4031620553359684
2090096,5,0.8,48456.0,0.19166666666666668
2090096,2,0.6666666666666666,34267.0,0.6457627118644068
2090341,2,0.6137339055793991,67053.0,0.7846153846153846
2090341,5,0.5788043478260869,78668.0,0.43661971830985913
2094250,5,1.0,23172.0,0.6382978723404256
2094250,1,0.5,68687451936.0,0.873015873015873
2094250,2,0.6923076923076923,31351.0,0.75
2098314,3,0.5,0.0,0.1687315634218289
2098314,4,0.25,0.0,0.47123464770523593
2098314,7,0.3333333333333333,0.0,0.27138263665594853
2098314,6,0.6521739130434783,0.0,0.6517241379310345
2098314,1,0.75,104347.0,0.9
2098314,2,1.0,94945.0,0.6992481203007519
2098314,5,0.5625,218926.0,0.656084656084656
2101969,5,0.6857142857142857,1735072.0,0.5047169811320755
2101969,2,0.6791044776119403,25544.0,0.5763888888888888
2108174,1,0.5,68687451936.0,0.569620253164557
2108174,5,0.6666666666666666,49515.0,0.65
2108174,2,0.6153846153846154,51643.0,0.7291666666666666
2109735,1,0.5,33392.0,0.3590836441129462
2109735,2,0.5,68687451936.0,0.6418181818181818
2109735,3,1.0,0.0,0.1687315634218289
2109735,4,0.125,0.0,0.5533290239172592
2109735,5,0.8,18890.0,0.30579531442663377
2109735,6,0.6666666666666666,0.0,0.2726423902894491
2109735,7,0.3333333333333333,0.0,0.41864951768488745
2116773,2,0.7619047619047619,27001.0,0.8082089552238806
2116773,1,0.7857142857142857,31061.0,0.32229580573951433
2116773,5,0.6190476190476191,22306.0,0.3763440860215054
2121898,6,0.5897435897435898,0.0,0.6451914098972923
2121898,1,0.6779661016949152,50541.0,0.4951923076923077
2121898,3,0.6181102362204725,0.0,0.8909090909090909
2121898,4,0.5730337078651685,0.0,0.8656716417910447
2121898,2,0.7345679012345679,38061.0,0.5416666666666666
2121898,7,0.40384615384615385,0.0,0.8918918918918919
2121898,5,0.541970802919708,32592.0,0.8113207547169812
2122895,1,0.0,51305.0,0.7896440129449838
2122895,5,0.7916666666666666,18948.0,0.45
2124676,1,0.5,25828.0,0.3590836441129462
2124676,2,0.5,68687451936.0,0.6418181818181818
2124676,3,0.5,0.0,0.6312684365781711
2124676,4,0.375,0.0,0.47123464770523593
2124676,6,1.0,0.0,0.47619047619047616
2124676,7,0.0,0.0,0.490032154340836
2124676,5,0.4666666666666667,189037.0,0.5753012048192772
2127031,2,0.5555555555555556,97494.0,0.7659574468085106
2127031,5,0.4,26211.0,0.7534246575342466
2134565,6,0.7272727272727273,0.0,0.6517241379310345
2134565,5,0.6896551724137931,77888.0,0.7796610169491526
2134565,1,0.8484848484848485,89998.0,0.5962059620596206
2134565,2,0.82,24753.0,0.7873134328358209
2134565,3,0.8490566037735849,0.0,0.7894736842105263
2134565,7,0.72,0.0,0.7108433734939759
2134565,4,0.7831325301204819,0.0,0.44
2136430,1,0.5,68687451936.0,0.6279863481228669
2136430,5,0.6,55920.0,0.6363636363636364
2136430,2,0.8888888888888888,30624.0,0.7307692307692307
2138673,5,0.6538461538461539,28601.0,0.7073170731707317
2140113,1,0.5,20836.0,0.3590836441129462
2140113,2,0.5,68687451936.0,0.6418181818181818
2140113,3,0.0,0.0,0.6306784660766962
2140113,4,0.125,0.0,0.47123464770523593
2140113,6,0.6666666666666666,0.0,0.43137254901960786
2140113,7,0.3333333333333333,0.0,0.41864951768488745
2140113,5,0.4,25003.0,0.603448275862069
2146814,2,0.5,68687451936.0,0.6627450980392157
2146814,1,0.5,68687451936.0,0.6688741721854304
2146814,5,0.2727272727272727,36359.0,0.5397727272727273
2148001,5,1.0,22153.0,0.7586206896551724
2160279,1,1.0,25557.0,0.3590836441129462
2160279,2,0.5,68687451936.0,0.6418181818181818
2160279,3,0.0,0.0,0.1687315634218289
2160279,4,0.375,0.0,0.47123464770523593
2160279,5,0.4,37976.0,0.30579531442663377
2160279,6,0.6666666666666666,0.0,0.47619047619047616
2160279,7,1.0,0.0,0.490032154340836
2181507,1,0.5,24758.0,0.3590836441129462
2181507,2,0.5,68687451936.0,0.6418181818181818
2181507,3,0.5,0.0,0.6312684365781711
2181507,4,0.25,0.0,0.5533290239172592
2181507,5,0.2,7410.0,0.30579531442663377
2181507,6,0.0,0.0,0.47619047619047616
2181507,7,0.3333333333333333,0.0,0.27138263665594853
2184424,1,1.0,26708.0,0.8333333333333334
2184424,2,0.6257668711656442,46858.0,0.5042735042735043
2184424,5,0.6484848484848484,24464.0,0.7777777777777778
2187115,2,0.5,68687451936.0,0.6926406926406926
2187115,5,0.375,49344.0,0.4854014598540146
2190876,1,0.9,39406.0,0.6356877323420075
2190876,2,0.8,26145.0,0.7470588235294118
2190876,5,0.6176470588235294,27209.0,0.47368421052631576
2198581,2,0.8888888888888888,345407.0,0.7323943661971831
2198581,5,0.5294117647058824,36683.0,0.6546489563567363
2199283,1,0.5,68687451936.0,0.5773195876288659
2199283,5,0.4444444444444444,99587.0,0.6
2199283,4,0.4,0.0,0.43333333333333335
2201142,1,0.5,26859.0,0.3590836441129462
2201142,3,0.0,0.0,0.6306784660766962
2201142,4,0.5,0.0,0.47123464770523593
2201142,6,0.3333333333333333,0.0,0.42663378545006164
2201142,7,0.6666666666666666,0.0,0.27138263665594853
2201142,2,1.0,74654.0,0.7317073170731707
2201142,5,0.7,39040.0,0.5882352941176471
2201910,2,0.75,22381.0,0.8774617067833698
2201910,5,0.7027027027027027,34452.0,0.26506024096385544
2206263,2,0.6666666666666666,28149.0,0.7517241379310344
2206263,5,0.45454545454545453,68882.0,0.811965811965812
2210934,2,0.6261682242990654,45808.0,0.5703125
2210934,5,0.46568627450980393,39208.0,0.7
2211492,3,0.9230769230769231,0.0,0.5858585858585859
2211492,1,0.9318181818181818,41340.0,0.697508896797153
2211492,4,0.8349514563106796,0.0,0.42718446601941745
2211492,2,0.8666666666666667,2355021151.0,0.8407643312101911
2211492,5,0.7428571428571429,29848.0,0.640625
2211492,6,0.7936507936507936,0.0,0.6108108108108108
2211492,7,0.8076923076923077,0.0,0.38095238095238093
2212092,5,1.0,27063.0,0.5964912280701754
2212092,1,1.0,1548199.0,0.3590836441129462
2212092,2,0.5,68687451936.0,0.6418181818181818
2220665,1,0.5,68687451936.0,0.7896440129449838
2220665,2,0.8,258998.0,0.3655913978494624
2220665,5,0.6,38794.0,0.7436548223350253
2223671,1,1.0,33422.0,0.3590836441129462
2223671,2,0.5,68687451936.0,0.6418181818181818
2223671,3,0.5,0.0,0.6312684365781711
2223671,4,0.375,0.0,0.5533290239172592
2223671,7,0.6666666666666666,0.0,0.6019292604501608
2223671,6,0.762962962962963,0.0,0.7447698744769874
2223671,5,0.7407407407407407,23185.0,0.352112676056338
2226945,1,1.0,31059.0,0.3590836441129462
2226945,3,0.0,0.0,0.6306784660766962
2226945,4,0.375,0.0,0.42857142857142855
2226945,6,1.0,0.0,0.42663378545006164
2226945,7,0.3333333333333333,0.0,0.41864951768488745
2226945,2,0.7,24092.0,0.8533333333333334
2226945,5,0.4383561643835616,37618.0,0.8082191780821918
2246532,1,0.5,24435.0,0.3590836441129462
2246532,3,0.5,0.0,0.1687315634218289
2246532,4,0.125,0.0,0.5533290239172592
2246532,5,0.6,10879.0,0.30579531442663377
2246532,6,0.3333333333333333,0.0,0.47619047619047616
2246532,7,0.3333333333333333,0.0,0.27138263665594853
2246532,2,0.5,36558.0,0.6615384615384615
2250258,1,0.5,26587.0,0.3590836441129462
2250258,2,0.5,68687451936.0,0.6418181818181818
2250258,3,1.0,0.0,0.1687315634218289
2250258,4,0.25,0.0,0.47123464770523593
2250258,5,0.4,24054.0,0.30579531442663377
2250258,6,0.3333333333333333,0.0,0.47619047619047616
2250258,7,0.3333333333333333,0.0,0.6019292604501608
2252190,7,0.828125,0.0,0.8840579710144928
2252190,6,0.7543859649122807,0.0,0.4660633484162896
2252190,4,0.7941176470588235,0.0,0.359375
2252190,3,0.875,0.0,0.6551724137931034
2252190,5,0.7068965517241379,20182.0,0.8311688311688312
2252190,1,0.8837209302325582,29500.0,0.8444444444444444
2252190,2,0.7804878048780488,24290.0,0.7845433255269321
2252495,1,0.5,68687451936.0,0.3590836441129462
2252495,5,0.48632218844984804,29741.0,0.3584905660377358
2252495,2,0.5522388059701493,23151.0,0.8648648648648649
2257029,1,0.5,30255.0,0.3590836441129462
2257029,3,0.0,0.0,0.6306784660766962
2257029,4,0.0,0.0,0.42857142857142855
2257029,6,0.6666666666666666,0.0,0.6451914098972923
2257029,2,0.8780487804878049,23440.0,0.5573033707865168
2257029,5,0.5846153846153846,32036.0,0.6666666666666666
2263186,2,1.0,13784.0,0.8905109489051095
2263186,5,0.4375,42632.0,0.3620689655172414
2265761,1,0.6,28722.0,0.7454545454545455
2265761,2,0.2222222222222222,25898.0,0.7836734693877551
2265761,3,0.8181818181818182,0.0,0.8571428571428571
2265761,4,0.75,0.0,0.6902654867256637
2265761,6,0.6363636363636364,0.0,0.5690376569037657
2265761,7,0.6923076923076923,0.0,0.4887640449438202
2265761,5,0.6089171974522293,33340.0,0.6829268292682927
2273870,3,0.5,0.0,0.6306784660766962
2273870,7,0.3333333333333333,0.0,0.6019292604501608
2273870,4,0.42857142857142855,0.0,0.2764811490125673
2273870,6,0.5714285714285714,0.0,0.828395061728395
2273870,1,0.3333333333333333,2130939489.0,0.3590836441129462
2273870,5,0.6858974358974359,38340.0,0.5894736842105263
2273870,2,0.7790055248618785,25703.0,0.4627450980392157
2275514,2,1.0,13880.0,0.7866666666666666
2275514,5,0.375,27201.0,0.46511627906976744
2275514,1,0.6666666666666666,28048.0,0.6538461538461539
2277698,1,1.0,26365.0,0.3590836441129462
2277698,2,0.5,68687451936.0,0.6418181818181818
2277698,3,0.5,0.0,0.6306784660766962
2277698,4,0.5,0.0,0.42857142857142855
2277698,6,0.3333333333333333,0.0,0.828395061728395
2277698,7,0.6666666666666666,0.0,0.27138263665594853
2277698,5,0.47619047619047616,54069.0,0.625
2280091,2,1.0,24111.0,0.7699115044247787
2280091,5,0.42424242424242425,48104.0,0.585635359116022
2285289,2,0.8,36566.0,0.8472222222222222
2285289,5,0.5294117647058824,30783.0,0.5676567656765676
2301161,1,0.0,29991.0,0.3590836441129462
2301161,2,0.5,68687451936.0,0.6418181818181818
2301161,3,0.0,0.0,0.6312684365781711
2301161,4,0.25,0.0,0.5533290239172592
2301161,5,0.4,13469.0,0.30579531442663377
2301161,6,0.6666666666666666,0.0,0.6185185185185185
2301161,7,0.6666666666666666,0.0,0.6019292604501608
2305556,1,1.0,27055.0,0.3590836441129462
2305556,2,0.5,68687451936.0,0.6418181818181818
2305556,3,0.5,0.0,0.6306784660766962
2305556,4,0.25,0.0,0.5533290239172592
2305556,5,0.4,19743.0,0.30579531442663377
2305556,6,0.6666666666666666,0.0,0.6185185185185185
2305556,7,1.0,0.0,0.27138263665594853
2309014,1,1.0,26977.0,0.3590836441129462
2309014,2,0.5,68687451936.0,0.6418181818181818
2309014,3,0.5,0.0,0.6306784660766962
2309014,4,0.375,0.0,0.42857142857142855
2309014,5,0.4,30635.0,0.30579531442663377
2309014,6,1.0,0.0,0.4580246913580247
2309014,7,0.6666666666666666,0.0,0.41864951768488745
2315569,5,0.5909090909090909,26147.0,0.7142857142857143
2315569,2,0.7435897435897436,26034.0,0.5625
2318167,5,0.42857142857142855,15745.0,0.36936936936936937
2318167,1,0.6,37160.0,0.9439252336448598
2320817,1,0.42857142857142855,36281.0,0.4951923076923077
2320817,2,0.5,27566.0,0.48576512455516013
2320817,5,0.6363636363636364,28712.0,0.5424354243542435
2327458,1,0.5517241379310345,23307.0,0.3608490566037736
2327458,2,0.5,68687451936.0,0.8888888888888888
2332767,1,0.5,68687451936.0,0.6385542168674698
2332767,5,0.16666666666666666,28736.0,0.6181818181818182
2332767,2,0.8333333333333334,45931.0,0.696969696969697
2345604,5,0.6176470588235294,77696.0,0.26666666666666666
2349960,5,0.4230769230769231,125883.0,0.4484848484848485
2349960,2,0.5491329479768786,73827.0,0.85
2354314,1,0.5,68687451936.0,0.7184466019417476
2354314,5,0.5,91203.0,0.7642857142857142
2354314,2,0.7857142857142857,15128.0,0.8504672897196262
2355089,5,0.5714285714285714,26017.0,0.3076923076923077
2355089,1,0.7142857142857143,43957.0,0.37637362637362637
2355089,2,0.3076923076923077,40691.0,0.5684647302904564
2355089,4,0.6,0.0,0.75
2359213,1,0.0,29880.0,0.3590836441129462
2359213,2,0.5,68687451936.0,0.6418181818181818
2359213,4,0.0,0.0,0.5533290239172592
2359213,5,0.4,25944.0,0.30579531442663377
2359213,7,0.3333333333333333,0.0,0.27138263665594853
2359213,6,0.14285714285714285,0.0,0.6295081967213115
2359213,3,0.2727272727272727,0.0,0.4
2360716,2,0.6,52806.0,0.7307692307692307
2360716,5,0.5,1334147754.0,0.3315018315018315
2362760,1,0.0,126829.0,0.6385542168674698
2362760,2,0.5238095238095238,41260.0,0.8082089552238806
2362760,5,0.4594594594594595,47106.0,0.5030581039755352
2364058,1,0.0,24232.0,0.3590836441129462
2364058,2,0.5,68687451936.0,0.6418181818181818
2364058,3,1.0,0.0,0.1687315634218289
2364058,4,0.25,0.0,0.47123464770523593
2364058,5,0.2,23855.0,0.30579531442663377
2364058,6,0.6666666666666666,0.0,0.43137254901960786
2364058,7,0.6666666666666666,0.0,0.41864951768488745
2370369,1,1.0,27393.0,0.5608108108108109
2370369,5,0.8235294117647058,8946.0,0.32792207792207795
2377212,2,0.5,68687451936.0,0.6391752577319587
2377212,5,0.5263157894736842,59187.0,0.8734939759036144
2377465,2,0.3,37177.0,0.6457627118644068
2377465,5,0.09090909090909091,25189.0,0.375
2378743,2,0.5,26500.0,0.7105263157894737
2378743,1,0.5833333333333334,30770.0,0.554140127388535
2378743,5,0.3142857142857143,35548.0,0.7142857142857143
2381110,1,1.0,21941.0,0.3590836441129462
2381110,3,0.0,0.0,0.6306784660766962
2381110,4,0.25,0.0,0.42857142857142855
2381110,6,0.3333333333333333,0.0,0.6451914098972923
2381110,7,0.3333333333333333,0.0,0.27138263665594853
2381110,5,0.4666666666666667,52815.0,0.8058252427184466
2381110,2,0.5714285714285714,33456.0,0.8616780045351474
2393480,2,0.5,68687451936.0,0.5939086294416244
2393480,5,0.47058823529411764,36452.0,0.5019685039370079
2393889,3,0.781021897810219,0.0,0.622093023255814
2393889,1,0.75,168009553.0,0.35410764872521244
2393889,2,0.65748031496063,46701.0,0.6842105263157895
2393889,7,0.7635135135135135,0.0,0.3116883116883117
2393889,4,0.6577181208053692,0.0,0.4074074074074074
2393889,5,0.5957066189624329,66113.0,0.6
2393889,6,0.7729970326409495,0.0,0.7083333333333334
2394320,5,0.5,141638.0,0.6863905325443787
2394320,2,0.3333333333333333,35711.0,0.7388781431334622
2402340,2,0.5,68687451936.0,0.8095238095238095
2402340,1,0.5,68687451936.0,0.6385542168674698
2402340,5,0.55,29579.0,0.6470588235294118
2417607,1,1.0,610088081.0,0.9239766081871345
2417607,2,0.6938775510204082,295327.0,0.5105740181268882
2417607,5,0.6187050359712231,43566.0,0.452
2418486,1,1.0,66465.0,0.3590836441129462
2418486,3,1.0,0.0,0.6306784660766962
2418486,4,0.75,0.0,0.5533290239172592
2418486,5,0.6,34782.0,0.30579531442663377
2418486,6,1.0,0.0,0.2726423902894491
2418486,7,1.0,0.0,0.490032154340836
2418486,2,0.9,26833.0,0.5981308411214953
2433088,1,0.7225806451612903,30379.0,0.7704918032786885
2433088,4,0.7432432432432432,0.0,0.3442622950819672
2433088,2,0.640625,27091.0,0.5604395604395604
2433088,3,0.7138964577656676,0.0,0.7777777777777778
2433088,6,0.5429184549356223,0.0,0.2702702702702703
2433088,5,0.5658227848101266,16693.0,0.7419354838709677
2435242,2,0.5555555555555556,33981.0,0.8058252427184466
2435242,5,0.5588235294117647,24211.0,0.29333333333333333
2445536,1,0.5,26497.0,0.3590836441129462
2445536,2,0.5,68687451936.0,0.6418181818181818
2445536,3,1.0,0.0,0.1687315634218289
2445536,4,0.2,0.0,0.24426534407935524
2446896,4,0.125,0.0,0.47123464770523593
2446896,1,0.8,22521.0,0.9565217391304348
2446896,3,0.6470588235294118,0.0,0.6379310344827587
2446896,5,0.8225806451612904,38693.0,0.49731663685152055
2446896,7,0.8333333333333334,0.0,0.75
2446896,6,0.8070175438596491,0.0,0.603448275862069
2446896,2,0.75,39804.0,0.5607814761215629
2472417,3,0.676056338028169,0.0,0.6
2472417,1,0.7846153846153846,39924.0,0.8808290155440415
2472417,2,0.8225806451612904,34581.0,0.5245901639344263
2472417,4,0.6071428571428571,0.0,0.7890295358649789
2472417,7,0.34210526315789475,0.0,0.391304347826087
2472417,6,0.48936170212765956,0.0,0.3950617283950617
2472417,5,0.34545454545454546,4814697.0,0.5091575091575091
2473833,5,0.4,17060.0,0.7553191489361702
2473833,2,0.25,15284.0,0.8082089552238806
2475583,7,0.8181818181818182,0.0,0.7105263157894737
2475583,6,0.7971014492753623,0.0,0.8484848484848485
2475583,4,0.6946564885496184,0.0,0.6722689075630253
2475583,1,0.7986577181208053,83582.0,0.8055555555555556
2475583,2,0.675967596759676,89586.0,0.7684729064039408
2475583,3,0.7100694444444444,0.0,0.7714285714285715
2475583,5,0.7087776866283839,111222.0,0.43661971830985913
2478069,6,0.8133333333333334,0.0,0.4580246913580247
2478069,1,0.8367346938775511,66494.0,0.6302083333333334
2478069,5,0.7388535031847133,123979.0,0.27181208053691275
2489029,5,0.7142857142857143,42769.0,0.3698630136986301
2489029,2,0.7142857142857143,24304.0,0.7489361702127659
2490618,2,0.5,68687451936.0,0.6724137931034483
2490618,5,0.2222222222222222,43570.0,0.5172413793103449
2491722,5,0.35,81957.0,0.7966101694915254
2491722,2,0.4444444444444444,24672.0,0.6597014925373135
2497679,2,0.5,21443.0,0.8014705882352942
2497679,1,0.5,68687451936.0,0.7896440129449838
2497679,5,0.6,330744993.0,0.7435897435897436
2499940,4,0.5306122448979592,0.0,0.7671232876712328
2499940,6,0.6956521739130435,0.0,0.7396449704142012
2499940,1,0.7368421052631579,67698.0,0.8541666666666666
2499940,7,0.5079365079365079,0.0,0.3173076923076923
2499940,5,0.5570469798657718,727020.0,0.6529209621993127
2499940,2,0.7051282051282052,34269.0,0.7489361702127659
2499940,3,0.8,0.0,0.4316546762589928
2499957,1,0.5,33453.0,0.3590836441129462
2499957,2,0.5,68687451936.0,0.6418181818181818
2499957,3,0.0,0.0,0.6306784660766962
2499957,4,0.25,0.0,0.47123464770523593
2499957,5,0.6,33399.0,0.30579531442663377
2499957,6,0.6666666666666666,0.0,0.6185185185185185
2499957,7,0.3333333333333333,0.0,0.490032154340836
2500046,4,0.3793103448275862,0.0,0.8709677419354839
2500046,2,0.6642335766423357,45666.0,0.7217391304347827
2500046,1,0.6818181818181818,1491411115.0,0.7049180327868853
2500046,5,0.5279187817258884,82402.0,0.8947368421052632
2500046,3,0.625974025974026,0.0,0.9879518072289156
2504064,5,0.5263157894736842,27263.0,1.0
2516963,5,0.5818181818181818,71183.0,0.7309417040358744
2516963,2,0.5434782608695652,32770.0,0.610223642172524
2524804,1,0.6206896551724138,21505.0,0.3608490566037736
2524804,2,0.5,68687451936.0,0.6418181818181818
2524804,3,0.5,0.0,0.1687315634218289
2524804,4,0.375,0.0,0.47123464770523593
2524804,5,0.2,18934.0,0.30579531442663377
2524804,6,0.6666666666666666,0.0,0.42663378545006164
2524804,7,0.0,0.0,0.27138263665594853
2533288,2,1.0,20749.0,0.6403785488958991
2533288,1,0.0,92857.0,0.7896440129449838
2533288,5,0.5,13284.0,0.6888888888888889
2546612,1,0.5,25448.0,0.3590836441129462
2546612,3,1.0,0.0,0.1687315634218289
2546612,4,0.375,0.0,0.42857142857142855
2546612,6,0.6666666666666666,0.0,0.47619047619047616
2546612,7,0.3333333333333333,0.0,0.27138263665594853
2546612,5,0.5161290322580645,24237.0,0.38461538461538464
2546612,2,0.8389830508474576,28372.0,0.7424242424242424
2547741,5,0.4,17019.0,0.6153846153846154
2547741,6,0.5806451612903226,0.0,0.20689655172413793
2547741,4,0.5939849624060151,0.0,0.5405405405405406
2547741,7,0.4180327868852459,0.0,0.7457627118644068
2547741,3,0.48322147651006714,0.0,0.7551020408163265
2552333,1,0.0,25534.0,0.3590836441129462
2552333,2,0.5,68687451936.0,0.6418181818181818
2552333,3,0.5,0.0,0.6312684365781711
2552333,4,0.25,0.0,0.5533290239172592
2552333,5,0.0,18904.0,0.30579531442663377
2552333,6,0.3333333333333333,0.0,0.4580246913580247
2552333,7,0.6666666666666666,0.0,0.490032154340836
2559982,6,0.6333333333333333,0.0,0.4810126582278481
2559982,1,0.76,24744.0,0.6026058631921825
2559982,3,0.8,0.0,0.7241379310344828
2559982,2,0.7333333333333333,24151.0,0.5638629283489096
2559982,7,0.2222222222222222,0.0,0.7340425531914894
2559982,5,0.6556016597510373,40341.0,0.5199543899657925
2559982,4,0.6931818181818182,0.0,0.6
2562543,1,0.5,68687451936.0,0.8132427843803056
2562543,5,0.5925925925925926,22031.0,0.5969773299748111
2562543,2,0.8571428571428571,112297.0,0.48576512455516013
2568556,1,1.0,22501.0,0.3590836441129462
2568556,2,0.5,68687451936.0,0.6418181818181818
2568556,3,1.0,0.0,0.1687315634218289
2568556,4,0.25,0.0,0.42857142857142855
2568556,5,0.6,12416.0,0.30579531442663377
2568556,6,0.6666666666666666,0.0,0.6451914098972923
2568556,7,0.3333333333333333,0.0,0.490032154340836
2586255,1,0.5,27327.0,0.3590836441129462
2586255,3,0.5,0.0,0.6306784660766962
2586255,4,0.375,0.0,0.47123464770523593
2586255,5,0.0,2848.0,0.30579531442663377
2586255,6,0.3333333333333333,0.0,0.43137254901960786
2586255,7,0.0,0.0,0.41864951768488745
2586255,2,1.0,13261748.0,0.8602941176470589
2601277,1,1.0,31863.0,0.3590836441129462
2601277,7,0.9090909090909091,0.0,0.7525773195876289
2601277,6,0.5333333333333333,0.0,0.553072625698324
2601277,4,0.631578947368421,0.0,0.8405797101449275
2601277,3,0.631578947368421,0.0,0.5689655172413793
2601277,5,0.7333333333333333,63850.0,0.3639705882352941
2601277,2,0.5636363636363636,117090.0,0.7887323943661971
2606903,5,0.4,25174.0,0.9090909090909091
2612798,1,0.5,68687451936.0,0.5608108108108109
2612798,2,0.9090909090909091,28476.0,0.6708860759493671
2612798,5,0.75,35893.0,0.5551601423487544
2618102,1,0.5,26735.0,0.3590836441129462
2618102,3,0.5,0.0,0.6312684365781711
2618102,4,0.125,0.0,0.5533290239172592
2618102,6,0.6666666666666666,0.0,0.6185185185185185
2618102,7,0.3333333333333333,0.0,0.41864951768488745
2618102,2,0.7857142857142857,34115.0,0.759075907590759
2618102,5,0.6153846153846154,53511.0,0.3157894736842105
2626975,2,0.5555555555555556,24720.0,0.7148148148148148
2626975,5,0.5972222222222222,236285225.0,0.44656488549618323
2627685,5,0.5862068965517241,15001.0,0.3073286052009456
2627685,1,0.5,29669.0,0.3590836441129462
2627685,2,0.5,68687451936.0,0.6418181818181818
2627685,3,0.0,0.0,0.6306784660766962
2627685,4,0.5,0.0,0.47123464770523593
2627685,6,0.6666666666666666,0.0,0.2726423902894491
2627685,7,0.6666666666666666,0.0,0.27138263665594853
2631645,1,0.0,27895.0,0.3590836441129462
2631645,2,0.5,68687451936.0,0.6418181818181818
2631645,3,1.0,0.0,0.1687315634218289
2631645,4,0.0,0.0,0.5533290239172592
2631645,6,0.6666666666666666,0.0,0.6185185185185185
2631645,7,0.6666666666666666,0.0,0.6019292604501608
2631645,5,0.5294117647058824,22012.0,0.5551601423487544
2634951,5,0.6,56129.0,0.40310077519379844
2641711,6,0.7659574468085106,0.0,0.7272727272727273
2641711,7,0.7659574468085106,0.0,0.847457627118644
2641711,1,0.7,73432.0,0.458041958041958
2641711,2,0.6530612244897959,72499.0,0.5851063829787234
2641711,3,0.8571428571428571,0.0,0.7454545454545455
2641711,5,0.7413793103448276,79469.0,0.5952380952380952
2641711,4,0.6875,0.0,0.3700440528634361
2655110,5,0.4375,29205.0,0.6621004566210046
2655110,2,0.6086956521739131,27097.0,0.8082089552238806
2659874,7,0.707936507936508,0.0,0.5185185185185185
2659874,3,0.6677067082683308,0.0,0.5222222222222223
2659874,4,0.6757679180887372,0.0,0.9318181818181818
2659874,6,0.7005988023952096,0.0,0.17159763313609466
2659874,1,0.782608695652174,83202.0,0.797979797979798
2659874,5,0.6906832298136646,52674.0,0.5840220385674931
2659874,2,0.7234678624813154,141275.0,0.4358974358974359
2674477,2,0.5,68687451936.0,0.7363636363636363
2674477,5,0.6216216216216216,44524269.0,0.726775956284153
2677424,3,1.0,0.0,0.9636363636363636
2677424,2,0.9375,29062.0,0.4192708333333333
2677424,7,0.9444444444444444,0.0,0.6181818181818182
2677424,6,0.9428571428571428,0.0,0.7383512544802867
2677424,4,0.8571428571428571,0.0,0.6857142857142857
2677424,1,0.8823529411764706,41772.0,0.565068493150685
2677424,5,0.6611570247933884,39560.0,0.20943396226415095
2678068,2,0.8857142857142857,269809.0,0.6777493606138107
2678068,1,0.8823529411764706,697764.0,0.7641509433962265
2678068,4,0.6363636363636364,0.0,0.9130434782608695
2678068,5,0.6330275229357798,38278.0,0.2636363636363636
2678068,7,0.6666666666666666,0.0,0.8020833333333334
2678068,3,0.8065573770491803,0.0,0.7464788732394366
2685790,2,0.7894736842105263,24128.0,0.8774617067833698
2685790,5,0.46153846153846156,32208.0,0.4020618556701031
2686542,1,0.7241379310344828,25109.0,0.3608490566037736
2686542,2,0.6896551724137931,16609.0,0.5457142857142857
2686542,3,0.5,0.0,0.6312684365781711
2686542,4,0.125,0.0,0.5533290239172592
2686542,6,0.3333333333333333,0.0,0.7457627118644068
2686542,7,0.0,0.0,0.41864951768488745
2686542,5,0.4666666666666667,36923.0,0.6729559748427673
2689755,5,0.16666666666666666,15251.0,0.6869565217391305
2689755,2,0.375,15786.0,0.6691176470588235
2694314,1,0.5,68687451936.0,0.8382978723404255
2694314,5,0.2,13990.0,0.8333333333333334
2694314,2,0.7272727272727273,25694.0,0.9652173913043478
2695529,1,1.0,24688.0,0.3590836441129462
2695529,2,0.5,68687451936.0,0.6418181818181818
2695529,3,1.0,0.0,0.1687315634218289
2695529,4,0.875,0.0,0.47123464770523593
2695529,5,0.8,30002.0,0.30579531442663377
2695529,6,0.6666666666666666,0.0,0.4580246913580247
2695529,7,1.0,0.0,0.27138263665594853
2706752,2,0.3333333333333333,46056.0,0.8662790697674418
2706752,5,0.6428571428571429,19745.0,0.8514492753623188
2706752,6,0.2857142857142857,0.0,0.8051282051282052
2706752,1,0.5384615384615384,32582.0,0.6981818181818182
2712966,1,1.0,104065.0,0.7896440129449838
2712966,2,1.0,21657.0,0.549618320610687
2712966,5,0.5333333333333333,37307.0,0.6225
2718040,1,0.8620689655172413,29650.0,0.3608490566037736
2718040,2,0.5,68687451936.0,0.6418181818181818
2718040,3,1.0,0.0,0.1687315634218289
2720640,1,0.5,35832.0,0.3590836441129462
2720640,2,0.5,68687451936.0,0.6418181818181818
2720640,3,1.0,0.0,0.1687315634218289
2720640,4,0.5,0.0,0.5533290239172592
2720640,5,0.4,24092.0,0.30579531442663377
2720640,6,0.6666666666666666,0.0,0.6185185185185185
2720640,7,0.3333333333333333,0.0,0.6019292604501608
2721338,1,0.9285714285714286,408610.0,0.9058823529411765
2721338,6,0.8260869565217391,0.0,0.7233201581027668
2721338,5,0.6657004830917874,42167.0,0.6078431372549019
2721338,2,0.7755102040816326,19109197.0,0.706140350877193
2722402,6,0.7277486910994765,0.0,0.7514792899408284
2722402,1,0.7903225806451613,30805.0,0.9148936170212766
2722402,5,0.748829953198128,68308.0,0.49074074074074076
2722402,4,0.7127272727272728,0.0,0.9811320754716981
2722402,3,0.7664473684210527,0.0,0.9243697478991597
2722402,7,0.7142857142857143,0.0,0.46511627906976744
2722402,2,0.7006802721088435,62206.0,0.7054263565891473
2724232,7,0.6756756756756757,0.0,0.7703703703703704
2724232,1,0.861271676300578,36548.0,0.7647058823529411
2724232,2,0.8815028901734104,31474.0,0.6875
2724232,3,0.8140161725067385,0.0,0.48
2724232,5,0.697986577181208,17993.0,0.288135593220339
2724232,6,0.697986577181208,0.0,0.8984771573604061
2724232,4,0.7023411371237458,0.0,0.7101449275362319
2726001,1,0.0,27224.0,0.3590836441129462
2726001,3,0.0,0.0,0.6312684365781711
2726001,4,0.375,0.0,0.47123464770523593
2726001,6,0.0,0.0,0.43137254901960786
2726001,7,0.6666666666666666,0.0,0.27138263665594853
2726001,5,0.34285714285714286,31511.0,0.6659877800407332
2726001,2,0.5454545454545454,42140.0,0.47368421052631576
2727628,5,0.8620689655172413,27142.0,0.3073286052009456
2731864,3,0.5,0.0,0.4489795918367347
2731864,7,0.0,0.0,0.7359550561797753
2731864,4,0.0,0.0,0.3684210526315789
2731864,5,0.41379310344827586,53908.0,0.5
2731864,1,0.7068965517241379,36243.0,0.7684210526315789
2731864,2,0.6548672566371682,46042.0,0.7852760736196319
2738513,1,1.0,35122.0,0.3590836441129462
2738513,2,0.5,68687451936.0,0.6418181818181818
2738513,3,1.0,0.0,0.1687315634218289
2738513,4,0.875,0.0,0.42857142857142855
2738513,6,1.0,0.0,0.47619047619047616
2738513,7,1.0,0.0,0.27138263665594853
2738513,5,0.6785714285714286,43779.0,0.5441176470588235
2741118,1,0.0,26687.0,0.3590836441129462
2741118,3,0.5,0.0,0.6312684365781711
2741118,4,0.125,0.0,0.42857142857142855
2741118,5,0.2,24697.0,0.30579531442663377
2741118,6,0.0,0.0,0.6451914098972923
2741118,7,0.6666666666666666,0.0,0.490032154340836
2741118,2,0.6,43762.0,0.7272727272727273
2774003,2,0.5,70966.0,0.7176470588235294
2774003,5,0.38095238095238093,232862.0,0.196763202725724
2777604,1,0.5,29113.0,0.3590836441129462
2777604,3,0.5,0.0,0.6306784660766962
2777604,4,0.5,0.0,0.47123464770523593
2777604,6,0.3333333333333333,0.0,0.47619047619047616
2777604,7,0.3333333333333333,0.0,0.490032154340836
2777604,5,0.5975609756097561,36390.0,0.731404958677686
2777604,2,0.8035714285714286,22685.0,0.9387755102040817
2786910,4,0.7142857142857143,0.0,0.9298245614035088
2786910,5,0.4482758620689655,23114004.0,0.5454545454545454
2786910,1,0.7758620689655172,80453.0,0.9444444444444444
2786910,2,0.5384615384615384,95408.0,0.6508620689655172
2786910,3,0.5909090909090909,0.0,0.7777777777777778
2792018,1,0.8888888888888888,28752.0,0.7931034482758621
2792018,2,0.71875,232550.0,0.6457627118644068
2792018,3,0.6363636363636364,0.0,0.9230769230769231
2792018,5,0.5490196078431373,40315.0,0.32792207792207795
2792018,6,0.7333333333333333,0.0,0.7083333333333334
2799534,2,0.5,68687451936.0,0.7866666666666666
2799534,5,0.42857142857142855,83481.0,0.3684210526315789
2799989,2,0.9090909090909091,29996.0,0.7222222222222222
2799989,5,0.5625,24929.0,0.9032258064516129
2800641,5,0.4772727272727273,111086.0,0.7361809045226131
2808857,5,1.0,17813.0,0.34375
2808857,7,0.7857142857142857,0.0,0.39285714285714285
2808857,6,0.7272727272727273,0.0,0.6528497409326425
2808857,1,1.0,82826.0,0.37637362637362637
2808857,2,0.7692307692307693,110515.0,0.39185393258426965
2808857,3,0.8,0.0,0.8407643312101911
2844993,1,0.5,68687451936.0,0.7989949748743719
2844993,5,0.5555555555555556,18991.0,0.7833333333333333
2844993,2,1.0,55012.0,0.7040816326530612
2852336,1,0.5,31376.0,0.3590836441129462
2852336,2,0.5,68687451936.0,0.6418181818181818
2852336,3,0.5,0.0,0.1687315634218289
2852336,4,0.625,0.0,0.42857142857142855
2852336,5,0.0,32573.0,0.30579531442663377
2852336,6,0.0,0.0,0.828395061728395
2852336,7,0.3333333333333333,0.0,0.6019292604501608
2852406,3,0.5,0.0,0.6312684365781711
2852406,4,0.5,0.0,0.42857142857142855
2852406,7,0.3333333333333333,0.0,0.6019292604501608
2852406,6,0.7142857142857143,0.0,0.4580246913580247
2852406,1,0.6666666666666666,1136850755.0,0.4174336762317271
2852406,2,0.696969696969697,22200.0,0.5851063829787234
2852406,5,0.6946564885496184,18070.0,0.5019685039370079
2859180,1,0.7586206896551724,21798.0,0.3608490566037736
2859180,2,1.0,315593638.0,0.6418181818181818
2859180,3,0.5,0.0,0.6312684365781711
2859180,4,0.0,0.0,0.2764811490125673
2861500,5,0.8181818181818182,13381.0,0.5185185185185185
2861500,1,0.0,14029777.0,0.7789473684210526
2874845,1,0.5,21379.0,0.3590836441129462
2874845,3,0.0,0.0,0.6306784660766962
2874845,4,0.0,0.0,0.5533290239172592
2874845,6,1.0,0.0,0.47619047619047616
2874845,7,0.3333333333333333,0.0,0.6019292604501608
2874845,2,0.6,16380.0,0.8888888888888888
2874845,5,0.5714285714285714,49586.0,0.8203125
2879539,5,0.3888888888888889,42944.0,0.5389408099688473
2891201,1,0.6875,84470.0,0.554140127388535
2891201,2,0.8,30018.0,0.8846153846153846
2891201,3,0.7625,0.0,0.33043478260869563
2891201,4,0.9117647058823529,0.0,0.8854166666666666
2891201,7,0.7012987012987013,0.0,0.7
2891201,6,0.7217391304347827,0.0,0.1780821917808219
2891201,5,0.5751633986928104,25110.0,0.5707070707070707
2891629,4,0.5,0.0,0.803921568627451
2891629,2,0.8196969696969697,5656434.0,0.639344262295082
2891629,5,0.6514084507042254,33923.0,0.5098039215686274
2892181,1,0.5,23912.0,0.3590836441129462
2892181,2,0.5,68687451936.0,0.6418181818181818
2892181,3,0.5,0.0,0.6306784660766962
2892181,4,0.375,0.0,0.42857142857142855
2892181,5,0.2,8770.0,0.30579531442663377
2892181,6,0.3333333333333333,0.0,0.4580246913580247
2892181,7,0.3333333333333333,0.0,0.41864951768488745
2897213,5,0.5789473684210527,26210.0,0.6094674556213018
2898560,2,0.4,22597.0,0.8117647058823529
2898560,5,0.5714285714285714,8876.0,0.6935483870967742
2909984,1,0.5,68687451936.0,0.9423076923076923
2909984,5,0.375,24636.0,0.5921052631578947
2909984,2,0.8888888888888888,29685.0,0.7591240875912408
2916765,1,0.6666666666666666,44009.0,0.6302083333333334
2916765,7,0.8362068965517241,0.0,0.7
2916765,5,0.7236363636363636,33666.0,0.5503875968992248
2916765,3,0.8467153284671532,0.0,0.35555555555555557
2916765,4,0.7582417582417582,0.0,0.675
2916765,2,0.8864628820960698,27911.0,0.8333333333333334
2916765,6,0.8283828382838284,0.0,0.6567164179104478
2942506,1,0.5,28915.0,0.3590836441129462
2942506,2,0.5,68687451936.0,0.6418181818181818
2942506,3,0.5,0.0,0.6312684365781711
2942506,4,0.25,0.0,0.42857142857142855
2942506,5,0.0,56433.0,0.30579531442663377
2942506,6,0.6666666666666666,0.0,0.6451914098972923
2942506,7,0.0,0.0,0.490032154340836
2943353,5,0.5714285714285714,120519.0,0.452
2943353,2,0.6666666666666666,35245.0,0.5607814761215629
2944069,5,1.0,56328.0,0.49074074074074076
2944069,1,0.6666666666666666,75741.0,0.32229580573951433
2944069,2,0.25,363467910.0,0.7117903930131004
2953506,2,1.0,37443.0,0.8125
2953506,1,0.5,48222.0,0.7896440129449838
2953506,5,0.7796610169491526,6825253.0,0.6981132075471698
2953506,4,0.8076923076923077,0.0,0.8604651162790697
2955768,1,0.8620689655172413,42432.0,0.3608490566037736
2955768,2,0.5,68687451936.0,0.8888888888888888
2955768,5,0.4421052631578947,108489.0,0.42857142857142855
2957606,1,0.5,24325.0,0.3590836441129462
2957606,3,0.5,0.0,0.1687315634218289
2957606,4,0.0,0.0,0.47123464770523593
2957606,6,0.3333333333333333,0.0,0.42663378545006164
2957606,7,0.0,0.0,0.41864951768488745
2957606,5,0.5652173913043478,24617.0,0.7575757575757576
2957606,2,0.6914893617021277,22637.0,0.6064516129032258
2963722,2,0.8888888888888888,29468.0,0.3339130434782609
2963722,5,0.6785714285714286,67126061.0,0.5201305767138193
2966225,5,0.3333333333333333,22309.0,0.46153846153846156
2966225,1,0.8333333333333334,171232772.0,0.7136563876651982
2966225,2,0.6842105263157895,26234.0,0.5493562231759657
2966225,4,0.5510204081632653,0.0,0.7890295358649789
2966225,7,0.5588235294117647,0.0,0.5384615384615384
2966225,3,0.6271186440677966,0.0,0.8762376237623762
2966556,1,1.0,23731.0,0.3590836441129462
2966556,3,1.0,0.0,0.1687315634218289
2966556,4,0.5,0.0,0.42857142857142855
2966556,6,1.0,0.0,0.2726423902894491
2966556,7,0.6666666666666666,0.0,0.27138263665594853
2966556,5,0.6666666666666666,115414.0,0.7007299270072993
2966556,2,1.0,38910946.0,0.4358974358974359
2967284,4,0.875,0.0,0.47123464770523593
2967284,6,1.0,0.0,0.4580246913580247
2967284,7,1.0,0.0,0.7304347826086957
2967284,1,0.8823529411764706,48816.0,0.7937219730941704
2967284,2,0.9,27805.0,0.6451612903225806
2967284,3,0.875,0.0,0.5727272727272728
2967284,5,0.6666666666666666,36130.0,0.8108108108108109
2976463,2,0.5,68687451936.0,0.55
2976463,5,0.3333333333333333,39721.0,0.9811320754716981
2982074,2,0.6428571428571429,34851.0,0.8
2990844,1,0.5,68687451936.0,0.9423076923076923
2990844,2,0.9230769230769231,26208.0,0.6971428571428572
2990844,5,0.7818181818181819,26562.0,0.5217391304347826
2992067,5,0.5384615384615384,5099202.0,0.4497444633730835
3000895,5,0.5,14857.0,0.7442748091603053
3000895,2,0.7777777777777778,23760.0,0.6947040498442367
3002493,1,0.5,22883.0,0.3590836441129462
3002493,3,0.0,0.0,0.6312684365781711
3002493,4,0.0,0.0,0.42857142857142855
3002493,6,0.3333333333333333,0.0,0.6451914098972923
3002493,7,0.0,0.0,0.6019292604501608
3002493,2,0.7307692307692307,504041.0,0.8691588785046729
3002493,5,0.6285714285714286,72270.0,0.8860759493670886
3004508,2,0.8181818181818182,18154.0,0.8828828828828829
3004508,5,0.42105263157894735,13975.0,0.75
3014605,1,0.5,27025.0,0.3590836441129462
3014605,3,0.0,0.0,0.6306784660766962
3014605,4,0.25,0.0,0.47123464770523593
3014605,5,0.2,19597.0,0.30579531442663377
3014605,6,0.0,0.0,0.4580246913580247
3014605,7,0.0,0.0,0.490032154340836
3014605,2,0.2,31955.0,0.7608695652173914
3016994,1,0.6170212765957447,65028.0,0.4594594594594595
3016994,7,0.7142857142857143,0.0,0.625
3016994,2,0.7,41680.0,0.875
3016994,6,0.7333333333333333,0.0,0.553072625698324
3016994,4,0.6571428571428571,0.0,0.30120481927710846
3016994,3,0.6923076923076923,0.0,0.4954954954954955
3016994,5,0.4731182795698925,87819.0,0.7658959537572254
3035195,1,1.0,165091.0,0.3590836441129462
3035195,2,0.5,68687451936.0,0.6418181818181818
3035195,3,0.5,0.0,0.6306784660766962
3035195,4,0.25,0.0,0.5533290239172592
3035195,5,0.2,41442.0,0.30579531442663377
3035195,6,0.0,0.0,0.2726423902894491
3035195,7,0.0,0.0,0.41864951768488745
3036393,1,0.6176470588235294,25314.0,0.5923566878980892
3036393,2,0.6764705882352942,25369.0,0.48576512455516013
3036976,7,0.47368421052631576,0.0,0.7345132743362832
3036976,3,0.6009174311926605,0.0,0.6687898089171974
3036976,4,0.39705882352941174,0.0,0.7246376811594203
3036976,6,0.47368421052631576,0.0,0.782051282051282
3036976,5,0.5966386554621849,76620.0,0.4851063829787234
3036976,1,0.6837416481069042,30602.0,0.8181818181818182
3036976,2,0.6302003081664098,12118170688.0,0.4192708333333333
3039645,1,0.6,34518.0,0.8163265306122449
3039645,2,0.5833333333333334,27652.0,0.7645985401459854
3039645,7,0.34146341463414637,0.0,0.7027027027027027
3039645,5,0.32608695652173914,61805.0,0.409375
3040590,1,0.5,68687451936.0,0.7896440129449838
3040590,5,0.4,32759.0,0.4246575342465753
3040590,4,0.6956521739130435,0.0,0.5964912280701754
3044483,2,0.5,68687451936.0,0.6418181818181818
3044483,3,0.5,0.0,0.6306784660766962
3044483,4,0.375,0.0,0.47123464770523593
3044483,6,0.6666666666666666,0.0,0.47619047619047616
3044483,7,0.0,0.0,0.6019292604501608
3044483,1,0.7727272727272727,18899.0,0.9135802469135802
3044483,5,0.6,146004.0,0.6857142857142857
3051799,1,1.0,29790.0,0.3590836441129462
3051799,2,0.5,68687451936.0,0.6418181818181818
3051799,3,0.5,0.0,0.1687315634218289
3051799,4,0.25,0.0,0.5533290239172592
3051799,5,0.2,16487.0,0.30579531442663377
3051799,6,0.0,0.0,0.6451914098972923
3051799,7,0.3333333333333333,0.0,0.490032154340836
3058657,1,0.3333333333333333,55174.0,0.554140127388535
3058657,2,0.8275862068965517,30569.0,0.7744360902255639
3058657,3,0.7272727272727273,0.0,0.8305084745762712
3058657,5,0.5953947368421053,30767.0,0.6006600660066007
3058874,1,0.5,28373.0,0.3590836441129462
3058874,2,0.5,68687451936.0,0.6418181818181818
3058874,3,0.5,0.0,0.6312684365781711
3058874,4,0.25,0.0,0.47123464770523593
3058874,6,0.3333333333333333,0.0,0.6185185185185185
3058874,7,0.6666666666666666,0.0,0.41864951768488745
3058874,5,0.4666666666666667,96344.0,0.6863905325443787
3058936,1,1.0,25098.0,0.3590836441129462
3058936,3,1.0,0.0,0.1687315634218289
3058936,4,0.375,0.0,0.5533290239172592
3058936,6,0.6666666666666666,0.0,0.43137254901960786
3058936,7,0.3333333333333333,0.0,0.490032154340836
3058936,2,0.78125,20933.0,0.7216748768472906
3058936,5,0.45714285714285713,19230.0,0.6056910569105691
3065819,6,0.7777777777777778,0.0,0.46296296296296297
3065819,3,0.4827586206896552,0.0,0.6111111111111112
3065819,7,0.4642857142857143,0.0,0.3132530120481928
3065819,2,0.5652173913043478,25427.0,0.5380952380952381
3065819,1,0.6190476190476191,28444.0,0.7956989247311828
3065819,4,0.5113636363636364,0.0,0.5
3065819,5,0.42857142857142855,39718.0,0.7614678899082569
3071227,2,1.0,27257.0,0.6729411764705883
3071227,5,0.5,34762.0,0.5663157894736842
3075668,1,0.5,24974.0,0.3590836441129462
3075668,2,0.5,68687451936.0,0.6418181818181818
3075668,3,0.0,0.0,0.6306784660766962
3075668,4,0.125,0.0,0.5533290239172592
3075668,5,0.2,15578.0,0.30579531442663377
3075668,6,0.3333333333333333,0.0,0.2726423902894491
3075668,7,0.0,0.0,0.41864951768488745
3077264,1,0.5,26713.0,0.3590836441129462
3077264,2,0.5,68687451936.0,0.6418181818181818
3077264,3,0.0,0.0,0.6306784660766962
3077264,4,0.125,0.0,0.47123464770523593
3077264,5,0.0,23436.0,0.30579531442663377
3077264,6,0.0,0.0,0.47619047619047616
3077264,7,0.0,0.0,0.27138263665594853
3083660,1,0.5,68687451936.0,0.8808290155440415
3083660,5,0.45714285714285713,34593.0,0.4897959183673469
3084990,1,1.0,24721.0,0.3590836441129462
3084990,2,0.5,68687451936.0,0.6418181818181818
3084990,3,0.5,0.0,0.6306784660766962
3084990,4,0.625,0.0,0.47123464770523593
3084990,5,0.2,61081.0,0.30579531442663377
3084990,6,0.6666666666666666,0.0,0.42663378545006164
3084990,7,0.0,0.0,0.6019292604501608
3091549,2,0.7777777777777778,32322.0,0.5703125
3091549,5,0.6875,45322.0,0.45918367346938777
3093025,2,0.6666666666666666,23224.0,0.7517241379310344
3093025,5,0.7368421052631579,18026.0,0.5019685039370079
3095072,2,0.7241379310344828,24017.0,0.684375
3095072,5,0.5,19663.0,0.813953488372093
3098296,7,0.7894736842105263,0.0,0.75
3098296,5,0.6881720430107527,163368.0,0.5504587155963303
3098296,6,0.7074829931972789,0.0,0.6048387096774194
3098296,1,0.7419354838709677,64457.0,0.5795454545454546
3098296,2,0.68,114900.0,0.7777777777777778
3098296,3,0.576271186440678,0.0,0.7857142857142857
3098296,4,0.6604651162790698,0.0,0.7142857142857143
3112157,1,0.5,25655.0,0.3590836441129462
3112157,3,0.5,0.0,0.1687315634218289
3112157,4,0.375,0.0,0.5533290239172592
3112157,5,0.0,13191.0,0.30579531442663377
3112157,6,0.3333333333333333,0.0,0.4580246913580247
3112157,7,0.3333333333333333,0.0,0.6019292604501608
3112157,2,0.3333333333333333,32448.0,0.7727272727272727
3117784,5,0.4375,17216.0,0.7300613496932515
3117954,2,0.5714285714285714,29095.0,0.7914110429447853
3117954,5,0.45454545454545453,43363.0,0.7924528301886793
3126556,1,1.0,24170.0,0.3590836441129462
3126556,2,0.5,68687451936.0,0.6418181818181818
3126556,3,1.0,0.0,0.6306784660766962
3126556,4,0.875,0.0,0.47123464770523593
3126556,5,1.0,9246.0,0.30579531442663377
3126556,6,1.0,0.0,0.6185185185185185
3126556,7,1.0,0.0,0.27138263665594853
3127066,2,0.0,128321.0,0.6777493606138107
3127066,5,0.5384615384615384,35783.0,0.8672566371681416
3127066,1,0.8666666666666667,18390.0,0.813953488372093
3127066,4,1.0,0.0,0.8148148148148148
3127066,7,0.25,0.0,0.7359550561797753
3129599,1,0.5,30046.0,0.3590836441129462
3129599,2,0.5,68687451936.0,0.6418181818181818
3129599,3,0.5,0.0,0.6306784660766962
3129599,4,0.375,0.0,0.47123464770523593
3129599,5,0.6,18367.0,0.30579531442663377
3129599,6,1.0,0.0,0.47619047619047616
3129599,7,0.6666666666666666,0.0,0.41864951768488745
3132568,1,0.8269230769230769,32686.0,0.875
3132568,5,0.4878048780487805,30929.0,0.4560810810810811
3132568,2,0.8518518518518519,111456.0,0.559228650137741
3148190,3,0.0,0.0,0.6306784660766962
3148190,4,0.25,0.0,0.42857142857142855
3148190,5,0.2,15763.0,0.30579531442663377
3148190,6,0.3333333333333333,0.0,0.2726423902894491
3148190,7,0.0,0.0,0.41864951768488745
3148190,1,0.7272727272727273,30286.0,0.8020304568527918
3148190,2,0.5357142857142857,25561.0,0.9110320284697508
3157163,1,0.5,26654.0,0.3590836441129462
3157163,2,0.5,68687451936.0,0.6418181818181818
3157163,3,1.0,0.0,0.6306784660766962
3157163,4,0.125,0.0,0.5533290239172592
3157163,6,0.0,0.0,0.2726423902894491
3157163,7,0.0,0.0,0.490032154340836
3157163,5,0.2,23744.0,0.7045454545454546
3168913,2,0.5384615384615384,36855.0,0.6971428571428572
3168913,5,0.32608695652173914,115010.0,0.2827586206896552
3168913,6,0.3191489361702128,0.0,0.9081081081081082
3168913,1,0.54,28770.0,0.751131221719457
3171221,1,0.5,68687451936.0,0.7184466019417476
3171221,2,0.7285714285714285,50696.0,0.4612546125461255
3171221,5,0.4811320754716981,54731.0,0.34782608695652173
3175558,5,0.4375,48522.0,0.4919786096256685
3180340,1,0.7692307692307693,30376.0,0.7926829268292683
3180340,2,0.8095238095238095,514251916.0,0.7952755905511811
3180340,4,0.7282608695652174,0.0,0.7272727272727273
3180340,3,0.75,0.0,0.5477707006369427
3180340,7,0.7217391304347827,0.0,0.5224719101123596
3180340,6,0.696969696969697,0.0,0.5486725663716814
3180340,5,0.7186311787072244,31017.0,0.75
3182327,2,1.0,26304.0,0.9523809523809523
3182327,1,0.5,68687451936.0,0.9423076923076923
3182327,5,0.42857142857142855,518053.0,0.7083333333333334
3189816,5,0.5,19663.0,0.43661971830985913
3192663,1,0.5,26196.0,0.3590836441129462
3192663,2,0.5,68687451936.0,0.6418181818181818
3192663,3,0.5,0.0,0.6306784660766962
3192663,4,0.125,0.0,0.5533290239172592
3192663,5,0.0,32137.0,0.30579531442663377
3192663,6,0.3333333333333333,0.0,0.47619047619047616
3192663,7,0.6666666666666666,0.0,0.6019292604501608
3194563,1,0.6896551724137931,22369.0,0.3608490566037736
3194974,1,0.5,41343.0,0.3590836441129462
3194974,2,0.5,68687451936.0,0.6418181818181818
3194974,3,0.5,0.0,0.6306784660766962
3194974,4,0.375,0.0,0.5533290239172592
3194974,5,0.6,77131.0,0.30579531442663377
3194974,6,0.6666666666666666,0.0,0.4580246913580247
3194974,7,0.6666666666666666,0.0,0.6019292604501608
3200883,1,1.0,40866.0,0.3590836441129462
3200883,2,0.5,68687451936.0,0.6418181818181818
3200883,3,0.5,0.0,0.6312684365781711
3200883,4,0.0,0.0,0.47123464770523593
3200883,5,0.2,30255.0,0.30579531442663377
3200883,6,0.3333333333333333,0.0,0.2726423902894491
3200883,7,0.6666666666666666,0.0,0.490032154340836
3202065,1,0.5,68687451936.0,0.7896440129449838
3202065,7,0.23076923076923078,0.0,0.813953488372093
3202065,6,0.7058823529411765,0.0,0.7412280701754386
3202065,2,0.0,3832517086.0,0.8082089552238806
3202065,5,0.5396825396825397,93237.0,0.8823529411764706
3202837,5,0.5,39429.0,0.5952380952380952
3202837,2,0.2222222222222222,31600.0,0.3655913978494624
3203826,2,0.6666666666666666,50093.0,0.7195652173913043
3203826,5,0.36,27203.0,0.8333333333333334
3203826,6,0.6808510638297872,0.0,0.3181818181818182
3216089,4,0.25,0.0,0.42857142857142855
3216089,7,0.0,0.0,0.6019292604501608
3216089,1,0.8378378378378378,26927.0,0.8122977346278317
3216089,6,0.5263157894736842,0.0,0.8666666666666667
3216089,2,0.8255813953488372,84333208.0,0.6831683168316832
3216089,3,0.7790697674418605,0.0,0.9702970297029703
3216089,5,0.7041420118343196,55178.0,0.45
3218907,1,0.9146341463414634,40844.0,0.8947368421052632
3218907,2,0.8653846153846154,151639.0,0.8355263157894737
3218907,6,0.7089201877934272,0.0,0.8984771573604061
3218907,7,0.735,0.0,0.6363636363636364
3218907,4,0.7938144329896907,0.0,0.75
3218907,3,0.8467153284671532,0.0,0.9397590361445783
3218907,5,0.6832504145936982,60667.0,0.72
3222754,1,0.9090909090909091,68005.0,0.759581881533101
3222754,2,0.5151515151515151,81343.0,0.8605769230769231
3222754,5,0.6732673267326733,40067.0,0.7413793103448276
3224135,2,0.4166666666666667,7312.0,0.8173913043478261
3224135,5,0.3125,10206.0,0.5454545454545454
3228511,1,0.8888888888888888,35600.0,0.35410764872521244
3228511,2,0.8484848484848485,23175.0,0.3655913978494624
3228511,3,0.8421052631578947,0.0,0.8723404255319149
3228511,4,0.8672566371681416,0.0,0.9855072463768116
3228511,7,0.8426966292134831,0.0,0.8888888888888888
3228511,5,0.8018433179723502,35175.0,0.5167464114832536
3228511,6,0.8651162790697674,0.0,0.7782608695652173
3230528,2,0.7368421052631579,26295.0,0.8649921507064364
3230528,1,0.8,35388.0,0.628140703517588
3230528,6,1.0,0.0,0.746606334841629
3230528,5,0.5714285714285714,19226.0,0.4318181818181818
3232998,1,0.0,29058.0,0.3590836441129462
3232998,2,0.5,68687451936.0,0.6418181818181818
3232998,3,0.5,0.0,0.6306784660766962
3232998,4,0.125,0.0,0.47123464770523593
3232998,5,0.0,19129.0,0.30579531442663377
3232998,6,0.6666666666666666,0.0,0.47619047619047616
3232998,7,0.6666666666666666,0.0,0.490032154340836
3233182,3,0.7451820128479657,0.0,0.6904761904761905
3233182,6,0.6835573940020683,0.0,0.4444444444444444
3233182,7,0.66796875,0.0,0.7727272727272727
3233182,1,0.7045454545454546,39869.0,0.3383458646616541
3233182,4,0.6987012987012987,0.0,0.8584070796460177
3233182,2,0.6538922155688622,32610.0,0.5471698113207547
3233182,5,0.6506386175807664,118477.0,0.6111111111111112
3234484,5,0.6666666666666666,64289.0,0.6018518518518519
3234484,2,0.75,136143.0,0.6457627118644068
3237407,1,0.5,30428.0,0.3590836441129462
3237407,2,0.5,68687451936.0,0.6418181818181818
3237407,3,0.0,0.0,0.1687315634218289
3237407,4,0.375,0.0,0.5533290239172592
3237407,5,0.2,14683.0,0.30579531442663377
3237407,6,0.0,0.0,0.6451914098972923
3237407,7,0.0,0.0,0.27138263665594853
3240297,5,0.3333333333333333,20371.0,0.6
3240297,2,0.7575757575757576,25653.0,0.4787234042553192
3242395,5,0.75,114869.0,0.7096774193548387
3242395,2,0.5454545454545454,31563.0,0.6121212121212121
3242395,1,0.7931034482758621,37271.0,0.667741935483871
3254436,5,0.7857142857142857,14022.0,0.36666666666666664
3254436,1,0.8292682926829268,36017.0,0.6515151515151515
3254436,6,0.8148148148148148,0.0,0.4645669291338583
3254436,7,0.7901234567901234,0.0,0.9722222222222222
3254436,4,0.6967741935483871,0.0,0.8857142857142857
3254436,2,0.7647058823529411,36964.0,0.6227272727272727
3254436,3,0.7647058823529411,0.0,0.7454545454545455
3258925,5,0.4444444444444444,3571.0,0.43
3258925,2,0.0,77854.0,0.8313253012048193
3259641,2,0.6713286713286714,23734.0,0.6272401433691757
3259641,5,0.5605381165919282,17117.0,0.6760259179265659
3259772,3,0.5,0.0,0.6312684365781711
3259772,4,0.5,0.0,0.5533290239172592
3259772,6,0.6666666666666666,0.0,0.42663378545006164
3259772,7,1.0,0.0,0.41864951768488745
3259772,1,0.6666666666666666,984076333.0,0.3590836441129462
3259772,2,0.7411764705882353,47385.0,0.5416666666666666
3259772,5,0.5643564356435643,11751.0,0.70703125
3270696,3,0.7169811320754716,0.0,0.7590361445783133
3270696,4,0.6470588235294118,0.0,0.38095238095238093
3270696,7,0.7,0.0,0.6372549019607843
3270696,1,0.8476190476190476,40697.0,0.6071428571428571
3270696,6,0.6190476190476191,0.0,0.7189349112426036
3270696,2,0.7712765957446809,24127.0,0.7522522522522522
3270696,5,0.6854460093896714,31383.0,0.6293103448275862
3276462,2,0.5,68687451936.0,0.6418181818181818
3276462,3,0.5,0.0,0.6306784660766962
3276462,4,0.25,0.0,0.5533290239172592
3276462,6,1.0,0.0,0.4067796610169492
3276462,7,0.0,0.0,0.6019292604501608
3276462,1,1.0,28279.0,0.7787610619469026
3276462,5,0.8317757009345794,1765419.0,0.5137931034482759
3279438,1,0.9,46435.0,0.8311688311688312
3279438,2,0.78125,100698.0,0.8554216867469879
3279438,3,1.0,0.0,0.9433962264150944
3279438,4,0.5714285714285714,0.0,0.9035087719298246
3279438,5,0.4,434764292.0,0.8252427184466019
3286414,1,0.5,22316.0,0.3590836441129462
3286414,2,0.5,68687451936.0,0.6418181818181818
3286414,3,0.0,0.0,0.1687315634218289
3286414,4,0.25,0.0,0.42857142857142855
3286414,5,0.6,15724.0,0.30579531442663377
3286414,6,0.0,0.0,0.43137254901960786
3286414,7,0.3333333333333333,0.0,0.6019292604501608
3297385,5,0.4,27316.0,0.24855491329479767
3297385,1,0.5714285714285714,48499.0,0.925531914893617
3297385,4,0.5,0.0,0.8546255506607929
3297385,2,0.40828402366863903,24936.0,0.6633663366336634
3311379,1,1.0,26323.0,0.6757990867579908
3311379,2,0.6956521739130435,25104.0,0.8053097345132744
3311379,5,0.5252525252525253,26470.0,0.7341772151898734
3312620,1,1.0,22708.0,0.3590836441129462
3312620,2,0.5,68687451936.0,0.6418181818181818
3312620,3,0.5,0.0,0.6306784660766962
3312620,4,0.75,0.0,0.5533290239172592
3312620,5,0.6,25153.0,0.30579531442663377
3312620,6,0.6666666666666666,0.0,0.43137254901960786
3312620,7,0.6666666666666666,0.0,0.6019292604501608
3320698,1,0.5,26421.0,0.3590836441129462
3320698,2,0.5,68687451936.0,0.6418181818181818
3320698,3,0.0,0.0,0.6306784660766962
3320698,4,0.125,0.0,0.47123464770523593
3320698,5,0.2,33296.0,0.30579531442663377
3320698,6,0.6666666666666666,0.0,0.4580246913580247
3320698,7,0.6666666666666666,0.0,0.6019292604501608
3334852,1,0.5,29869.0,0.3590836441129462
3334852,2,0.5,68687451936.0,0.6418181818181818
3334852,3,0.5,0.0,0.6306784660766962
3334852,4,0.5,0.0,0.5533290239172592
3334852,6,0.3333333333333333,0.0,0.6451914098972923
3334852,7,1.0,0.0,0.490032154340836
3334852,5,0.4666666666666667,28420.0,0.7090301003344481
3337145,1,0.5,68687451936.0,0.5608108108108109
3337145,2,1.0,507108.0,0.6597014925373135
3337145,5,0.16666666666666666,16966.0,0.516504854368932
3338062,2,0.6601941747572816,31322.0,0.85
3338062,5,0.69375,15994.0,0.7096774193548387
3355640,1,0.5,68687451936.0,0.9423076923076923
3355640,2,0.6,24255.0,0.5735294117647058
3355640,5,0.4117647058823529,38357.0,0.6466876971608833
3357157,1,1.0,25560.0,0.3590836441129462
3357157,2,0.5,68687451936.0,0.6418181818181818
3357157,3,0.5,0.0,0.1687315634218289
3357157,4,0.5,0.0,0.47123464770523593
3357157,5,1.0,52148.0,0.30579531442663377
3357157,6,0.3333333333333333,0.0,0.828395061728395
3357157,7,0.6666666666666666,0.0,0.490032154340836
3375969,1,0.4666666666666667,32996.0,0.6736842105263158
3375969,2,0.6756756756756757,23059.0,0.6971428571428572
3375969,3,0.7,0.0,0.312
3375969,5,0.5476190476190477,20412.0,0.6818181818181818
3381435,5,0.3,14200.0,0.47580645161290325
3381435,1,0.5,68687451936.0,0.4031620553359684
3382901,1,1.0,26891.0,0.3590836441129462
3382901,2,0.5,68687451936.0,0.6418181818181818
3382901,3,0.0,0.0,0.6312684365781711
3382901,4,0.375,0.0,0.47123464770523593
3382901,5,0.4,47636.0,0.30579531442663377
3382901,6,0.0,0.0,0.47619047619047616
3382901,7,0.0,0.0,0.41864951768488745
3392024,5,0.6153846153846154,34711.0,0.7948717948717948
3392024,2,0.7419354838709677,23902.0,0.696969696969697
3392192,1,0.8,38628.0,0.9468085106382979
3392192,2,0.8181818181818182,34513.0,0.6477987421383647
3392192,3,0.8571428571428571,0.0,0.6090909090909091
3392192,6,0.7333333333333333,0.0,0.6607142857142857
3392192,5,0.5,30190.0,0.7064220183486238
3393446,1,1.0,27665.0,0.3590836441129462
3393446,2,0.5,68687451936.0,0.6418181818181818
3393446,3,0.5,0.0,0.6312684365781711
3393446,4,0.25,0.0,0.47123464770523593
3393446,5,0.2,49092.0,0.30579531442663377
3393446,6,0.0,0.0,0.6451914098972923
3393446,7,0.6666666666666666,0.0,0.27138263665594853
3400938,3,0.5,0.0,0.1687315634218289
3400938,4,0.375,0.0,0.42857142857142855
3400938,1,0.8088235294117647,30514.0,0.7937219730941704
3400938,5,0.5619047619047619,42023.0,0.5230769230769231
3400938,2,0.6538461538461539,27925.0,0.684931506849315
3400938,6,0.42857142857142855,0.0,0.7518248175182481
3447140,1,0.5,68687451936.0,0.37637362637362637
3447140,2,0.7419354838709677,22695.0,0.8103448275862069
3447140,5,0.5641025641025641,36797.0,0.5227272727272727
3456507,1,0.5,24795.0,0.3590836441129462
3456507,2,0.5,68687451936.0,0.6418181818181818
3456507,3,0.5,0.0,0.6306784660766962
3456507,4,0.75,0.0,0.5533290239172592
3456507,5,0.2,30195.0,0.30579531442663377
3456507,6,0.6666666666666666,0.0,0.42663378545006164
3456507,7,0.6666666666666666,0.0,0.41864951768488745
3456709,1,1.0,24438.0,0.3590836441129462
3456709,2,0.5,68687451936.0,0.6418181818181818
3456709,3,0.5,0.0,0.6306784660766962
3456709,4,0.25,0.0,0.42857142857142855
3456709,6,0.6666666666666666,0.0,0.4580246913580247
3456709,7,0.6666666666666666,0.0,0.27138263665594853
3456709,5,0.4,28721.0,0.5553505535055351
3457883,2,0.8888888888888888,117094.0,0.7816593886462883
3457883,5,0.42857142857142855,86954.0,0.45634266886326197
3459591,7,0.6666666666666666,0.0,0.27138263665594853
3459591,3,0.8769230769230769,0.0,0.625
3459591,1,0.6857142857142857,25193.0,0.6927083333333334
3459591,5,0.7151515151515152,36445.0,0.3315018315018315
3459591,6,0.782608695652174,0.0,0.695906432748538
3459591,4,0.6818181818181818,0.0,0.5405405405405406
3459591,2,0.6567164179104478,35996.0,0.7611940298507462
3460877,2,0.2222222222222222,27049.0,0.39185393258426965
3460877,5,0.3157894736842105,30078.0,0.6610169491525424
3470966,1,0.5,31649.0,0.3590836441129462
3470966,2,0.5,68687451936.0,0.6418181818181818
3470966,3,0.0,0.0,0.6312684365781711
3470966,4,0.25,0.0,0.5533290239172592
3470966,5,0.6,16793.0,0.30579531442663377
3470966,6,0.0,0.0,0.2726423902894491
3470966,7,0.0,0.0,0.41864951768488745
3488047,1,0.5,68687451936.0,0.37637362637362637
3488047,2,0.9,27707.0,0.8649921507064364
3488047,5,0.4411764705882353,17667.0,0.7407407407407407
3489479,1,0.6666666666666666,98063.0,0.7789473684210526
3489479,5,0.5454545454545454,19485.0,0.323943661971831
3499996,4,0.5,0.0,0.8006872852233677
3499996,6,0.7111111111111111,0.0,0.7307692307692307
3499996,5,0.6164383561643836,32256.0,0.7714285714285715
3499996,3,0.825,0.0,0.6
3499996,1,0.7,28281.0,0.43342776203966005
3499996,2,0.6216216216216216,22830.0,0.7254004576659039
3502397,2,0.9,33926.0,0.8082089552238806
3502397,5,0.7428571428571429,27227.0,0.8032786885245902
3504886,1,0.5,68687451936.0,0.6385542168674698
3504886,5,0.625,43893.0,0.7006369426751592
3504886,2,1.0,6742464728.0,0.6821192052980133
3504999,5,0.6410256410256411,65737.0,0.6622516556291391
3505219,1,1.0,23717.0,0.3590836441129462
3505219,3,0.5,0.0,0.6312684365781711
3505219,4,0.375,0.0,0.47123464770523593
3505219,5,0.4,31435.0,0.30579531442663377
3505219,6,0.0,0.0,0.2726423902894491
3505219,7,0.3333333333333333,0.0,0.27138263665594853
3505219,2,0.5833333333333334,44780.0,0.6947040498442367
3515794,6,0.627906976744186,0.0,0.5542168674698795
3515794,5,0.4639175257731959,25668.0,0.6802973977695167
3515794,1,1.0,5262386597.0,0.4174336762317271
3523153,1,0.5,27583.0,0.3590836441129462
3523153,3,0.5,0.0,0.6312684365781711
3523153,4,0.375,0.0,0.42857142857142855
3523153,5,0.4,22193.0,0.30579531442663377
3523153,6,0.6666666666666666,0.0,0.4580246913580247
3523153,7,0.3333333333333333,0.0,0.6019292604501608
3523153,2,0.9,33957.0,0.828125
3532660,1,0.5,68687451936.0,0.43342776203966005
3532660,2,0.5,68687451936.0,0.5939086294416244
3532660,5,0.5217391304347826,12352.0,0.5199543899657925
3536255,2,0.0,7451.0,0.676056338028169
3536255,5,0.6428571428571429,26139.0,0.5447154471544715
3538306,5,0.45652173913043476,7650768.0,0.49379310344827587
3538306,1,0.76,40610.0,0.8656716417910447
3538306,2,0.6904761904761905,26358.0,0.6538461538461539
3538306,3,0.5894736842105263,0.0,0.6567164179104478
3538306,4,0.44537815126050423,0.0,0.7391304347826086
3538306,7,0.3350253807106599,0.0,0.5277777777777778
3538306,6,0.49859154929577465,0.0,0.8235294117647058
3539143,1,0.6610169491525424,24405.0,0.875
3539494,2,0.8,30525.0,0.8571428571428571
3549886,2,1.0,20029.0,0.8783783783783784
3549886,5,0.6511627906976745,49503.0,0.7777777777777778
3550735,3,0.9130434782608695,0.0,0.6
3550735,2,0.84,35102.0,0.666030534351145
3550735,7,0.8787878787878788,0.0,0.6388888888888888
3550735,6,0.7837837837837838,0.0,0.3684210526315789
3550735,1,0.9423076923076923,24889.0,0.41697416974169743
3550735,4,0.71875,0.0,0.7169811320754716
3550735,5,0.7717391304347826,615066.0,0.5714285714285714
3551211,5,0.8085106382978723,98855.0,0.88
3551211,6,0.8010752688172043,0.0,0.7333333333333333
3551211,7,0.8717948717948718,0.0,0.6521739130434783
3551211,4,0.7737226277372263,0.0,0.6320754716981132
3551211,3,0.7560975609756098,0.0,0.7668711656441718
3551211,1,0.75,89299.0,0.8153846153846154
3551211,2,0.7,103011.0,0.42997198879551823
3551713,2,0.9166666666666666,17536.0,0.7894736842105263
3551713,5,0.6923076923076923,27171.0,0.6394849785407726
3553144,1,0.5,68687451936.0,0.7896440129449838
3553144,5,0.631578947368421,34553.0,0.6382978723404256
3554489,1,0.5,68687451936.0,0.9148936170212766
3554489,5,0.4666666666666667,20096.0,0.5260223048327137
3554489,2,0.8888888888888888,28462.0,0.3655913978494624
3556553,2,0.8888888888888888,36684.0,0.8114754098360656
3556553,1,1.0,50224.0,0.8541666666666666
3556553,5,0.6170212765957447,39046.0,0.6029411764705882
3556553,6,0.2857142857142857,0.0,0.6402439024390244
3556553,7,0.7142857142857143,0.0,0.7108433734939759
3559456,1,0.5,68687451936.0,0.9423076923076923
3559456,2,0.6,27027.0,0.8278688524590164
3559456,5,0.4166666666666667,35287.0,0.5148514851485149
3559994,6,0.8947368421052632,0.0,0.31958762886597936
3559994,7,0.7297297297297297,0.0,0.42857142857142855
3559994,5,0.5806451612903226,87637.0,0.45546218487394957
3559994,4,0.7068965517241379,0.0,0.6666666666666666
3559994,3,0.7032258064516129,0.0,0.9029126213592233
3559994,1,0.55,40642.0,0.7777777777777778
3559994,2,0.7475728155339806,77777.0,0.8823529411764706
3569270,1,0.5,68687451936.0,0.9135802469135802
3569270,2,0.75,48343.0,0.5939086294416244
3569270,5,0.5,56397.0,0.7019230769230769
3573869,2,0.6851851851851852,101125.0,0.6046511627906976
3573869,5,0.6816143497757847,18929.0,0.875
3574310,2,0.8888888888888888,41242.0,0.9473684210526315
3574310,5,0.6923076923076923,101059.0,0.5061728395061729
3580801,1,0.5,68687451936.0,0.6688741721854304
3580801,2,0.5,29831.0,0.3339130434782609
3580801,5,0.6086956521739131,23122.0,0.5555555555555556
3609410,1,0.5,28198.0,0.3590836441129462
3609410,2,0.5,68687451936.0,0.6418181818181818
3609410,3,0.5,0.0,0.6312684365781711
3609410,4,0.375,0.0,0.47123464770523593
3609410,5,0.2,48182.0,0.30579531442663377
3609410,6,0.6666666666666666,0.0,0.4580246913580247
3609410,7,0.3333333333333333,0.0,0.27138263665594853
3621581,1,1.0,28063.0,0.3590836441129462
3621581,2,0.5,68687451936.0,0.6418181818181818
3621581,3,0.5,0.0,0.6312684365781711
3621581,4,0.25,0.0,0.47123464770523593
3622588,1,0.5,68687451936.0,0.6688741721854304
3622588,2,0.4444444444444444,26885.0,0.48663101604278075
3622588,5,0.46153846153846156,18946.0,0.6127659574468085
3623869,5,0.3684210526315789,41006.0,0.5364583333333334
3624867,3,0.5,0.0,0.6312684365781711
3624867,1,0.6666666666666666,5284451338.0,0.4174336762317271
3624867,4,0.2727272727272727,0.0,0.23000619962802232
3624867,7,0.36363636363636365,0.0,0.27138263665594853
3624867,6,0.42857142857142855,0.0,0.42663378545006164
3624867,5,0.6817102137767221,24302.0,0.5466666666666666
3624867,2,0.7360594795539034,25600.0,0.6132075471698113
3633096,2,1.0,25478.0,0.6777493606138107
3633096,5,0.4375,82289.0,0.5504587155963303
3637398,4,0.851063829787234,0.0,0.359375
3637398,3,0.8108108108108109,0.0,0.7440476190476191
3637398,7,0.7454545454545455,0.0,0.6944444444444444
3637398,5,0.6476190476190476,32362.0,0.5260223048327137
3637398,6,0.7731707317073171,0.0,0.6730769230769231
3637398,1,0.8208955223880597,33622.0,0.8163265306122449
3637398,2,0.8076923076923077,30366.0,0.4627450980392157
3637566,2,0.6666666666666666,23422.0,0.752
3637566,5,0.6875,34230.0,0.8333333333333334
3645220,2,0.8703703703703703,45479.0,0.5573770491803278
3645220,5,0.5833333333333334,131482142.0,0.7068965517241379
3646751,2,0.8372093023255814,19118.0,0.4192708333333333
3646751,5,0.7241379310344828,20549.0,0.6916666666666667
3654869,1,0.5,30064.0,0.3590836441129462
3654869,2,0.5,68687451936.0,0.6418181818181818
3654869,3,0.5,0.0,0.1687315634218289
3654869,4,0.375,0.0,0.47123464770523593
3654869,5,0.4,38001.0,0.30579531442663377
3654869,6,0.6666666666666666,0.0,0.6185185185185185
3654869,7,0.3333333333333333,0.0,0.490032154340836
3667421,1,0.0,447311.0,0.3590836441129462
3667421,3,0.0,0.0,0.6306784660766962
3667421,4,0.375,0.0,0.47123464770523593
3667421,6,0.3333333333333333,0.0,0.42663378545006164
3667421,7,0.3333333333333333,0.0,0.41864951768488745
3667421,2,0.6512605042016807,22733.0,0.7589743589743589
3667421,5,0.6495726495726496,17885.0,0.7682926829268293
3673530,1,0.5,25509.0,0.3590836441129462
3673530,2,0.5,68687451936.0,0.6418181818181818
3673530,3,0.5,0.0,0.6306784660766962
3673530,4,0.5,0.0,0.5533290239172592
3673530,5,0.4,30516.0,0.30579531442663377
3673530,6,0.3333333333333333,0.0,0.42663378545006164
3673530,7,1.0,0.0,0.27138263665594853
3673674,1,1.0,26532.0,0.3590836441129462
3673674,2,0.5,68687451936.0,0.6418181818181818
3673674,3,0.0,0.0,0.1687315634218289
3673674,4,0.25,0.0,0.42857142857142855
3673674,5,0.6,20268.0,0.30579531442663377
3673674,6,0.3333333333333333,0.0,0.2726423902894491
3673674,7,0.0,0.0,0.490032154340836
3676531,2,0.8205128205128205,73004.0,0.96
3676531,5,0.6833333333333333,33566.0,0.5263157894736842
3680487,7,0.6666666666666666,0.0,0.27138263665594853
3680487,4,0.4805194805194805,0.0,0.5652173913043478
3680487,6,0.5,0.0,0.338368580060423
3680487,3,0.4375,0.0,0.9090909090909091
3680487,2,0.5988538681948424,60785.0,0.8369565217391305
3680487,1,0.6738197424892703,42939.0,0.8700564971751412
3680487,5,0.41411042944785276,204891.0,0.78125
3685556,1,0.5,27710.0,0.3590836441129462
3685556,2,0.5,68687451936.0,0.6418181818181818
3685556,3,0.5,0.0,0.1687315634218289
3685556,4,0.25,0.0,0.47123464770523593
3685556,6,0.3333333333333333,0.0,0.2726423902894491
3685556,7,0.0,0.0,0.27138263665594853
3685556,5,0.4117647058823529,35797.0,0.8846153846153846
3686194,2,0.7794117647058824,29426.0,0.7819548872180451
3686194,5,0.7710280373831776,31455.0,0.3614457831325301
3695434,1,1.0,21808.0,0.3590836441129462
3695434,2,0.5,68687451936.0,0.6418181818181818
3695434,3,1.0,0.0,0.1687315634218289
3695434,4,0.0,0.0,0.23000619962802232
3700234,1,1.0,29510.0,0.3590836441129462
3700234,2,0.5,68687451936.0,0.6418181818181818
3700234,3,0.0,0.0,0.1687315634218289
3700234,4,0.125,0.0,0.42857142857142855
3700234,5,0.2,61994.0,0.30579531442663377
3700234,6,0.3333333333333333,0.0,0.828395061728395
3700234,7,0.0,0.0,0.6019292604501608
3706105,1,1.0,70591.0,0.7896440129449838
3706105,5,0.4230769230769231,48286.0,0.5961538461538461
3706105,2,0.7619047619047619,17011.0,0.8616780045351474
3716263,5,0.5555555555555556,42326.0,0.5581395348837209
3716263,2,1.0,257615.0,0.6614173228346457
3717734,5,0.42857142857142855,27477.0,0.4125
3717734,2,0.5,29162.0,0.7333333333333333
3725210,1,0.5,24507.0,0.3590836441129462
3725210,2,0.5,68687451936.0,0.6418181818181818
3725210,3,0.5,0.0,0.6306784660766962
3725210,4,0.125,0.0,0.47123464770523593
3725210,5,0.2,64134.0,0.30579531442663377
3725210,6,0.3333333333333333,0.0,0.4580246913580247
3725210,7,0.6666666666666666,0.0,0.490032154340836
3728845,1,0.5,76792.0,0.3590836441129462
3728845,2,0.5,68687451936.0,0.6418181818181818
3728845,3,0.0,0.0,0.6312684365781711
3728845,4,0.0,0.0,0.42857142857142855
3728845,5,0.8,23270.0,0.30579531442663377
3728845,6,0.3333333333333333,0.0,0.2726423902894491
3728845,7,0.6666666666666666,0.0,0.41864951768488745
3731308,5,0.5,48984.0,0.5355871886120996
3731308,2,1.0,29675.0,0.6455696202531646
3734133,1,0.0,27912.0,0.3590836441129462
3734133,3,0.0,0.0,0.6306784660766962
3734133,4,0.125,0.0,0.42857142857142855
3734133,6,0.6666666666666666,0.0,0.43137254901960786
3734133,7,0.3333333333333333,0.0,0.6019292604501608
3734133,5,0.8,13434.0,0.5673469387755102
3734133,2,0.9,42627.0,0.6831683168316832
3734286,2,0.5454545454545454,50779.0,0.9215686274509803
3734286,5,0.8571428571428571,82124.0,0.6896551724137931
3737252,5,0.23809523809523808,39726.0,0.25477707006369427
3737252,6,0.26666666666666666,0.0,0.6243093922651933
3737252,7,0.46153846153846156,0.0,0.689873417721519
3737635,2,0.0,24866.0,0.4772727272727273
3737635,5,0.35714285714285715,17436.0,0.5566037735849056
3742917,1,0.5,24595.0,0.3590836441129462
3742917,3,0.5,0.0,0.6306784660766962
3742917,4,0.375,0.0,0.47123464770523593
3742917,6,0.3333333333333333,0.0,0.4580246913580247
3742917,7,1.0,0.0,0.27138263665594853
3742917,5,0.5333333333333333,24395.0,0.6611295681063123
3742917,2,0.9,21046.0,0.9
3749425,3,0.5,0.0,0.6306784660766962
3749425,4,0.125,0.0,0.5533290239172592
3749425,7,0.0,0.0,0.490032154340836
3749425,6,0.42105263157894735,0.0,0.6
3749425,5,0.25,48535.0,0.7142857142857143
3749425,1,0.7128953771289538,29000.0,0.7096774193548387
3749425,2,0.5555555555555556,56445.0,0.8082089552238806
3754707,1,0.0,53862.0,0.8947368421052632
3754707,5,0.2,18222.0,0.8823529411764706
3754707,2,0.5555555555555556,25204.0,0.7142857142857143
3754835,1,0.5,26323.0,0.3590836441129462
3754835,2,0.5,68687451936.0,0.6418181818181818
3754835,3,0.0,0.0,0.6306784660766962
3754835,4,0.0,0.0,0.42857142857142855
3754835,7,0.0,0.0,0.41864951768488745
3754835,6,0.3333333333333333,0.0,0.43137254901960786
3754835,5,0.4,16185.0,0.7610619469026548
3755072,1,0.5,31703.0,0.3590836441129462
3755072,2,0.5,68687451936.0,0.6418181818181818
3755072,3,0.5,0.0,0.6306784660766962
3755072,4,0.5,0.0,0.42857142857142855
3755072,5,0.4,18786.0,0.30579531442663377
3755072,6,0.3333333333333333,0.0,0.43137254901960786
3755072,7,0.0,0.0,0.41864951768488745
3758080,5,0.5,18855.0,0.8367346938775511
3758080,2,0.6,93751.0,0.7962962962962963
3763060,1,0.5,68687451936.0,0.37637362637362637
3763060,2,0.7238095238095238,19473.0,0.6549295774647887
3763060,5,0.5098039215686274,60144.0,0.5576923076923077
3770381,7,1.0,0.0,0.7216494845360825
3770381,1,0.5,68687451936.0,0.8808290155440415
3770381,5,0.6153846153846154,106685.0,0.5714285714285714
3770381,6,0.6842105263157895,0.0,0.6770428015564203
3770381,2,0.6785714285714286,48194.0,0.666030534351145
3777688,1,1.0,31670.0,0.3590836441129462
3777688,3,0.5,0.0,0.6306784660766962
3777688,4,0.375,0.0,0.42857142857142855
3777688,6,0.3333333333333333,0.0,0.6185185185185185
3777688,7,0.6666666666666666,0.0,0.27138263665594853
3777688,2,0.9090909090909091,60063619.0,0.7645631067961165
3777688,5,0.6666666666666666,8598260.0,0.4282608695652174
3782245,1,0.5,68687451936.0,0.5608108108108109
3782245,5,0.76,55264.0,0.35
3783498,1,1.0,26091.0,0.3590836441129462
3783498,3,0.5,0.0,0.6312684365781711
3783498,4,0.25,0.0,0.47123464770523593
3783498,6,0.6666666666666666,0.0,0.4580246913580247
3783498,7,0.0,0.0,0.6019292604501608
3783498,2,0.7342657342657343,100354.0,0.7217391304347827
3783498,5,0.6950207468879668,55150.0,0.47706422018348627
3783593,1,0.5,68687451936.0,0.8132427843803056
3783593,6,0.5638297872340425,0.0,0.3495575221238938
3783593,5,0.4620253164556962,184858943.0,0.8034188034188035
3794853,1,0.5,24613.0,0.3590836441129462
3794853,2,0.5,68687451936.0,0.6418181818181818
3794853,3,0.0,0.0,0.6306784660766962
3794853,4,0.625,0.0,0.47123464770523593
3794853,5,0.2,22701.0,0.30579531442663377
3794853,6,0.6666666666666666,0.0,0.6185185185185185
3794853,7,0.6666666666666666,0.0,0.6019292604501608
3797536,1,0.5714285714285714,26773.0,0.8446601941747572
3809443,1,0.5,37899.0,0.3590836441129462
3809443,2,0.5,68687451936.0,0.6418181818181818
3809443,3,0.5,0.0,0.6306784660766962
3809443,4,0.375,0.0,0.42857142857142855
3809443,5,0.2,47471.0,0.30579531442663377
3809443,6,0.0,0.0,0.6451914098972923
3809443,7,1.0,0.0,0.27138263665594853
3811459,7,0.3333333333333333,0.0,0.41864951768488745
3811459,4,0.09090909090909091,0.0,0.37142857142857144
3811459,3,0.6363636363636364,0.0,0.6568627450980392
3811459,5,0.6052631578947368,288471523.0,0.30434782608695654
3811459,2,0.6511627906976745,131665.0,0.6088709677419355
3811459,6,0.6976744186046512,0.0,0.7542857142857143
3811459,1,0.5882352941176471,58487.0,0.9240506329113924
3820022,1,0.5,68687451936.0,0.7896440129449838
3820022,5,0.6666666666666666,73323.0,0.4696707105719237
3824269,4,0.6578947368421053,0.0,0.8292682926829268
3824269,7,0.6761904761904762,0.0,0.8846153846153846
3824269,5,0.6956031567080045,513231767.0,0.5918367346938775
3824269,1,0.7526315789473684,33828.0,0.8873873873873874
3824269,2,0.7472118959107806,46072.0,0.631578947368421
3824269,3,0.6776470588235294,0.0,0.6153846153846154
3824269,6,0.6548856548856549,0.0,0.6458333333333334
3832313,2,0.7986111111111112,23874.0,0.8605769230769231
3832313,5,0.594059405940594,23208.0,0.76
3833713,2,0.8181818181818182,54845.0,0.7054263565891473
3833713,5,0.578125,27714.0,0.782608695652174
3838215,7,0.7678855325914149,0.0,0.34782608695652173
3838215,6,0.7626262626262627,0.0,0.41379310344827586
3838215,1,0.8691588785046729,32158.0,0.9574468085106383
3838215,3,0.7995626822157434,0.0,0.48175182481751827
3838215,4,0.7366589327146171,0.0,0.5454545454545454
3838215,2,0.812933025404157,32360.0,0.6373626373626373
3838215,5,0.685286783042394,39872.0,0.47619047619047616
3839235,1,0.5,68687451936.0,0.7586206896551724
3839235,2,0.693069306930693,31899.0,0.676056338028169
3839235,5,0.5371900826446281,60777.0,0.6486988847583643
3841248,1,0.7857142857142857,34701.0,0.8787878787878788
3841248,6,0.2,0.0,0.9393939393939394
3841248,2,0.47058823529411764,27598.0,0.7962264150943397
3841248,5,0.31645569620253167,49704.0,0.6842105263157895
3848411,2,1.0,22580.0,0.6777493606138107
3848411,5,0.6391752577319587,965563085.0,0.3639705882352941
3852135,1,0.5,68687451936.0,0.8556701030927835
3852135,2,0.6415094339622641,63833.0,0.744
3852135,5,0.53125,50865.0,0.8431372549019608
3852517,1,1.0,37420.0,0.3590836441129462
3852517,2,0.5,68687451936.0,0.6418181818181818
3852517,3,0.5,0.0,0.6312684365781711
3852517,4,0.375,0.0,0.47123464770523593
3852517,5,0.6,26024.0,0.30579531442663377
3852517,6,0.6666666666666666,0.0,0.47619047619047616
3852517,7,1.0,0.0,0.27138263665594853
3855228,1,1.0,19814.0,0.3590836441129462
3855228,2,0.5,68687451936.0,0.6418181818181818
3855228,3,1.0,0.0,0.1687315634218289
3855228,4,0.5,0.0,0.42857142857142855
3855228,5,0.4,15691.0,0.30579531442663377
3855228,6,0.3333333333333333,0.0,0.43137254901960786
3855228,7,1.0,0.0,0.41864951768488745
3883025,1,1.0,30924.0,0.3590836441129462
3883025,2,0.5,68687451936.0,0.6418181818181818
3883025,3,0.0,0.0,0.6312684365781711
3883025,4,0.5,0.0,0.42857142857142855
3883025,5,0.2,23220.0,0.30579531442663377
3883025,6,0.3333333333333333,0.0,0.4580246913580247
3883025,7,0.6666666666666666,0.0,0.41864951768488745
3890514,1,1.0,19091.0,0.3590836441129462
3890514,3,1.0,0.0,0.1687315634218289
3890514,4,0.5,0.0,0.5533290239172592
3890514,6,0.3333333333333333,0.0,0.828395061728395
3890514,7,0.6666666666666666,0.0,0.27138263665594853
3890514,2,0.4166666666666667,12067.0,0.7087378640776699
3890514,5,0.3333333333333333,12250.0,0.9148936170212766
3891860,1,0.5,25668.0,0.3590836441129462
3891860,3,0.5,0.0,0.1687315634218289
3891860,4,0.125,0.0,0.42857142857142855
3891860,6,0.6666666666666666,0.0,0.2726423902894491
3891860,7,0.3333333333333333,0.0,0.490032154340836
3891860,2,0.813953488372093,29864.0,0.9313725490196079
3891860,5,0.6153846153846154,38551.0,0.8035714285714286
3892258,1,1.0,21436.0,0.3590836441129462
3892258,2,0.5,68687451936.0,0.6418181818181818
3892258,3,0.5,0.0,0.6312684365781711
3892258,4,0.5,0.0,0.5533290239172592
3892258,5,0.2,31233.0,0.30579531442663377
3892258,6,0.0,0.0,0.6451914098972923
3892258,7,0.3333333333333333,0.0,0.27138263665594853
3892809,6,0.7556270096463023,0.0,0.5365853658536586
3892809,7,0.8269230769230769,0.0,0.6666666666666666
3892809,1,0.709480122324159,143709849.0,0.9863013698630136
3892809,2,0.41904761904761906,57780.0,0.3333333333333333
3892809,3,0.4634146341463415,0.0,0.6436781609195402
3892809,4,0.6341463414634146,0.0,0.5206896551724138
3892809,5,0.6960304513322458,20319.0,0.7692307692307693
3893882,1,0.5,68687451936.0,0.873015873015873
3893882,5,0.6666666666666666,60213.0,0.7142857142857143
3893882,2,0.56,28028.0,0.8082089552238806
3897551,5,0.6,14735.0,0.5492227979274611
3897551,1,1.0,43425.0,0.8270676691729323
3897551,6,0.7142857142857143,0.0,0.5051546391752577
3897551,2,0.8,43228.0,0.7954545454545454
3897551,3,0.8,0.0,0.40350877192982454
3897551,4,0.6,0.0,0.7534246575342466
3897551,7,0.625,0.0,0.6346153846153846
3901202,1,0.5,68687451936.0,0.716012084592145
3901202,5,0.53125,24614.0,0.6428571428571429
3901202,2,0.4819277108433735,24247.0,0.5882352941176471
3910741,3,0.5,0.0,0.6312684365781711
3910741,4,0.0,0.0,0.5533290239172592
3910741,5,0.0,40708.0,0.30579531442663377
3910741,7,0.0,0.0,0.6019292604501608
3910741,6,0.2857142857142857,0.0,0.84
3910741,2,0.6666666666666666,4661567295.0,0.7333333333333333
3910741,1,0.7647058823529411,34152.0,0.9135802469135802
3914038,1,0.5,27487.0,0.3590836441129462
3914038,2,0.5,68687451936.0,0.6418181818181818
3914038,3,1.0,0.0,0.1687315634218289
3914038,4,0.75,0.0,0.42857142857142855
3914038,7,0.6666666666666666,0.0,0.41864951768488745
3914038,5,0.6,45812.0,0.803921568627451
3914038,6,0.8064516129032258,0.0,0.9393939393939394
3915694,1,0.0,25295.0,0.3590836441129462
3915694,3,0.0,0.0,0.1687315634218289
3915694,4,0.5,0.0,0.47123464770523593
3915694,5,0.4,56399.0,0.30579531442663377
3915694,6,0.6666666666666666,0.0,0.2726423902894491
3915694,7,0.3333333333333333,0.0,0.490032154340836
3915694,2,0.8,21440.0,0.785234899328859
3916557,1,1.0,466086.0,0.4174336762317271
3916557,3,0.5,0.0,0.6306784660766962
3916557,4,0.875,0.0,0.2194668319900806
3916557,5,1.0,294525.0,0.4486486486486487
3916557,6,1.0,0.0,0.2726423902894491
3916557,7,1.0,0.0,0.41864951768488745
3916557,2,0.9,19641.0,0.6866666666666666
3916843,1,0.7931034482758621,46622.0,0.8157894736842105
3916843,2,0.8666666666666667,50038.0,0.8649921507064364
3916843,5,0.4666666666666667,42022.0,0.5050100200400801
3918822,1,1.0,27302.0,0.3590836441129462
3918822,3,1.0,0.0,0.6306784660766962
3918822,4,0.25,0.0,0.42857142857142855
3918822,6,0.0,0.0,0.42663378545006164
3918822,7,0.6666666666666666,0.0,0.490032154340836
3918822,2,0.8409090909090909,22089.0,0.732484076433121
3918822,5,0.6718346253229974,94439.0,0.5018656716417911
3920956,4,0.717607973421927,0.0,0.9038461538461539
3920956,7,0.6963906581740976,0.0,0.5555555555555556
3920956,6,0.6658476658476659,0.0,0.5769230769230769
3920956,5,0.6429471032745592,139314191.0,0.6017699115044248
3920956,1,0.7806122448979592,42706.0,1.0
3920956,2,0.7960992907801419,25159.0,0.5555555555555556
3920956,3,0.742393509127789,0.0,1.0
3924575,1,1.0,12898965969.0,0.8905109489051095
3924575,2,0.75,27172.0,0.8333333333333334
3924575,5,0.702247191011236,28100.0,0.7045454545454546
3929529,2,0.8181818181818182,24008.0,0.8649921507064364
3929529,5,0.7037037037037037,16462.0,0.25
3929947,1,1.0,25793.0,0.3590836441129462
3929947,3,0.5,0.0,0.1687315634218289
3929947,4,0.0,0.0,0.5533290239172592
3929947,6,0.3333333333333333,0.0,0.4580246913580247
3929947,7,0.0,0.0,0.41864951768488745
3929947,2,0.25,30421.0,0.7912087912087912
3929947,5,0.2,39213.0,0.5753012048192772
3943073,1,0.5,68687451936.0,0.9423076923076923
3943073,2,0.75,35696.0,0.6777493606138107
3943073,5,0.42857142857142855,19025.0,0.7058823529411765
3945748,5,0.375,41097.0,0.7042801556420234
3950247,1,0.5,23120.0,0.3590836441129462
3950247,2,0.5,68687451936.0,0.6418181818181818
3950247,3,1.0,0.0,0.1687315634218289
3950247,4,0.375,0.0,0.42857142857142855
3950247,5,0.4,31807.0,0.30579531442663377
3950247,6,0.6666666666666666,0.0,0.43137254901960786
3950247,7,1.0,0.0,0.41864951768488745
3952154,1,1.0,34522.0,0.3590836441129462
3952154,4,0.125,0.0,0.5533290239172592
3952154,6,0.3333333333333333,0.0,0.43137254901960786
3952154,7,0.3333333333333333,0.0,0.490032154340836
3952154,2,0.6022727272727273,27865.0,0.7846153846153846
3952154,3,0.2727272727272727,0.0,0.7380952380952381
3952154,5,0.36619718309859156,8907.0,0.5018656716417911
3955273,5,0.4827586206896552,31597.0,0.48148148148148145
3955273,2,0.7083333333333334,41971.0,0.75
3958554,1,1.0,25579.0,0.3590836441129462
3958554,2,0.5,68687451936.0,0.6418181818181818
3958554,3,0.0,0.0,0.6306784660766962
3958554,4,0.2,0.0,0.2194668319900806
3963692,5,0.2857142857142857,49000.0,0.7446808510638298
3963692,2,0.3333333333333333,32456.0,0.5952380952380952
3972985,1,0.92,59506.0,0.554140127388535
3972985,2,0.8461538461538461,21788.0,0.8103448275862069
3972985,4,0.819672131147541,0.0,0.4666666666666667
3972985,5,0.6622516556291391,35383.0,0.3076923076923077
3972985,7,0.8012422360248447,0.0,0.648936170212766
3972985,6,0.8032200357781754,0.0,0.7
3972985,3,0.8681672025723473,0.0,0.8522727272727273
3975305,1,0.5,68687451936.0,0.6351351351351351
3975305,2,0.75,34443.0,0.21428571428571427
3975305,5,0.25,112474.0,0.5632911392405063
3981203,1,0.0,26107.0,0.3590836441129462
3981203,2,0.5,68687451936.0,0.6418181818181818
3981203,3,0.0,0.0,0.1687315634218289
3981203,4,0.25,0.0,0.5533290239172592
3981203,5,0.0,20482.0,0.30579531442663377
3981203,6,0.0,0.0,0.47619047619047616
3981203,7,0.3333333333333333,0.0,0.27138263665594853
4010487,2,0.4166666666666667,36407.0,0.7552447552447552
4010487,5,0.35294117647058826,34627.0,0.6089108910891089
4010487,6,0.2,0.0,0.8188976377952756
4010487,1,0.8235294117647058,49749.0,0.9148936170212766
4022163,4,0.625,0.0,0.7608695652173914
4022163,2,0.7692307692307693,138979.0,0.5598455598455598
4022163,3,0.625,0.0,0.7435897435897436
4022163,6,0.6455696202531646,0.0,0.8235294117647058
4022163,7,0.7727272727272727,0.0,0.7349397590361446
4022163,1,0.7469879518072289,698109675.0,0.5
4022163,5,0.6716981132075471,29107.0,1.0
4028031,3,0.5,0.0,0.1687315634218289
4028031,4,0.625,0.0,0.5533290239172592
4028031,6,0.6666666666666666,0.0,0.43137254901960786
4028031,7,0.6666666666666666,0.0,0.6019292604501608
4028031,2,0.9,7168494.0,0.696969696969697
4028031,1,0.9565217391304348,45922.0,0.7727272727272727
4028031,5,0.6428571428571429,23685.0,0.5566037735849056
4037741,7,0.6666666666666666,0.0,0.41864951768488745
4037741,1,0.6923076923076923,42215.0,0.7136563876651982
4037741,6,0.7935483870967742,0.0,0.2517241379310345
4037741,3,0.7073170731707317,0.0,0.8333333333333334
4037741,4,0.5294117647058824,0.0,0.7272727272727273
4037741,2,0.7559055118110236,114815.0,0.5263157894736842
4037741,5,0.6448736998514116,8953269063.0,0.375
4041502,1,0.5,68687451936.0,0.9420289855072463
4041502,5,0.5333333333333333,19025.0,0.782608695652174
4041502,2,0.8,25823.0,0.7790697674418605
4058809,1,0.6666666666666666,40423.0,0.35410764872521244
4058809,2,0.56,28558.0,0.39185393258426965
4058809,7,0.42857142857142855,0.0,0.1282051282051282
4058809,5,0.41304347826086957,56022.0,0.29739776951672864
4061710,1,0.5,68687451936.0,0.8333333333333334
4061710,5,0.5454545454545454,100155.0,0.31746031746031744
4061710,2,0.5454545454545454,33192.0,0.5604395604395604
4061710,6,0.6173913043478261,0.0,0.7619047619047619
4061710,7,0.6071428571428571,0.0,0.4887640449438202
4061710,3,0.3076923076923077,0.0,0.2761904761904762
4068433,2,0.6666666666666666,32726.0,0.7962264150943397
4068433,5,0.4444444444444444,11734.0,0.9183673469387755
4069033,1,1.0,25045.0,0.3590836441129462
4069033,2,0.5,68687451936.0,0.6418181818181818
4069033,3,0.5,0.0,0.6312684365781711
4069033,4,0.375,0.0,0.5533290239172592
4069033,6,0.0,0.0,0.2726423902894491
4069033,7,0.3333333333333333,0.0,0.6019292604501608
4069033,5,0.4,36702.0,0.6958762886597938
4071515,3,0.7391304347826086,0.0,0.6956521739130435
4071515,1,0.6265060240963856,47107.0,0.875
4071515,6,0.6086956521739131,0.0,0.7835051546391752
4071515,7,0.4,0.0,0.5172413793103449
4071515,4,0.4,0.0,0.5206896551724138
4071515,2,0.65625,30084.0,0.8095238095238095
4071515,5,0.4691358024691358,20416.0,0.5
4075805,2,0.7878787878787878,18050.0,0.3655913978494624
4075805,5,0.6222222222222222,14382.0,0.6138392857142857
4086296,1,0.5,159040.0,0.3590836441129462
4086296,2,0.5,68687451936.0,0.6418181818181818
4086296,3,0.5,0.0,0.6306784660766962
4086296,4,0.375,0.0,0.47123464770523593
4086296,5,0.8,65258.0,0.30579531442663377
4086296,6,0.3333333333333333,0.0,0.47619047619047616
4086296,7,0.6666666666666666,0.0,0.27138263665594853
4088746,5,1.0,60068.0,0.4573643410852713
4088746,2,0.6666666666666666,22168.0,0.6573426573426573
4088746,1,0.8,63873.0,0.8888888888888888
4088746,7,0.5,0.0,0.7552447552447552
4089118,2,0.5,35995.0,0.9117647058823529
4089118,5,0.6,20585.0,0.5526315789473685
4108706,1,0.5,68687451936.0,0.7896440129449838
4108706,2,0.7777777777777778,68322.0,0.6666666666666666
4108706,5,0.680073126142596,12750.0,0.7105263157894737
4109418,1,1.0,30869.0,0.3590836441129462
4109418,2,0.5,68687451936.0,0.6418181818181818
4109418,3,0.5,0.0,0.6312684365781711
4109418,4,0.375,0.0,0.5533290239172592
4109418,6,0.6666666666666666,0.0,0.43137254901960786
4109418,7,0.3333333333333333,0.0,0.27138263665594853
4109418,5,0.7323717948717948,21264.0,0.2676056338028169
4111967,2,0.8888888888888888,31141.0,0.36306729264475746
4111967,5,0.6470588235294118,24056.0,0.6578947368421053
4112497,2,0.5,68687451936.0,0.6914893617021277
4112497,5,0.4666666666666667,30622.0,0.7272727272727273
4118986,1,1.0,46159.0,0.3590836441129462
4118986,2,0.5,68687451936.0,0.6418181818181818
4118986,3,0.5,0.0,0.6306784660766962
4118986,4,0.375,0.0,0.42857142857142855
4118986,5,0.6,22341.0,0.30579531442663377
4118986,6,1.0,0.0,0.4580246913580247
4118986,7,1.0,0.0,0.27138263665594853
4125853,4,0.35294117647058826,0.0,0.8372093023255814
4125853,7,0.375,0.0,0.6181818181818182
4125853,2,0.75,19656.0,0.9387755102040817
4125853,1,0.7708333333333334,27850.0,0.6356877323420075
4125853,5,0.7023809523809523,18138.0,0.5030581039755352
4125853,3,0.708029197080292,0.0,0.5869565217391305
4125853,6,0.5960264900662252,0.0,0.5770609318996416
4135123,6,0.3333333333333333,0.0,0.6779661016949152
4135123,7,0.6666666666666666,0.0,0.6019292604501608
4135123,2,0.6162046908315565,42720.0,0.8849557522123894
4135123,1,0.6724137931034483,32260.0,0.8518518518518519
4135123,3,0.525691699604743,0.0,0.8666666666666667
4135123,4,0.6048780487804878,0.0,0.6
4135123,5,0.562942008486563,18539.0,0.80625
4142819,1,0.6428571428571429,31899.0,0.6551724137931034
4142819,5,0.44,77002.0,0.49056603773584906
4142819,6,0.6,0.0,0.75
4142819,4,0.68,0.0,0.3618421052631579
4142819,3,0.7142857142857143,0.0,0.7903225806451613
4142819,2,0.5945945945945946,29776.0,0.8650793650793651
4146738,2,0.5,68687451936.0,0.9652173913043478
4146738,5,0.7954545454545454,76611.0,0.5748898678414097
4153180,1,0.5,68687451936.0,0.7989949748743719
4153180,5,0.35714285714285715,24659.0,0.796875
4153180,2,0.75,27058.0,0.6875
4161343,2,0.75,24523.0,0.4358974358974359
4161343,3,0.8571428571428571,0.0,0.3333333333333333
4161343,6,0.5862068965517241,0.0,0.7348066298342542
4161343,4,0.875,0.0,0.8493150684931506
4161343,1,0.8103448275862069,39051.0,0.6875
4161343,5,0.5524475524475524,180671.0,0.18823529411764706
4170283,1,0.5,68687451936.0,0.9423076923076923
4170283,5,0.5614617940199336,66266.0,0.9024390243902439
4170283,2,0.6829268292682927,40315.0,0.8333333333333334
4172929,2,0.9090909090909091,71474.0,0.3655913978494624
4172929,1,0.6363636363636364,75572.0,0.855072463768116
4172929,3,0.8,0.0,0.6551724137931034
4172929,4,0.45,0.0,0.5054945054945055
4172929,6,0.6956521739130435,0.0,0.49740932642487046
4172929,7,0.9,0.0,0.6363636363636364
4172929,5,0.6,52800.0,0.5115089514066496
4191330,2,0.5,68687451936.0,0.6418181818181818
4191330,3,0.0,0.0,0.6312684365781711
4191330,4,0.25,0.0,0.47123464770523593
4191330,5,0.4,6667.0,0.30579531442663377
4191330,6,0.0,0.0,0.2726423902894491
4191330,7,0.0,0.0,0.41864951768488745
4191330,1,0.47058823529411764,52927.0,0.9384615384615385
4191666,1,0.5,68687451936.0,0.7789473684210526
4191666,6,0.5714285714285714,0.0,0.5925925925925926
4191666,5,0.6119402985074627,11737.0,0.782608695652174
4194123,1,0.5,68687451936.0,0.569620253164557
4194123,5,0.4,59381.0,0.7874015748031497
4201341,1,1.0,25337.0,0.3590836441129462
4201341,2,0.5,68687451936.0,0.6418181818181818
4201341,3,0.5,0.0,0.1687315634218289
4201341,4,0.0,0.0,0.42857142857142855
4201341,6,0.6666666666666666,0.0,0.6451914098972923
4201341,7,0.6666666666666666,0.0,0.27138263665594853
4201341,5,0.5333333333333333,30096.0,0.717852684144819
4202849,6,0.5333333333333333,0.0,0.6482213438735178
4202849,1,1.0,29673.0,0.9291338582677166
4202849,7,0.0,0.0,0.9411764705882353
4202849,3,0.35294117647058826,0.0,0.6949152542372882
4202849,2,0.8888888888888888,26922.0,0.7272727272727273
4202849,5,0.5267857142857143,30578.0,0.7323943661971831
4203387,1,0.5,68687451936.0,0.5697674418604651
4203387,5,0.7222222222222222,28320.0,0.6061643835616438
4205142,1,0.5,542750.0,0.3590836441129462
4205142,2,0.5,68687451936.0,0.6418181818181818
4205142,3,1.0,0.0,0.6306784660766962
4205142,4,0.75,0.0,0.42857142857142855
4205142,5,0.6,26694.0,0.30579531442663377
4205142,6,1.0,0.0,0.42663378545006164
4205142,7,1.0,0.0,0.27138263665594853
4205487,1,0.5,25212.0,0.3590836441129462
4205487,2,0.5,68687451936.0,0.6418181818181818
4205487,3,0.5,0.0,0.6306784660766962
4205487,4,0.375,0.0,0.5533290239172592
4205487,5,0.2,17321.0,0.30579531442663377
4205487,6,0.6666666666666666,0.0,0.43137254901960786
4205487,7,0.0,0.0,0.6019292604501608
4222014,1,0.7931034482758621,32300.0,0.3608490566037736
4222014,2,0.5,68687451936.0,0.6418181818181818
4222121,2,0.8,41243.0,0.7239669421487603
4222121,6,0.8983050847457628,0.0,0.759493670886076
4222121,1,0.8354430379746836,53585.0,0.7625
4222121,3,0.8577981651376146,0.0,0.7261904761904762
4222121,5,0.6605504587155964,234920.0,0.7254901960784313
4222121,4,0.788235294117647,0.0,0.5
4222121,7,0.8877551020408163,0.0,0.84375
4226501,2,0.7763157894736842,40200.0,0.45390070921985815
4226501,5,0.6146788990825688,64712.0,0.680628272251309
4231506,1,0.0,26809.0,0.3590836441129462
4231506,2,0.5,68687451936.0,0.6418181818181818
4231506,3,0.0,0.0,0.1687315634218289
4231506,4,0.125,0.0,0.5533290239172592
4231506,5,0.6,32553.0,0.30579531442663377
4231506,6,0.6666666666666666,0.0,0.828395061728395
4231506,7,0.0,0.0,0.490032154340836
4241441,1,0.8,43313.0,0.9423076923076923
4241441,5,0.4444444444444444,116881.0,0.7555555555555555
4241441,2,0.2727272727272727,42422.0,0.3875968992248062
4247518,1,0.8,53136.0,0.4951923076923077
4247518,2,0.6,41615.0,0.7745454545454545
4247518,5,0.6454545454545455,55280.0,0.47388059701492535
4247900,1,1.0,24189.0,0.3590836441129462
4247900,2,0.5,68687451936.0,0.6418181818181818
4247900,3,0.5,0.0,0.6306784660766962
4247900,4,0.25,0.0,0.5533290239172592
4247900,6,0.0,0.0,0.4580246913580247
4247900,7,0.3333333333333333,0.0,0.6019292604501608
4247900,5,0.5142857142857142,1053122508.0,0.6729559748427673
4254617,1,0.5,31363.0,0.3590836441129462
4254617,3,0.0,0.0,0.6306784660766962
4254617,4,0.125,0.0,0.47123464770523593
4254617,6,0.0,0.0,0.43137254901960786
4254617,7,0.0,0.0,0.6019292604501608
4254617,2,0.3333333333333333,31633.0,0.897196261682243
4254617,5,0.6571428571428571,14046.0,0.5894736842105263
4259742,2,0.5,68687451936.0,0.6418181818181818
4259742,3,0.5,0.0,0.6312684365781711
4259742,7,0.3333333333333333,0.0,0.490032154340836
4259742,1,0.725,77720.0,0.9795918367346939
4259742,4,0.2727272727272727,0.0,0.42857142857142855
4259742,5,0.6218487394957983,171911812.0,0.47368421052631576
4259742,6,0.2857142857142857,0.0,0.6918918918918919
4261902,5,0.7,70438.0,0.35185185185185186
4261902,2,0.5789473684210527,40477.0,0.7962264150943397
4267431,1,0.5,4931.0,0.3590836441129462
4267431,2,0.5,68687451936.0,0.6418181818181818
4267431,3,0.5,0.0,0.6306784660766962
4267431,4,0.5,0.0,0.47123464770523593
4267431,5,0.4,3419.0,0.30579531442663377
4267431,6,0.0,0.0,0.43137254901960786
4267431,7,0.3333333333333333,0.0,0.490032154340836
4272579,2,1.0,20911.0,0.6926406926406926
4272579,5,0.6601941747572816,66170.0,0.6138392857142857
4275585,1,0.5,25984.0,0.3590836441129462
4275585,2,0.5,68687451936.0,0.6418181818181818
4275585,3,0.5,0.0,0.6306784660766962
4275585,4,0.25,0.0,0.42857142857142855
4275585,5,0.0,22155.0,0.30579531442663377
4275585,6,0.6666666666666666,0.0,0.43137254901960786
4275585,7,0.6666666666666666,0.0,0.41864951768488745
4276700,1,0.5,34714.0,0.3590836441129462
4276700,2,0.5,68687451936.0,0.6418181818181818
4276700,3,0.0,0.0,0.6306784660766962
4276700,4,0.125,0.0,0.5533290239172592
4276700,5,0.2,15474.0,0.30579531442663377
4276700,6,0.0,0.0,0.2726423902894491
4276700,7,0.0,0.0,0.41864951768488745
4280793,2,0.0,79694.0,0.7954545454545454
4280793,5,0.5,87892.0,0.5
4288302,3,0.5,0.0,0.6306784660766962
4288302,6,0.6666666666666666,0.0,0.4580246913580247
4288302,7,0.0,0.0,0.27138263665594853
4288302,4,0.2727272727272727,0.0,0.5170556552962298
4288302,1,0.3333333333333333,1993527634.0,0.4174336762317271
4288302,2,0.7608695652173914,31257.0,0.7350993377483444
4288302,5,0.5849056603773585,30546.0,0.6028880866425993
4298473,7,0.6666666666666666,0.0,0.43478260869565216
4298473,3,0.8,0.0,0.8636363636363636
4298473,4,1.0,0.0,0.8446601941747572
4298473,1,0.62,32692.0,0.5267857142857143
4298473,6,0.6782740348221045,0.0,0.6
4298473,2,0.6588235294117647,25165.0,0.6333333333333333
4298473,5,0.5809113742375314,24566.0,0.2857142857142857
4306379,4,0.6461538461538462,0.0,0.7263157894736842
4306379,3,0.71571072319202,0.0,0.5344827586206896
4306379,7,0.7784810126582279,0.0,0.8285714285714286
4306379,5,0.7684210526315789,1724214203.0,0.6714285714285714
4306379,6,0.7657142857142857,0.0,0.3495575221238938
4306379,1,0.7681159420289855,830907266.0,0.667741935483871
4306379,2,0.7209302325581395,830794069.0,0.7125
4312206,1,0.5,68687451936.0,0.37637362637362637
4312206,2,0.7777777777777778,21310.0,0.8014705882352942
4312206,5,0.5161290322580645,25731.0,0.8
4318126,5,0.4,30252.0,0.7744360902255639
4318126,2,0.8,25358.0,0.7040816326530612
4319902,1,1.0,20931.0,0.3590836441129462
4319902,3,0.5,0.0,0.6312684365781711
4319902,4,0.25,0.0,0.42857142857142855
4319902,6,0.3333333333333333,0.0,0.2726423902894491
4319902,7,0.0,0.0,0.490032154340836
4319902,2,0.7419354838709677,22419.0,0.9387755102040817
4319902,5,0.5777777777777777,27094.0,0.627906976744186
4324252,1,0.84375,10123.0,0.32229580573951433
4324252,6,0.7058823529411765,0.0,0.5508196721311476
4324252,7,0.8522727272727273,0.0,0.43333333333333335
4324252,4,0.6699029126213593,0.0,0.8461538461538461
4324252,2,0.6832740213523132,31110.0,0.6710526315789473
4324252,3,0.7240356083086054,0.0,0.2463768115942029
4324252,5,0.6900780379041248,20764.0,0.5121951219512195
4325436,2,0.7894736842105263,22274.0,0.8774617067833698
4325436,5,0.5631067961165048,52883.0,0.7019230769230769
4325436,6,0.2857142857142857,0.0,0.4970414201183432
4335204,5,0.6666666666666666,27062.0,0.47580645161290325
4335204,2,0.5384615384615384,22408.0,0.7489361702127659
4335204,3,0.8,0.0,0.3505747126436782
4335204,6,0.2857142857142857,0.0,0.6304347826086957
4335204,1,0.6666666666666666,93332.0,0.4594594594594595
4344059,5,0.375,22161.0,0.6125
4344059,1,0.8173076923076923,25888.0,0.8870967741935484
4344059,2,0.375,23666.0,0.8157894736842105
4344059,3,0.45454545454545453,0.0,0.8113207547169812
4344059,6,0.42857142857142855,0.0,0.625
4348980,3,0.7857142857142857,0.0,0.6312684365781711
4348980,1,0.7192982456140351,215025.0,0.6538461538461539
4348980,2,0.7333333333333333,26782.0,0.6046511627906976
4348980,5,0.746031746031746,1004505771.0,0.4497444633730835
4355729,5,0.46153846153846156,22007.0,0.48514851485148514
4355729,2,0.4666666666666667,26560.0,0.7580645161290323
4357812,7,0.4777777777777778,0.0,0.7586206896551724
4357812,1,0.7266775777414075,55832.0,0.8909090909090909
4357812,3,0.6023529411764705,0.0,0.6285714285714286
4357812,4,0.584319526627219,0.0,0.6736842105263158
4357812,6,0.4993924665856622,0.0,0.6349206349206349
4357812,5,0.5359749739311783,56827.0,0.7377049180327869
4357812,2,0.631578947368421,257806340.0,0.7757009345794392
4361868,2,0.0,25678.0,0.8157894736842105
4361868,5,0.25,51560.0,0.42424242424242425
4365442,2,0.5,68687451936.0,0.7873134328358209
4365442,5,0.2,23022.0,0.6226415094339622
4365442,1,0.7777777777777778,52074.0,0.8292682926829268
4367120,3,0.2,0.0,0.9029126213592233
4367120,5,0.7142857142857143,93739.0,0.7414634146341463
4367120,1,0.6785714285714286,63546.0,0.9493670886075949
4367120,2,0.29411764705882354,59926.0,0.7962264150943397
4367482,1,0.5,22199.0,0.3590836441129462
4367482,2,0.5,68687451936.0,0.6418181818181818
4367482,3,0.5,0.0,0.6306784660766962
4367482,4,0.375,0.0,0.5533290239172592
4367482,5,0.0,7370.0,0.30579531442663377
4367482,6,0.3333333333333333,0.0,0.43137254901960786
4367482,7,0.0,0.0,0.27138263665594853
4368485,1,0.5,68687451936.0,0.7177033492822966
4368485,2,0.9,26448.0,0.816793893129771
4368485,5,0.4444444444444444,28341.0,0.5990338164251208
4368578,6,1.0,0.0,0.6185185185185185
4368578,7,1.0,0.0,0.490032154340836
4368578,3,0.6,0.0,0.6306784660766962
4368578,4,0.18181818181818182,0.0,0.5170556552962298
4368578,1,0.5,3497262.0,0.4935064935064935
4368578,2,0.7926829268292683,38818.0,0.7933884297520661
4368578,5,0.6880733944954128,30719.0,0.6470588235294118
4386544,1,0.5,27869.0,0.3590836441129462
4386544,3,1.0,0.0,0.1687315634218289
4386544,4,0.25,0.0,0.42857142857142855
4386544,6,0.6666666666666666,0.0,0.6185185185185185
4386544,7,1.0,0.0,0.6019292604501608
4386544,2,0.75,63774.0,0.8616780045351474
4386544,5,0.5555555555555556,90549.0,0.5833333333333334
4387340,5,0.5428571428571428,37068.0,0.6495726495726496
4387340,2,0.95,21965.0,0.8616780045351474
4387973,2,0.7777777777777778,68096.0,0.5163398692810458
4387973,5,0.7777777777777778,62377.0,0.64
4387973,1,0.4,40610.0,0.5504587155963303
4392914,1,0.5,28331.0,0.3590836441129462
4392914,2,0.5,68687451936.0,0.6418181818181818
4392914,3,0.5,0.0,0.1687315634218289
4392914,4,0.5,0.0,0.5533290239172592
4392914,5,0.6,29537.0,0.30579531442663377
4392914,6,1.0,0.0,0.6185185185185185
4392914,7,1.0,0.0,0.41864951768488745
4396904,2,1.0,15850.0,0.8905109489051095
4396904,5,0.8571428571428571,44756.0,0.4274193548387097
4401867,2,0.794392523364486,22029.0,0.8048780487804879
4401867,5,0.7015384615384616,24542.0,0.7159090909090909
4408207,1,1.0,27271.0,0.3590836441129462
4408207,2,0.5,68687451936.0,0.6418181818181818
4408207,3,0.0,0.0,0.6306784660766962
4408207,4,0.375,0.0,0.5533290239172592
4408207,5,0.4,28342.0,0.30579531442663377
4408207,6,0.3333333333333333,0.0,0.47619047619047616
4408207,7,0.0,0.0,0.27138263665594853
4417578,3,0.7931034482758621,0.0,0.6551724137931034
4417578,2,0.65,36783.0,0.684
4417578,1,0.68,67355.0,0.7955801104972375
4417578,5,0.44285714285714284,81829.0,0.28888888888888886
4417578,7,0.7345971563981043,0.0,0.7304347826086957
4417578,6,0.7741935483870968,0.0,0.3055555555555556
4417578,4,0.6834170854271356,0.0,0.46551724137931033
4420052,1,0.5,68687451936.0,0.5608108108108109
4420052,5,0.8222222222222222,51955.0,0.717391304347826
4420052,2,0.7727272727272727,61166.0,0.673469387755102
4420772,1,0.5,25610.0,0.3590836441129462
4420772,3,0.5,0.0,0.6306784660766962
4420772,4,0.375,0.0,0.47123464770523593
4420772,6,0.3333333333333333,0.0,0.2726423902894491
4420772,7,0.3333333333333333,0.0,0.41864951768488745
4420772,5,0.6533333333333333,72686.0,0.7043478260869566
4420772,2,0.6994535519125683,346024815.0,0.6363636363636364
4421282,7,0.6962962962962963,0.0,0.75
4421282,6,0.7628935030140657,0.0,0.7547169811320755
4421282,5,0.761128526645768,28091.0,0.688715953307393
4421282,3,0.7440890125173852,0.0,0.8823529411764706
4421282,4,0.7002518891687658,0.0,0.8867924528301887
4421282,1,0.8401639344262295,333404.0,0.8524590163934426
4421282,2,0.71939736346516,11112635.0,0.657243816254417
4424604,1,1.0,35462.0,0.3590836441129462
4424604,2,0.5,68687451936.0,0.6418181818181818
4424604,3,1.0,0.0,0.1687315634218289
4424604,4,0.875,0.0,0.5533290239172592
4424604,5,0.6,14119.0,0.30579531442663377
4424604,6,1.0,0.0,0.2726423902894491
4424604,7,0.0,0.0,0.41864951768488745
4433051,5,0.8,27202.0,0.36363636363636365
4433051,2,0.5833333333333334,42199.0,0.8043478260869565
4437138,1,0.5,26237.0,0.3590836441129462
4437138,3,0.0,0.0,0.6306784660766962
4437138,4,0.125,0.0,0.5533290239172592
4437138,6,0.6666666666666666,0.0,0.47619047619047616
4437138,7,0.3333333333333333,0.0,0.6019292604501608
4437138,5,0.38461538461538464,24796.0,0.80625
4437138,2,0.25,21277.0,0.8616780045351474
4441448,2,0.7948717948717948,47420.0,0.4612546125461255
4441448,5,0.6020408163265306,86115.0,0.32792207792207795
4465529,7,0.6666666666666666,0.0,0.41864951768488745
4465529,1,0.9285714285714286,75554.0,0.8181818181818182
4465529,6,0.7692307692307693,0.0,0.65
4465529,5,0.7374301675977654,34255.0,0.5786666666666667
4465529,4,0.6590909090909091,0.0,0.24426534407935524
4465529,2,0.8714285714285714,22390350088.0,0.6597014925373135
4465529,3,0.6818181818181818,0.0,0.8701298701298701
4477758,1,1.0,33313.0,0.3590836441129462
4477758,2,0.5,68687451936.0,0.6418181818181818
4477758,3,1.0,0.0,0.1687315634218289
4477758,4,0.75,0.0,0.47123464770523593
4477758,5,0.2,26823.0,0.30579531442663377
4477758,6,0.3333333333333333,0.0,0.2726423902894491
4477758,7,0.6666666666666666,0.0,0.41864951768488745
4479305,1,0.8709677419354839,32759.0,0.4174336762317271
4479305,2,0.7142857142857143,59522512.0,0.7540983606557377
4479305,7,1.0,0.0,0.5128205128205128
4479305,5,0.7226277372262774,39194.0,0.6779661016949152
4482106,1,0.5,26515.0,0.3590836441129462
4482106,3,0.5,0.0,0.6312684365781711
4482106,4,0.5,0.0,0.47123464770523593
4482106,6,0.6666666666666666,0.0,0.42663378545006164
4482106,7,0.3333333333333333,0.0,0.490032154340836
4482106,2,0.5769230769230769,39339.0,0.8616780045351474
4482106,5,0.4857142857142857,26551.0,0.7548387096774194
4486679,2,0.7256637168141593,22611.0,0.88
4486679,5,0.549636803874092,646042290.0,0.64
4488748,1,0.5,26001.0,0.7843137254901961
4488748,2,0.5555555555555556,22868.0,0.8650793650793651
4488748,5,0.6923076923076923,21471.0,0.9
4495323,1,0.5,68687451936.0,0.8333333333333334
4495323,5,0.3,68924.0,0.6097560975609756
4496682,1,0.5,26853.0,0.3590836441129462
4496682,3,0.5,0.0,0.6312684365781711
4496682,4,0.5,0.0,0.5533290239172592
4496682,6,1.0,0.0,0.2726423902894491
4496682,7,1.0,0.0,0.490032154340836
4496682,2,0.65,54374.0,0.5607814761215629
4496682,5,0.6333333333333333,261598.0,0.3055555555555556
4496897,1,0.9090909090909091,24485.0,0.3590836441129462
4496897,2,0.5,68687451936.0,0.6418181818181818
4498487,1,1.0,23412.0,0.3590836441129462
4498487,3,0.5,0.0,0.6306784660766962
4498487,4,0.125,0.0,0.47123464770523593
4498487,6,0.3333333333333333,0.0,0.6451914098972923
4498487,7,0.6666666666666666,0.0,0.490032154340836
4498487,2,0.7601442741208295,3479432582.0,0.9060402684563759
4498487,5,0.6690026954177898,49072.0,0.6933333333333334
4500056,2,0.6138613861386139,36014.0,0.6792452830188679
4500056,5,0.5930232558139535,13080.0,0.42857142857142855
4500062,1,0.5,22876.0,0.3590836441129462
4500062,3,0.5,0.0,0.1687315634218289
4500062,4,0.125,0.0,0.42857142857142855
4500062,5,0.0,27270.0,0.30579531442663377
4500062,6,0.3333333333333333,0.0,0.43137254901960786
4500062,7,0.6666666666666666,0.0,0.490032154340836
4500062,2,0.5909090909090909,184405.0,0.8649921507064364
4500555,4,0.25,0.0,0.5533290239172592
4500555,5,0.2,8742.0,0.30579531442663377
4500555,6,0.3333333333333333,0.0,0.2726423902894491
4500555,7,0.0,0.0,0.27138263665594853
4500555,2,0.8688524590163934,85702.0,0.8842975206611571
4500555,1,0.8541666666666666,77069.0,0.9207920792079208
4500555,3,0.45454545454545453,0.0,0.8297872340425532
4500733,6,0.3333333333333333,0.0,0.6517241379310345
4500733,1,0.75,33687.0,0.9342105263157895
4500733,2,0.9,29005.0,0.8709677419354839
4500733,3,1.0,0.0,0.8333333333333334
4500733,4,0.8,0.0,0.8
4500733,7,1.0,0.0,0.8846153846153846
4500733,5,0.6190476190476191,48747.0,0.8524590163934426
4505650,2,0.7222222222222222,21128.0,0.6349206349206349
4505650,5,0.5801526717557252,23622.0,0.6056910569105691
4508124,1,0.5757575757575758,57562.0,0.716012084592145
4508124,5,0.6692307692307692,43295.0,0.782608695652174
4508124,2,0.5269230769230769,67035.0,0.7016129032258065
4508124,3,0.536,0.0,0.9433962264150944
4508124,6,0.6382978723404256,0.0,0.5277777777777778
4508124,4,0.5643564356435643,0.0,0.5662650602409639
4508124,7,0.5688073394495413,0.0,0.3132530120481928
4508865,1,0.5,61938.0,0.3590836441129462
4508865,2,0.5,68687451936.0,0.6418181818181818
4508865,3,0.5,0.0,0.1687315634218289
4508865,4,0.0,0.0,0.47123464770523593
4508865,6,0.0,0.0,0.4580246913580247
4508865,7,1.0,0.0,0.41864951768488745
4508865,5,0.52,26281.0,0.875
4525555,1,0.5,27559.0,0.3590836441129462
4525555,2,0.5,68687451936.0,0.6418181818181818
4525555,3,0.5,0.0,0.6306784660766962
4525555,4,0.25,0.0,0.5533290239172592
4525555,5,0.2,19896.0,0.30579531442663377
4525555,6,0.6666666666666666,0.0,0.4580246913580247
4525555,7,0.0,0.0,0.27138263665594853
4529557,1,0.5,24136.0,0.3590836441129462
4529557,2,0.5,68687451936.0,0.6418181818181818
4529557,3,0.5,0.0,0.6312684365781711
4529557,4,0.75,0.0,0.47123464770523593
4529557,5,0.2,51367.0,0.30579531442663377
4529557,6,0.6666666666666666,0.0,0.43137254901960786
4529557,7,1.0,0.0,0.6019292604501608
4530784,1,0.6842105263157895,38172.0,0.6575342465753424
4530784,2,0.5,27158.0,0.927536231884058
4530784,5,0.38095238095238093,23650.0,0.6923076923076923
4533159,5,0.4838709677419355,25615.0,0.720292504570384
4533159,6,0.7142857142857143,0.0,0.727810650887574
4533159,7,0.5,0.0,0.8924050632911392
4533159,1,0.8102564102564103,43304.0,0.9666666666666667
4533159,2,0.7612903225806451,48961.0,0.7272727272727273
4533159,3,0.6462395543175488,0.0,0.4745762711864407
4533159,4,0.6797153024911032,0.0,0.8846153846153846
4539824,1,0.6666666666666666,68921.0,0.35410764872521244
4539824,2,0.5217391304347826,62383.0,0.7847222222222222
4539824,5,0.525,45685.0,0.24742268041237114
4539824,6,0.9090909090909091,0.0,0.3076923076923077
4539824,7,1.0,0.0,0.6559139784946236
4539824,3,0.711864406779661,0.0,0.36419753086419754
4539824,4,0.6428571428571429,0.0,0.8666666666666667
4550430,6,0.6842105263157895,0.0,0.6711409395973155
4550430,2,0.7033898305084746,38079.0,0.567032967032967
4550430,5,0.6146788990825688,33354.0,0.4731182795698925
4553545,1,0.5,27171.0,0.3590836441129462
4553545,2,0.5,68687451936.0,0.6418181818181818
4553545,3,1.0,0.0,0.1687315634218289
4553545,4,0.375,0.0,0.42857142857142855
4553545,5,0.6,9512.0,0.30579531442663377
4553545,6,0.3333333333333333,0.0,0.6185185185185185
4553545,7,0.0,0.0,0.41864951768488745
4577710,4,0.6363636363636364,0.0,0.9333333333333333
4577710,3,0.8823529411764706,0.0,0.4117647058823529
4577710,7,0.45454545454545453,0.0,0.8181818181818182
4577710,1,0.8484848484848485,39316.0,0.851063829787234
4577710,6,0.6470588235294118,0.0,0.5529411764705883
4577710,5,0.6060606060606061,160144.0,0.7244444444444444
4577710,2,0.7575757575757576,86683130.0,0.6821192052980133
4580228,7,0.6666666666666666,0.0,0.41864951768488745
4580228,6,0.6666666666666666,0.0,0.7862068965517242
4580228,5,0.6206896551724138,54647.0,0.5199543899657925
4580228,1,0.8181818181818182,61168.0,0.2565789473684211
4580228,3,0.75,0.0,0.7375
4589608,1,1.0,26057.0,0.3590836441129462
4589608,2,0.5,68687451936.0,0.6418181818181818
4589608,3,0.5,0.0,0.6312684365781711
4589608,4,0.375,0.0,0.42857142857142855
4589608,5,0.4,29772.0,0.30579531442663377
4589608,6,0.6666666666666666,0.0,0.42663378545006164
4589608,7,0.3333333333333333,0.0,0.6019292604501608
4593213,1,0.5,25561.0,0.3590836441129462
4593213,2,0.5,68687451936.0,0.6418181818181818
4593213,3,1.0,0.0,0.1687315634218289
4593213,4,0.25,0.0,0.47123464770523593
4593213,5,0.8,33889.0,0.30579531442663377
4593213,6,0.6666666666666666,0.0,0.4580246913580247
4593213,7,0.6666666666666666,0.0,0.6019292604501608
4601606,2,0.5,68687451936.0,0.8210526315789474
4601606,1,0.0,25332.0,0.7896440129449838
4601606,5,0.6923076923076923,39011.0,0.3877551020408163
4605758,5,0.2727272727272727,26662.0,0.6388888888888888
4607918,5,0.8,33746.0,0.5714285714285714
4608866,5,0.2727272727272727,21788.0,0.7723214285714286
4618285,1,0.5,25886.0,0.3590836441129462
4618285,2,0.5,68687451936.0,0.6418181818181818
4618285,3,1.0,0.0,0.1687315634218289
4618285,4,0.375,0.0,0.5533290239172592
4618285,5,0.4,38082.0,0.30579531442663377
4618285,6,1.0,0.0,0.2726423902894491
4618285,7,0.3333333333333333,0.0,0.41864951768488745
4624404,1,0.5,48293.0,0.3590836441129462
4624404,3,1.0,0.0,0.6306784660766962
4624404,4,0.125,0.0,0.5533290239172592
4624404,5,0.5,68687451936.0,0.7692307692307693
4624404,2,0.6666666666666666,44871.0,0.5607814761215629
4625823,1,0.5,36790.0,0.3590836441129462
4625823,2,0.5,68687451936.0,0.6418181818181818
4625823,3,0.5,0.0,0.1687315634218289
4625823,4,0.25,0.0,0.47123464770523593
4625823,5,0.0,2905.0,0.30579531442663377
4625823,6,0.3333333333333333,0.0,0.2726423902894491
4625823,7,0.0,0.0,0.6019292604501608
4631744,1,1.0,25304.0,0.3590836441129462
4631744,2,0.5,68687451936.0,0.6418181818181818
4631744,3,0.0,0.0,0.6306784660766962
4631744,4,0.125,0.0,0.47123464770523593
4631744,5,0.6,45598.0,0.30579531442663377
4631744,6,0.6666666666666666,0.0,0.47619047619047616
4631744,7,0.6666666666666666,0.0,0.27138263665594853
4638444,1,0.5,26300.0,0.3590836441129462
4638444,2,0.5,68687451936.0,0.6418181818181818
4638444,3,0.0,0.0,0.1687315634218289
4638444,4,0.25,0.0,0.47123464770523593
4638444,5,0.0,18222.0,0.30579531442663377
4638444,6,0.6666666666666666,0.0,0.47619047619047616
4638444,7,0.3333333333333333,0.0,0.41864951768488745
4650630,1,0.0,22324.0,0.3590836441129462
4650630,3,0.5,0.0,0.6312684365781711
4650630,4,0.375,0.0,0.42857142857142855
4650630,7,0.6666666666666666,0.0,0.6019292604501608
4650630,6,0.5714285714285714,0.0,0.43137254901960786
4650630,2,0.47058823529411764,23117.0,0.6569767441860465
4650630,5,0.4649122807017544,80597.0,0.5357142857142857
4663218,5,0.32,14337.0,0.7723214285714286
4663746,7,0.8112798264642083,0.0,0.490032154340836
4663746,6,0.7835294117647059,0.0,0.2549019607843137
4663746,1,0.8784722222222222,38605.0,0.7956989247311828
4663746,2,0.7847769028871391,30749.0,0.7272727272727273
4663746,3,0.8622641509433963,0.0,0.6226415094339622
4663746,4,0.8225255972696246,0.0,0.75
4663746,5,0.699,28637.0,0.47619047619047616
4669973,5,0.6333333333333333,16438.0,0.375
4669973,2,0.8571428571428571,28591.0,0.6990291262135923
4672258,1,0.0,30958.0,0.3590836441129462
4672258,2,0.5,68687451936.0,0.6418181818181818
4672258,3,0.5,0.0,0.6306784660766962
4672258,4,0.75,0.0,0.5533290239172592
4672258,5,0.2,15102.0,0.30579531442663377
4672258,6,0.3333333333333333,0.0,0.6185185185185185
4672258,7,1.0,0.0,0.41864951768488745
4678177,5,0.14285714285714285,91148781.0,0.6863905325443787
4678177,1,0.7647058823529411,245957.0,0.9605263157894737
4678177,2,0.6842105263157895,47493.0,0.7304347826086957
4679108,5,0.3333333333333333,14351.0,0.674074074074074
4679108,2,0.5714285714285714,23134.0,0.6549295774647887
4688030,2,1.0,27685.0,0.6777493606138107
4688030,5,0.4375,23412.0,0.6696035242290749
4699603,2,0.5,68687451936.0,0.6418181818181818
4699603,3,1.0,0.0,0.6306784660766962
4699603,1,0.5,7129.0,0.3590836441129462
4699603,5,0.6,7470.0,0.2920137187653111
4699603,4,0.25,0.0,0.5533290239172592
4699603,6,1.0,0.0,0.2726423902894491
4699603,7,1.0,0.0,0.27138263665594853
4700718,4,0.5531914893617021,0.0,0.5405405405405406
4700718,5,0.5636363636363636,56911.0,0.7333333333333333
4700718,7,0.7538461538461538,0.0,0.3333333333333333
4700718,6,0.6782608695652174,0.0,0.6290322580645161
4700718,1,0.5777777777777777,31528.0,0.9291338582677166
4700718,2,0.5454545454545454,904080883.0,0.3655913978494624
4702585,2,0.5,14853.0,0.7866666666666666
4702585,5,0.23076923076923078,28106.0,0.822429906542056
4703676,2,0.2222222222222222,111082.0,0.766798418972332
4703676,5,0.3333333333333333,921734.0,0.6394849785407726
4711487,2,0.5,68687451936.0,0.8981481481481481
4711487,5,0.5172413793103449,45671.0,0.3258426966292135
4719038,5,0.375,26883.0,0.7413793103448276
4719038,2,0.2727272727272727,32992.0,0.7964601769911505
4719044,2,0.68,27409.0,0.5454545454545454
4719044,5,0.5128205128205128,25101.0,0.4874551971326165
4727295,1,0.5,25032.0,0.3590836441129462
4727295,3,0.5,0.0,0.6306784660766962
4727295,4,0.25,0.0,0.47123464770523593
4727295,2,0.7272727272727273,23192.0,0.6310344827586207
4732621,1,1.0,37175.0,0.3590836441129462
4732621,2,0.5,68687451936.0,0.6418181818181818
4732621,3,0.5,0.0,0.6312684365781711
4732621,4,0.125,0.0,0.47123464770523593
4732621,5,0.2,17343.0,0.30579531442663377
4732621,6,1.0,0.0,0.4580246913580247
4732621,7,0.3333333333333333,0.0,0.6019292604501608
4734982,3,0.875,0.0,0.7586206896551724
4734982,1,0.675,168185.0,0.7914691943127962
4734982,7,0.6923076923076923,0.0,0.6307692307692307
4734982,6,0.797979797979798,0.0,0.7272727272727273
4734982,4,0.6031042128603105,0.0,0.26229508196721313
4734982,5,0.7384615384615385,39516.0,0.49731663685152055
4734982,2,0.6578947368421053,29053.0,0.7925531914893617
4740322,1,0.6229508196721312,39933.0,0.8181818181818182
4740322,2,0.5633802816901409,79079.0,0.7272727272727273
4740322,4,0.6470588235294118,0.0,0.625
4740322,7,0.8181818181818182,0.0,0.27138263665594853
4740322,6,0.7391304347826086,0.0,0.8188976377952756
4740322,5,0.5307692307692308,1543312098.0,0.7818181818181819
4740322,3,0.6818181818181818,0.0,0.5466666666666666
4742725,1,0.7755102040816326,17296.0,0.43342776203966005
4742725,3,0.6842105263157895,0.0,0.8285714285714286
4742725,4,0.29411764705882354,0.0,0.875
4742725,7,0.6222222222222222,0.0,0.6666666666666666
4742725,5,0.6486740201830556,14987.0,0.7608695652173914
4742725,2,0.696319018404908,21881.0,0.8526315789473684
4742725,6,0.628463476070529,0.0,0.4067796610169492
4746807,7,0.9285714285714286,0.0,0.8513513513513513
4746807,3,0.6590909090909091,0.0,0.5172413793103449
4746807,1,0.8333333333333334,218067880.0,0.641399416909621
4746807,6,0.7714285714285715,0.0,0.49740932642487046
4746807,2,0.84,248293.0,0.7611940298507462
4746807,5,0.475,323362.0,0.40764331210191085
4746807,4,0.7065217391304348,0.0,0.6136363636363636
4751957,5,0.5925925925925926,34037.0,1.0
4754823,1,0.5,68687451936.0,0.7896440129449838
4754823,5,0.6666666666666666,39923.0,0.3509933774834437
4754823,2,0.2,33535.0,0.21428571428571427
4757448,2,1.0,22226.0,0.6926406926406926
4757448,1,0.8,467037.0,0.697560975609756
4757448,5,0.6363636363636364,162185.0,0.18823529411764706
4760534,1,0.5,24593.0,0.3590836441129462
4760534,3,0.0,0.0,0.1687315634218289
4760534,4,0.125,0.0,0.47123464770523593
4760534,5,0.4,15971.0,0.30579531442663377
4760534,6,0.3333333333333333,0.0,0.2726423902894491
4760534,7,0.3333333333333333,0.0,0.27138263665594853
4760534,2,0.5666666666666667,28074.0,0.6
4761854,1,0.5,23783.0,0.3590836441129462
4761854,3,1.0,0.0,0.6312684365781711
4761854,4,0.375,0.0,0.42857142857142855
4761854,6,0.6666666666666666,0.0,0.6451914098972923
4761854,7,0.3333333333333333,0.0,0.6019292604501608
4761854,5,0.4666666666666667,24426.0,0.5673469387755102
4761854,2,0.9,27134.0,0.7702702702702703
4769798,2,0.6451612903225806,35566.0,0.7945205479452054
4769798,1,0.7272727272727273,155638.0,0.8271604938271605
4769798,3,0.5,0.0,0.5689655172413793
4769798,5,0.6132596685082873,36128.0,0.8709677419354839
4774691,2,0.8275862068965517,18216.0,0.5457142857142857
4774691,1,0.6122448979591837,54668.0,0.7896440129449838
4774691,3,0.4827586206896552,0.0,0.6312684365781711
4774691,7,0.75,32382.0,0.5666666666666667
4774691,4,0.5471698113207547,0.0,0.7611940298507462
4774691,6,0.6846153846153846,0.0,0.8404669260700389
4774691,5,0.525,64737.0,0.2636363636363636
4777226,5,0.4,26438.0,0.65
4777226,2,0.7777777777777778,34874.0,0.5501730103806228
4780783,1,0.5,68687451936.0,0.6385542168674698
4780783,5,0.639344262295082,32537.0,0.45634266886326197
4780783,2,0.6956521739130435,25914.0,0.5684647302904564
4822992,2,0.5,68687451936.0,0.6311475409836066
4822992,5,0.6363636363636364,32127.0,0.5047169811320755
4827119,2,0.717948717948718,56274.0,0.6549295774647887
4827119,5,0.4722222222222222,21400.0,0.8375
4828676,1,0.5,68687451936.0,0.37637362637362637
4828676,2,0.7741935483870968,25798.0,0.7027027027027027
4828676,5,0.686046511627907,21224.0,0.8666666666666667
4828831,1,0.5,12577250.0,0.3590836441129462
4828831,3,0.5,0.0,0.6312684365781711
4828831,4,0.375,0.0,0.5533290239172592
4828831,6,0.3333333333333333,0.0,0.2726423902894491
4828831,7,0.0,0.0,0.6019292604501608
4828831,2,0.6792452830188679,23113.0,0.631578947368421
4828831,5,0.5555555555555556,18239.0,0.7894736842105263
4848373,1,0.5,68687451936.0,0.5608108108108109
4848373,2,1.0,19024.0,0.6627450980392157
4848373,5,0.42105263157894735,2497510594.0,0.46551724137931033
4857591,1,0.5,26543.0,0.3590836441129462
4857591,3,0.5,0.0,0.6312684365781711
4857591,4,0.125,0.0,0.47123464770523593
4857591,6,0.6666666666666666,0.0,0.2726423902894491
4857591,7,0.6666666666666666,0.0,0.41864951768488745
4857591,2,0.5416666666666666,67159.0,0.9451219512195121
4857591,5,0.4666666666666667,15827.0,0.6470588235294118
4861087,1,1.0,26222.0,0.3590836441129462
4861087,3,0.5,0.0,0.6312684365781711
4861087,4,0.625,0.0,0.47123464770523593
4861087,6,1.0,0.0,0.2726423902894491
4861087,7,1.0,0.0,0.27138263665594853
4861087,2,0.765625,2149410775.0,0.56353591160221
4861087,5,0.6158940397350994,53209.0,0.85
4869642,1,0.5,30035.0,0.3590836441129462
4869642,2,0.5,68687451936.0,0.6418181818181818
4869642,3,0.0,0.0,0.1687315634218289
4869642,4,0.375,0.0,0.42857142857142855
4869642,5,0.2,3804.0,0.30579531442663377
4869642,6,0.3333333333333333,0.0,0.6185185185185185
4869642,7,0.0,0.0,0.41864951768488745
4872589,5,0.25,50921.0,0.6875
4872589,2,0.0,122291.0,0.6403785488958991
4872589,1,0.4,45323.0,0.8270676691729323
4876851,1,1.0,29923.0,0.3590836441129462
4876851,2,0.5,68687451936.0,0.6418181818181818
4876851,3,0.5,0.0,0.6312684365781711
4876851,4,0.375,0.0,0.47123464770523593
4876851,6,0.6666666666666666,0.0,0.4580246913580247
4876851,7,0.3333333333333333,0.0,0.41864951768488745
4876851,5,0.6666666666666666,62784.0,0.6861471861471862
4877689,6,0.7105263157894737,0.0,0.8984771573604061
4877689,1,0.7532467532467533,27073.0,0.7008547008547008
4877689,5,0.6065573770491803,47123.0,0.5355871886120996
4877689,2,0.6166666666666667,36092.0,0.8649921507064364
4877689,3,0.5,0.0,0.6923076923076923
4877689,4,0.7966101694915254,0.0,0.589041095890411
4877689,7,0.6833910034602076,0.0,0.8923076923076924
4879655,5,0.6,23782.0,0.44545454545454544
4879655,2,0.7777777777777778,33874.0,0.7005988023952096
4883569,1,1.0,28804.0,0.3590836441129462
4883569,2,0.5,68687451936.0,0.6418181818181818
4883569,3,0.5,0.0,0.1687315634218289
4883569,4,0.8,0.0,0.23000619962802232
4887915,5,0.44,20089.0,0.3853211009174312
4887915,2,0.5555555555555556,648360986.0,0.7553956834532374
4892105,1,0.5172413793103449,29735.0,0.3608490566037736
4902433,1,0.5,28865.0,0.3590836441129462
4902433,3,0.0,0.0,0.1687315634218289
4902433,4,0.0,0.0,0.5533290239172592
4902433,5,0.4,24154.0,0.30579531442663377
4902433,6,0.0,0.0,0.828395061728395
4902433,7,0.3333333333333333,0.0,0.490032154340836
4902433,2,0.8,29387.0,0.6311475409836066
4905842,2,0.0,176695.0,0.8783783783783784
4905842,5,0.16666666666666666,43337.0,0.7307692307692307
4911742,5,0.6896551724137931,33069.0,0.2857142857142857
4911742,2,0.7317073170731707,21299.0,0.6826923076923077
4927430,1,0.5,21166.0,0.3590836441129462
4927430,2,0.5,68687451936.0,0.6418181818181818
4927430,3,0.0,0.0,0.6306784660766962
4927430,4,0.25,0.0,0.5533290239172592
4927430,5,0.4,20147.0,0.30579531442663377
4927430,6,0.3333333333333333,0.0,0.47619047619047616
4927430,7,0.0,0.0,0.27138263665594853
4964431,7,0.4117647058823529,0.0,0.6190476190476191
4964431,4,0.5609756097560976,0.0,0.954954954954955
4964431,6,0.5873015873015873,0.0,0.7272727272727273
4964431,2,0.8705035971223022,104816.0,0.7764705882352941
4964431,3,0.7105263157894737,0.0,0.7440476190476191
4964431,1,0.8205128205128205,31055.0,0.7704918032786885
4964431,5,0.6015625,38556.0,0.8058252427184466
4968367,1,1.0,24156.0,0.3590836441129462
4968367,2,0.5,68687451936.0,0.6418181818181818
4968367,3,1.0,0.0,0.1687315634218289
4968367,4,0.25,0.0,0.42857142857142855
4968367,5,0.6,19983.0,0.30579531442663377
4968367,6,0.6666666666666666,0.0,0.43137254901960786
4968367,7,0.6666666666666666,0.0,0.27138263665594853
4973404,2,0.5,68687451936.0,0.6418181818181818
4973404,3,1.0,0.0,0.1687315634218289
4973404,4,0.625,0.0,0.47123464770523593
4973404,6,1.0,0.0,0.42663378545006164
4973404,7,0.6666666666666666,0.0,0.490032154340836
4973404,1,0.75,30263.0,0.946236559139785
4973404,5,0.4,36833.0,0.5344827586206896
4977944,1,1.0,27095.0,0.3590836441129462
4977944,2,0.5,68687451936.0,0.6418181818181818
4977944,3,0.5,0.0,0.1687315634218289
4977944,4,0.375,0.0,0.5533290239172592
4977944,6,1.0,0.0,0.42663378545006164
4977944,7,0.3333333333333333,0.0,0.27138263665594853
4977944,5,0.6666666666666666,33300.0,0.5544303797468354
4980312,7,0.8010204081632653,0.0,0.625
4980312,5,0.6379821958456974,63711.0,0.4874551971326165
4980312,6,0.7762237762237763,0.0,0.4855072463768116
4980312,1,0.8300653594771242,68410.0,0.8481012658227848
4980312,2,0.786046511627907,61095.0,0.7016129032258065
4980312,3,0.815668202764977,0.0,0.7222222222222222
4980312,4,0.7439353099730458,0.0,0.5294117647058824
4990101,4,0.6701030927835051,0.0,0.5094339622641509
4990101,1,0.7535545023696683,37679.0,0.725
4990101,3,0.7041800643086816,0.0,0.6987951807228916
4990101,6,0.6938775510204082,0.0,0.5
4990101,2,0.7904191616766467,137675.0,0.6666666666666666
4990101,5,0.6304347826086957,77107.0,0.5588235294117647
4992232,6,0.7910447761194029,0.0,0.703125
4992232,5,0.6853526220614828,65722.0,0.4186046511627907
4992232,7,0.7731958762886598,0.0,0.847457627118644
4992232,1,0.7702702702702703,52520.0,0.9565217391304348
4992232,2,0.75,32644.0,0.7857142857142857
4992232,3,0.8316831683168316,0.0,0.5416666666666666
4992232,4,0.7636363636363637,0.0,0.6666666666666666
4994712,7,0.3333333333333333,0.0,0.6019292604501608
4994712,6,0.6538461538461539,0.0,0.7411167512690355
4994712,5,0.6331877729257642,24842.0,0.8409090909090909
4994712,4,0.7,0.0,0.8679245283018868
4994712,1,0.5833333333333334,57676.0,0.43342776203966005
4994712,2,0.6470588235294118,60101.0,0.592964824120603
4994712,3,0.78125,0.0,0.45161290322580644
5000764,7,0.6956521739130435,0.0,0.4887640449438202
5000764,4,0.6896551724137931,0.0,0.7692307692307693
5000764,3,0.7786885245901639,0.0,0.6835443037974683
5000764,2,0.7228915662650602,17067.0,0.6577181208053692
5000764,1,0.7207207207207207,32789.0,0.7894736842105263
5000764,6,0.6287425149700598,0.0,0.5529411764705883
5000764,5,0.5583756345177665,51877.0,0.676056338028169
5002570,2,0.5,68687451936.0,0.6418181818181818
5002570,1,0.375,47617.0,0.3253968253968254
5002570,5,0.6666666666666666,92632.0,0.4419753086419753
5002570,6,0.3333333333333333,0.0,0.7259615384615384
5007669,1,0.5,68687451936.0,0.5697674418604651
5007669,5,0.625,14784.0,0.4594594594594595
5007669,2,0.3,24729.0,0.4192708333333333
5009982,1,0.5,31940.0,0.3590836441129462
5009982,2,0.5,68687451936.0,0.6418181818181818
5009982,3,1.0,0.0,0.6306784660766962
5009982,4,0.25,0.0,0.42857142857142855
5009982,5,0.6,20181.0,0.30579531442663377
5009982,6,0.3333333333333333,0.0,0.43137254901960786
5009982,7,0.3333333333333333,0.0,0.490032154340836
5013438,1,0.5,68687451936.0,0.6515151515151515
5013438,5,0.5882352941176471,15612.0,0.6363636363636364
5017696,2,0.7878787878787878,19067.0,0.5859375
5017696,5,0.5588235294117647,27449.0,0.8524590163934426
5050044,2,1.0,40026.0,0.6877470355731226
5050044,5,0.6470588235294118,3879874052.0,0.7887323943661971
5062568,2,0.7037037037037037,49024.0,0.7204301075268817
5062568,3,0.5,0.0,0.5
5062568,1,0.7619047619047619,113330767.0,0.8382978723404255
5062568,4,0.45,0.0,0.8548387096774194
5062568,6,0.7222222222222222,0.0,0.8984771573604061
5062568,7,0.5555555555555556,0.0,0.7
5062568,5,0.5172413793103449,491943606.0,0.4318181818181818
5087251,7,1.0,0.0,0.27138263665594853
5087251,5,0.5405405405405406,1767071584.0,0.5504587155963303
5087251,1,0.7522935779816514,38963.0,0.7924528301886793
5087251,3,0.7019867549668874,0.0,0.6507936507936508
5087251,6,0.6470588235294118,0.0,0.7254901960784313
5087251,4,0.6323529411764706,0.0,0.7333333333333333
5087251,2,0.6626016260162602,21704.0,0.6903225806451613
5091534,1,0.5,68687451936.0,0.855072463768116
5091534,5,0.23076923076923078,83042.0,0.48514851485148514
5091534,2,0.6666666666666666,57863.0,0.5952380952380952
5092689,1,0.5,25032.0,0.3590836441129462
5092689,3,0.0,0.0,0.1687315634218289
5092689,4,0.25,0.0,0.47123464770523593
5092689,5,0.0,22894.0,0.30579531442663377
5092689,6,0.3333333333333333,0.0,0.47619047619047616
5092689,7,0.0,0.0,0.27138263665594853
5092689,2,0.5,25352.0,0.8588235294117647
5103696,1,1.0,26192.0,0.3590836441129462
5103696,6,0.5454545454545454,0.0,0.6185185185185185
5103696,3,0.75,0.0,0.1687315634218289
5103696,4,0.5769230769230769,0.0,0.23000619962802232
5103696,7,0.8571428571428571,0.0,0.27138263665594853
5103696,5,0.8015075376884422,12803.0,0.5670103092783505
5103696,2,0.7516778523489933,26492.0,0.3339130434782609
5105962,1,0.5,23665.0,0.3590836441129462
5105962,2,0.5,68687451936.0,0.6418181818181818
5105962,3,0.0,0.0,0.6306784660766962
5105962,4,0.25,0.0,0.47123464770523593
5105962,5,0.6,21644.0,0.30579531442663377
5105962,6,0.6666666666666666,0.0,0.4580246913580247
5105962,7,0.0,0.0,0.27138263665594853
5107242,1,0.5,26039.0,0.3590836441129462
5107242,2,0.5,68687451936.0,0.6418181818181818
5107242,3,0.0,0.0,0.1687315634218289
5107242,4,0.25,0.0,0.47123464770523593
5107242,5,0.4,11361.0,0.30579531442663377
5107242,6,0.0,0.0,0.2726423902894491
5107242,7,0.0,0.0,0.490032154340836
5109209,2,1.0,475277.0,0.7866666666666666
5109209,5,0.6,17058.0,0.203125
5115680,1,0.5,28448.0,0.3590836441129462
5115680,2,0.5,68687451936.0,0.6418181818181818
5115680,3,0.0,0.0,0.6306784660766962
5115680,4,0.125,0.0,0.42857142857142855
5115680,5,0.0,25730.0,0.30579531442663377
5115680,6,0.6666666666666666,0.0,0.4580246913580247
5115680,7,0.0,0.0,0.27138263665594853
5115708,2,0.6666666666666666,23689.0,0.856
5115708,5,0.5625,28297.0,0.5027027027027027
5116652,1,0.5,68687451936.0,0.7896440129449838
5116652,5,0.6470588235294118,186214.0,0.4851063829787234
5116652,2,1.0,26602.0,0.297153024911032
5126768,1,1.0,26598.0,0.3590836441129462
5126768,2,0.5,68687451936.0,0.6418181818181818
5126768,3,0.0,0.0,0.6312684365781711
5126768,4,0.375,0.0,0.47123464770523593
5126768,6,0.0,0.0,0.6451914098972923
5126768,7,0.3333333333333333,0.0,0.490032154340836
5126768,5,0.26666666666666666,29558.0,0.726775956284153
5129280,1,1.0,24109.0,0.3590836441129462
5129280,2,0.5,68687451936.0,0.6418181818181818
5129280,3,0.5,0.0,0.1687315634218289
5129280,4,0.25,0.0,0.47123464770523593
5129280,5,0.2,88079.0,0.30579531442663377
5129280,6,0.0,0.0,0.47619047619047616
5129280,7,0.0,0.0,0.6019292604501608
5133856,1,0.4411764705882353,28980.0,0.9148936170212766
5140808,5,0.5,47742.0,0.24829931972789115
5140808,1,0.6190476190476191,52251.0,0.6071428571428571
5159307,1,0.5,68687451936.0,0.9423076923076923
5159307,2,0.5625,23175.0,0.8313253012048193
5159307,5,0.5,41955.0,0.6486988847583643
5161303,1,1.0,19751.0,0.3590836441129462
5161303,2,0.5,68687451936.0,0.6418181818181818
5161303,3,1.0,0.0,0.1687315634218289
5161303,4,0.625,0.0,0.47123464770523593
5161303,5,1.0,18419.0,0.30579531442663377
5161303,6,0.6666666666666666,0.0,0.47619047619047616
5161303,7,0.6666666666666666,0.0,0.27138263665594853
5161865,1,0.5,68687451936.0,0.7575757575757576
5161865,5,0.4,29574.0,0.6824324324324325
5166745,1,1.0,34989.0,0.3590836441129462
5166745,2,0.5,68687451936.0,0.6418181818181818
5166745,3,1.0,0.0,0.1687315634218289
5166745,4,0.375,0.0,0.47123464770523593
5166745,5,0.0,31176.0,0.30579531442663377
5166745,6,1.0,0.0,0.4580246913580247
5166745,7,0.3333333333333333,0.0,0.490032154340836
5167527,1,1.0,9263.0,0.8412698412698413
5167527,5,0.6666666666666666,191939.0,0.48623853211009177
5167527,2,0.6666666666666666,26929.0,0.5419354838709678
5182123,1,1.0,24745.0,0.3590836441129462
5182123,2,0.5,68687451936.0,0.6418181818181818
5182123,3,1.0,0.0,0.1687315634218289
5182123,4,0.375,0.0,0.5533290239172592
5182123,5,0.8,20224.0,0.30579531442663377
5182123,7,0.3333333333333333,0.0,0.490032154340836
5182123,6,0.6666666666666666,0.0,0.5770609318996416
5194169,1,0.5,68687451936.0,0.8873873873873874
5194169,5,0.5652173913043478,22041.0,0.9047619047619048
5194169,2,0.7906976744186046,14538.0,0.4627450980392157
5199624,1,1.0,25512.0,0.3590836441129462
5199624,2,0.5,68687451936.0,0.6418181818181818
5199624,3,1.0,0.0,0.1687315634218289
5199624,4,0.125,0.0,0.5533290239172592
5199624,5,0.4,35281.0,0.30579531442663377
5199624,6,0.6666666666666666,0.0,0.47619047619047616
5199624,7,0.6666666666666666,0.0,0.41864951768488745
5211764,1,1.0,235591.0,0.6688741721854304
5211764,5,0.5,21686.0,0.6428571428571429
5211764,4,0.23076923076923078,0.0,0.3028571428571429
5211764,7,0.7142857142857143,0.0,0.8913043478260869
5211764,6,0.5333333333333333,0.0,0.5051546391752577
5212343,1,0.5,24092.0,0.3590836441129462
5212343,2,1.0,173466.0,0.8031746031746032
5212343,5,0.16666666666666666,30329.0,0.6934673366834171
5219438,2,0.7142857142857143,45754.0,0.677570093457944
5219438,5,0.6506024096385542,23334.0,0.8333333333333334
5223772,2,0.88,289031.0,0.580110497237569
5223772,6,0.7333333333333333,0.0,0.7396449704142012
5223772,1,0.6857142857142857,593982409.0,0.5608108108108109
5223772,3,0.7272727272727273,0.0,0.5223880597014925
5223772,5,0.5705882352941176,62910.0,0.4375
5229096,5,0.5371900826446281,51066.0,0.196763202725724
5239268,1,0.5,26492.0,0.3590836441129462
5239268,2,0.5,68687451936.0,0.6418181818181818
5239268,3,1.0,0.0,0.6306784660766962
5239268,4,0.125,0.0,0.42857142857142855
5239268,5,0.2,21634.0,0.30579531442663377
5239268,6,0.3333333333333333,0.0,0.4580246913580247
5239268,7,0.3333333333333333,0.0,0.490032154340836
5240484,5,0.5555555555555556,36974.0,0.375
5240484,2,0.5,36199.0,0.7181208053691275
5240484,3,0.5526315789473685,0.0,0.8823529411764706
5240484,4,0.53125,0.0,0.6949152542372882
5240484,1,0.532258064516129,56090.0,0.6575342465753424
5241824,1,0.8,56023.0,0.7485714285714286
5241824,3,0.35714285714285715,0.0,0.8740740740740741
5241824,4,0.7692307692307693,0.0,0.54
5241824,6,0.5333333333333333,0.0,0.7544378698224852
5241824,5,0.3838383838383838,69618.0,0.5167464114832536
5241824,2,0.39344262295081966,57917.0,0.6666666666666666
5243414,1,0.0,21628.0,0.3590836441129462
5243414,3,0.0,0.0,0.6306784660766962
5243414,4,0.25,0.0,0.5533290239172592
5243414,5,0.2,25924.0,0.30579531442663377
5243414,6,0.6666666666666666,0.0,0.43137254901960786
5243414,7,0.3333333333333333,0.0,0.490032154340836
5243414,2,0.6,28659.0,0.875
5243685,3,0.5428571428571428,0.0,0.7205882352941176
5243685,2,0.7916666666666666,32587.0,0.8526315789473684
5243685,1,0.6064814814814815,36774.0,0.6794871794871795
5243685,4,0.4639175257731959,0.0,0.7058823529411765
5243685,7,0.5633802816901409,0.0,0.7142857142857143
5243685,6,0.6177215189873417,0.0,0.6785714285714286
5243685,5,0.5945945945945946,44312.0,0.7043478260869566
5246130,3,0.5,0.0,0.7857142857142857
5246130,7,0.5,0.0,0.45098039215686275
5246130,5,0.3333333333333333,31610.0,0.8181818181818182
5246130,2,0.6551724137931034,28311.0,0.6513761467889908
5246130,1,0.5625,55439.0,0.8166666666666667
5253841,1,0.5,68687451936.0,0.5608108108108109
5253841,2,0.8292682926829268,35769.0,0.48576512455516013
5253841,5,0.6101694915254238,13863.0,0.2932330827067669
5256034,1,0.5,68687451936.0,0.6385542168674698
5256034,3,0.8,0.0,0.8793103448275862
5256034,2,0.7,36524.0,0.6349206349206349
5256034,7,0.5,0.0,0.7213114754098361
5256034,6,0.5733333333333334,0.0,0.7837837837837838
5256034,5,0.665,17010.0,0.7692307692307693
5257606,2,0.6923076923076923,71914197.0,0.7745454545454545
5257606,5,0.5185185185185185,85001.0,0.475
5268779,2,0.3333333333333333,81108.0,0.7125
5268779,5,0.4473684210526316,20438741072.0,0.7222222222222222
5271908,1,0.5,39212.0,0.3590836441129462
5271908,2,0.5,68687451936.0,0.6418181818181818
5271908,3,0.5,0.0,0.6306784660766962
5271908,4,0.375,0.0,0.42857142857142855
5271908,5,0.2,14548.0,0.30579531442663377
5271908,6,0.3333333333333333,0.0,0.43137254901960786
5271908,7,0.6666666666666666,0.0,0.490032154340836
5274351,2,1.0,39244.0,0.55
5274351,5,0.6111111111111112,361528.0,0.49379310344827587
5275458,3,0.5,0.0,0.1687315634218289
5275458,4,1.0,0.0,0.47123464770523593
5275458,6,1.0,0.0,0.828395061728395
5275458,7,0.6666666666666666,0.0,0.6019292604501608
5275458,1,0.7575757575757576,59222.0,0.8122977346278317
5275458,2,0.7619047619047619,63051.0,0.666030534351145
5275458,5,0.4166666666666667,48600.0,0.5707070707070707
5282648,7,0.5,0.0,0.2711864406779661
5282648,6,0.6086956521739131,0.0,0.338368580060423
5282648,1,0.375,52376.0,0.3055555555555556
5282648,3,0.7272727272727273,0.0,0.6666666666666666
5282648,2,0.6829268292682927,40903.0,0.5598455598455598
5282648,5,0.603225806451613,18057.0,0.8225806451612904
5289290,4,0.5172413793103449,0.0,0.5170556552962298
5289290,7,0.5555555555555556,0.0,0.4887640449438202
5289290,6,0.5483870967741935,0.0,0.6243093922651933
5289290,3,0.5,0.0,0.56
5289290,1,0.6097560975609756,29762.0,0.7914691943127962
5289290,2,0.5483870967741935,218731843.0,0.5756457564575646
5289290,5,0.4802065404475043,37745.0,0.5
5294077,3,0.7272727272727273,0.0,0.8372093023255814
5294077,1,0.85,45330.0,0.6190476190476191
5294077,2,0.8157894736842105,55198.0,0.6580645161290323
5294077,7,0.7317073170731707,0.0,0.5901639344262295
5294077,4,0.7045454545454546,0.0,0.7941176470588235
5294077,5,0.7083333333333334,125445.0,0.4653679653679654
5294077,6,0.7313432835820896,0.0,0.9081081081081082
5294538,2,0.7777777777777778,25091.0,0.5688888888888889
5294538,6,1.0,0.0,0.7544378698224852
5294538,3,0.8571428571428571,0.0,0.44936708860759494
5294538,4,0.0,0.0,0.5206896551724138
5294538,5,0.6,46374.0,0.6541353383458647
5294538,1,0.5454545454545454,27602.0,0.697508896797153
5295862,1,1.0,72209.0,0.3590836441129462
5295862,2,0.5,68687451936.0,0.6418181818181818
5295862,3,0.5,0.0,0.6306784660766962
5295862,4,0.25,0.0,0.5533290239172592
5295862,5,0.2,35563.0,0.30579531442663377
5295862,6,0.3333333333333333,0.0,0.42663378545006164
5298602,1,1.0,24082.0,0.3590836441129462
5298602,2,0.5,68687451936.0,0.6418181818181818
5298602,3,0.5,0.0,0.1687315634218289
5298602,4,0.25,0.0,0.5533290239172592
5298602,5,0.4,36545.0,0.30579531442663377
5298602,6,0.6666666666666666,0.0,0.43137254901960786
5298602,7,0.3333333333333333,0.0,0.41864951768488745
5298945,2,0.5,68687451936.0,0.6655231560891939
5298945,5,0.5555555555555556,154650.0,0.4731182795698925
5298945,1,0.5,68687451936.0,0.6981818181818182
5321356,7,0.42857142857142855,0.0,0.6019292604501608
5321356,3,0.7211538461538461,0.0,0.40217391304347827
5321356,4,0.5735294117647058,0.0,0.38095238095238093
5321356,5,0.5958904109589042,27325.0,0.7307692307692307
5321356,1,0.8857142857142857,42839.0,0.7878787878787878
5321356,2,0.8181818181818182,59745.0,0.9523809523809523
5321356,6,0.4405594405594406,0.0,0.8865248226950354
5336804,5,0.5817307692307693,14751.0,0.6842105263157895
5340888,1,0.5,25851.0,0.3590836441129462
5340888,2,0.5,68687451936.0,0.6418181818181818
5340888,3,1.0,0.0,0.1687315634218289
5340888,4,0.375,0.0,0.47123464770523593
5340888,6,0.0,0.0,0.828395061728395
5340888,7,0.3333333333333333,0.0,0.6019292604501608
5340888,5,0.28,25707.0,0.2558139534883721
5347693,1,0.5,25472.0,0.3590836441129462
5347693,3,0.0,0.0,0.6306784660766962
5347693,4,0.625,0.0,0.47123464770523593
5347693,6,0.6666666666666666,0.0,0.4580246913580247
5347693,7,1.0,0.0,0.27138263665594853
5347693,5,0.6,28865.0,0.6861471861471862
5347693,2,0.65,31269.0,0.8649921507064364
5350678,1,0.5,68687451936.0,0.8032786885245902
5350678,5,0.5,17841.0,0.3108108108108108
5350678,2,1.0,16715.0,0.6206030150753769
5355138,1,1.0,32658.0,0.3590836441129462
5355138,3,0.0,0.0,0.1687315634218289
5355138,4,0.25,0.0,0.47123464770523593
5355138,6,0.6666666666666666,0.0,0.6451914098972923
5355138,7,0.3333333333333333,0.0,0.41864951768488745
5355138,2,0.9,37005.0,0.8260869565217391
5355138,5,0.6829268292682927,985770988.0,0.3181818181818182
5365886,6,0.7692307692307693,0.0,0.5542168674698795
5365886,3,0.7727272727272727,0.0,0.8762376237623762
5365886,1,0.75,37663.0,0.7948717948717948
5365886,2,0.7670043415340086,31323.0,0.6875
5365886,4,0.7590361445783133,0.0,0.49206349206349204
5365886,5,0.6581875993640699,30423.0,0.42105263157894735
5367469,3,0.6120689655172413,0.0,0.7878787878787878
5367469,1,0.7816091954022989,699188665.0,0.7215189873417721
5367469,6,0.5817694369973191,0.0,0.7652173913043478
5367469,2,0.6773778920308483,63845.0,0.6534653465346535
5367469,5,0.5685840707964602,29553.0,0.6323529411764706
5367887,1,0.875,165890.0,0.9259259259259259
5367887,2,0.9166666666666666,83837.0,0.6310344827586207
5367887,3,0.8780487804878049,0.0,0.8245614035087719
5367887,4,0.7391304347826086,0.0,0.5833333333333334
5367887,5,0.7222222222222222,79476.0,0.813953488372093
5367887,6,0.8305084745762712,0.0,0.6754966887417219
5367887,7,0.8947368421052632,0.0,0.7525773195876289
5369363,3,0.7714285714285715,0.0,0.38636363636363635
5369363,6,0.3870967741935484,0.0,0.8571428571428571
5369363,4,0.5714285714285714,0.0,0.16666666666666666
5369363,1,0.6666666666666666,9770.0,0.6279863481228669
5369363,5,0.6708074534161491,19154.0,0.85
5369363,2,0.7346938775510204,28067.0,0.610236220472441
5373028,5,0.7307692307692307,35754.0,0.8846153846153846
5381429,1,0.5,33690.0,0.3590836441129462
5381429,3,0.5,0.0,0.1687315634218289
5381429,4,0.5,0.0,0.47123464770523593
5381429,5,0.0,15102.0,0.30579531442663377
5381429,6,0.6666666666666666,0.0,0.828395061728395
5381429,7,0.6666666666666666,0.0,0.27138263665594853
5381429,2,0.6,29251.0,0.9652173913043478
5386918,3,0.5,0.0,0.6312684365781711
5386918,7,0.6666666666666666,0.0,0.490032154340836
5386918,4,0.65,0.0,0.37142857142857144
5386918,1,0.8,80327.0,0.8466666666666667
5386918,6,0.6,0.0,0.6517241379310345
5386918,2,0.875,29081.0,0.8082089552238806
5386918,5,0.5714285714285714,33681.0,0.8354430379746836
5393013,2,1.0,171832.0,0.6627450980392157
5393013,6,0.6086956521739131,0.0,0.867595818815331
5393013,5,0.5714285714285714,69734.0,0.48812095032397407
5394783,1,1.0,24206.0,0.3590836441129462
5394783,3,0.5,0.0,0.6312684365781711
5394783,4,0.5,0.0,0.42857142857142855
5394783,5,0.6,30944.0,0.30579531442663377
5394783,6,0.3333333333333333,0.0,0.6451914098972923
5394783,7,0.6666666666666666,0.0,0.27138263665594853
5394783,2,0.4,111977.0,0.8
5397974,6,0.6666666666666666,0.0,0.6451914098972923
5397974,7,0.45,0.0,0.8952380952380953
5397974,3,0.6052631578947368,0.0,0.7032967032967034
5397974,1,0.8695652173913043,27738.0,0.8431372549019608
5397974,5,0.6914539400665927,35459.0,0.5023255813953489
5397974,2,0.7309352517985611,63251.0,0.8103448275862069
5397974,4,0.5414634146341464,0.0,0.2764811490125673
5401739,1,0.5,25782.0,0.3590836441129462
5401739,3,0.0,0.0,0.6306784660766962
5401739,4,0.5,0.0,0.42857142857142855
5401739,6,0.6666666666666666,0.0,0.6451914098972923
5401739,7,0.0,0.0,0.41864951768488745
5401739,2,0.7718023255813954,21968.0,0.7484848484848485
5401739,5,0.5982404692082112,13743.0,0.7323943661971831
5405873,2,0.7777777777777778,24116.0,0.6635071090047393
5405873,5,0.25,1127248995.0,0.7177914110429447
5430309,1,0.5,68687451936.0,0.8787878787878788
5430309,5,0.17647058823529413,11761.0,0.5115089514066496
5430309,2,0.25,25592.0,0.589041095890411
5432884,2,0.8461538461538461,22385.0,0.6926406926406926
5432884,5,0.3888888888888889,17609.0,0.5199543899657925
5432884,6,0.4,0.0,0.9411764705882353
5432884,4,0.5,0.0,0.8251748251748252
5432884,3,0.5714285714285714,0.0,0.7291666666666666
5432884,1,0.5714285714285714,531392727.0,0.37637362637362637
5440876,1,0.5,68687451936.0,0.3055555555555556
5440876,2,0.7686980609418282,23753.0,0.7684729064039408
5440876,5,0.655367231638418,10385.0,0.8571428571428571
5443276,1,0.5294117647058824,26863.0,0.7076271186440678
5443276,5,0.3333333333333333,12317.0,0.8181818181818182
5452162,1,0.5,68687451936.0,0.7896440129449838
5452162,5,0.5508474576271186,39729.0,0.851063829787234
5452424,1,1.0,23907.0,0.9285714285714286
5452424,2,0.7419354838709677,22685.0,0.7540983606557377
5452424,5,0.16129032258064516,43443.0,0.8043478260869565
5461352,5,0.5,33011.0,0.6226415094339622
5461352,2,0.55,24129.0,0.7552447552447552
5461352,1,0.5238095238095238,28514.0,0.7177033492822966
5461352,4,0.6904761904761905,0.0,0.3333333333333333
5461352,6,0.43478260869565216,0.0,0.9148936170212766
5461352,3,0.4482758620689655,0.0,0.42657342657342656
5461352,7,0.44,0.0,0.26666666666666666
5465869,1,0.0,19433.0,0.3590836441129462
5465869,2,0.5,68687451936.0,0.6418181818181818
5465869,3,0.5,0.0,0.6306784660766962
5465869,4,0.5,0.0,0.47123464770523593
5465869,5,0.4,5875.0,0.30579531442663377
5465869,6,0.6666666666666666,0.0,0.4580246913580247
5465869,7,0.3333333333333333,0.0,0.41864951768488745
5468528,5,0.6666666666666666,29509.0,0.5
5471456,2,0.5,68687451936.0,0.8394160583941606
5471456,5,0.5,1454047673.0,0.6486486486486487
5481709,2,0.8,32531.0,0.6046511627906976
5481709,6,0.6666666666666666,0.0,0.8484848484848485
5481709,5,0.6176470588235294,79866.0,0.43370165745856354
5482443,1,1.0,1372662.0,0.37637362637362637
5482443,2,0.6666666666666666,49755.0,0.7857142857142857
5482443,5,0.3333333333333333,17558.0,0.7368421052631579
5488538,1,0.5,29188.0,0.3590836441129462
5488538,2,0.5,68687451936.0,0.6418181818181818
5488538,3,0.0,0.0,0.1687315634218289
5488538,4,0.125,0.0,0.47123464770523593
5488538,5,0.2,35835.0,0.30579531442663377
5488538,6,0.6666666666666666,0.0,0.828395061728395
5488538,7,0.0,0.0,0.490032154340836
5491525,2,0.6956521739130435,21186.0,0.5380952380952381
5491525,1,0.6086956521739131,31076.0,0.5608108108108109
5491525,3,0.6590909090909091,0.0,0.6351351351351351
5491525,6,0.4430379746835443,0.0,0.7159533073929961
5491525,4,0.5168539325842697,0.0,0.35353535353535354
5491525,7,0.4954128440366973,0.0,0.7525773195876289
5491525,5,0.2987551867219917,5697.0,0.3028169014084507
5493032,1,0.5,68687451936.0,0.6688741721854304
5493032,5,0.3333333333333333,34705.0,0.4070175438596491
5493032,2,0.8,166494037.0,0.589041095890411
5494272,2,0.5,68687451936.0,0.6777493606138107
5494272,1,0.5,68687451936.0,0.9423076923076923
5494272,5,0.6666666666666666,34420.0,0.5757575757575758
5496538,2,0.0,20401.0,0.6509433962264151
5496538,5,0.4444444444444444,151525.0,0.6078431372549019
5496582,3,0.5,0.0,0.6312684365781711
5496582,4,0.125,0.0,0.5533290239172592
5496582,6,0.6666666666666666,0.0,0.828395061728395
5496582,7,0.0,0.0,0.27138263665594853
5496582,2,0.75,42334.0,0.8616780045351474
5496582,1,0.8918918918918919,39673.0,0.9318181818181818
5496582,5,0.47368421052631576,95222.0,0.8157894736842105
5504898,1,0.5,25042.0,0.3590836441129462
5504898,2,0.5,68687451936.0,0.6418181818181818
5504898,3,0.5,0.0,0.6312684365781711
5504898,4,0.125,0.0,0.5533290239172592
5504898,5,0.4,31002.0,0.30579531442663377
5504898,6,0.6666666666666666,0.0,0.47619047619047616
5504898,7,0.6666666666666666,0.0,0.27138263665594853
5508867,1,1.0,91605.0,0.3590836441129462
5508867,2,0.5,68687451936.0,0.6418181818181818
5508867,3,1.0,0.0,0.1687315634218289
5508867,4,0.625,0.0,0.47123464770523593
5508867,6,1.0,0.0,0.828395061728395
5508867,7,0.6666666666666666,0.0,0.41864951768488745
5508867,5,0.6129032258064516,22772.0,0.6428571428571429
5521635,3,0.0,0.0,0.6312684365781711
5521635,4,0.125,0.0,0.47123464770523593
5521635,7,0.0,0.0,0.41864951768488745
5521635,2,0.7708333333333334,38173.0,0.8861386138613861
5521635,6,0.5263157894736842,0.0,0.6724137931034483
5521635,1,0.8829787234042553,36420.0,0.759581881533101
5521635,5,0.5942408376963351,42873.0,0.7538461538461538
5524479,5,0.5882352941176471,81814.0,0.6339712918660287
5529131,1,1.0,213670.0,0.634703196347032
5529131,5,0.7368421052631579,17923.0,0.49242424242424243
5541659,1,0.8206521739130435,28619.0,0.8289473684210527
5541659,3,0.5869565217391305,0.0,0.8571428571428571
5541659,6,0.32903225806451614,0.0,0.7016129032258065
5541659,4,0.3319838056680162,0.0,0.5294117647058824
5541659,2,0.6787564766839378,26776.0,0.8560606060606061
5541659,5,0.4669260700389105,48989.0,0.5150375939849624
5545206,1,0.5,228884.0,0.6883116883116883
5545206,2,0.5,62006.0,0.6627450980392157
5545206,5,0.4,4923091392.0,0.8299065420560747
5545246,5,0.7,16707.0,0.5573770491803278
5554599,5,0.5625,33773.0,0.7595419847328244
5555086,2,0.5,68687451936.0,0.6707317073170732
5555086,5,0.6,33674.0,0.5726872246696035
5566848,2,0.0,124031.0,0.6190476190476191
5566848,4,0.6363636363636364,0.0,0.3229166666666667
5566848,5,0.3888888888888889,141723.0,0.6666666666666666
5568049,2,0.5,18451.0,0.8207547169811321
5568049,6,0.2857142857142857,0.0,0.7926829268292683
5568049,4,0.7307692307692307,0.0,0.5294117647058824
5568049,1,0.4,37031.0,0.5714285714285714
5568049,5,0.3548387096774194,65123.0,0.6073619631901841
5571864,5,0.5,22714.0,0.5700934579439252
5571864,2,0.8181818181818182,30020.0,0.639344262295082
5577726,2,0.5,68687451936.0,0.6926406926406926
5577726,5,0.4,11598.0,0.6743515850144092
5587504,6,0.9402985074626866,0.0,0.7471264367816092
5587504,7,0.9113924050632911,0.0,0.4634146341463415
5587504,1,0.8833333333333333,33883.0,0.8181818181818182
5587504,3,0.7531645569620253,0.0,0.8740740740740741
5587504,4,0.7956204379562044,0.0,0.6881720430107527
5587504,5,0.8206060606060606,40611.0,0.47540983606557374
5587504,2,0.8454172366621067,33808.0,0.75
5588426,2,0.5,68687451936.0,0.6062176165803109
5588426,5,0.47058823529411764,13982.0,0.631578947368421
5596216,4,0.5510204081632653,0.0,0.9407894736842105
5596216,7,0.5375,0.0,0.4074074074074074
5596216,2,0.7105263157894737,25144.0,0.7552447552447552
5596216,3,0.6764705882352942,0.0,0.3684210526315789
5596216,1,0.8545454545454545,30194.0,0.8446601941747572
5596216,6,0.616822429906542,0.0,0.4482758620689655
5596216,5,0.5345911949685535,28504.0,0.6
5603990,2,0.4444444444444444,63870.0,0.8512396694214877
5603990,5,0.25,37425.0,0.9767441860465116
5612057,1,1.0,36786.0,0.3590836441129462
5612057,2,0.5,68687451936.0,0.6418181818181818
5612057,3,0.5,0.0,0.6306784660766962
5612057,4,0.75,0.0,0.5533290239172592
5612057,5,0.4,34770.0,0.30579531442663377
5612057,6,0.3333333333333333,0.0,0.6451914098972923
5612057,7,0.3333333333333333,0.0,0.41864951768488745
5613226,1,0.5,23667.0,0.3590836441129462
5613226,2,0.5,68687451936.0,0.6418181818181818
5613226,3,0.0,0.0,0.1687315634218289
5613226,4,0.25,0.0,0.5533290239172592
5613226,6,0.0,0.0,0.47619047619047616
5613226,7,0.6666666666666666,0.0,0.41864951768488745
5613226,5,0.4666666666666667,39146.0,0.4888888888888889
5615405,1,0.5,25931.0,0.3590836441129462
5615405,2,0.5,68687451936.0,0.6418181818181818
5615405,3,1.0,0.0,0.1687315634218289
5615405,4,0.5,0.0,0.47123464770523593
5615405,6,0.6666666666666666,0.0,0.42663378545006164
5615405,7,1.0,0.0,0.41864951768488745
5615405,5,0.6171875,99806.0,0.7510373443983402
5625005,1,1.0,25918.0,0.3590836441129462
5625005,3,1.0,0.0,0.1687315634218289
5625005,4,0.375,0.0,0.5533290239172592
5625005,6,1.0,0.0,0.47619047619047616
5625005,7,0.3333333333333333,0.0,0.41864951768488745
5625005,2,0.75,23810.0,0.8774617067833698
5625005,5,0.6296296296296297,24354.0,0.26506024096385544
5631064,1,0.5,27113.0,0.3590836441129462
5631064,2,0.5,68687451936.0,0.6418181818181818
5631064,3,0.5,0.0,0.1687315634218289
5631064,4,0.5,0.0,0.42857142857142855
5631064,5,0.4,34286.0,0.30579531442663377
5631064,6,0.0,0.0,0.2726423902894491
5631064,7,0.0,0.0,0.27138263665594853
5643863,1,0.5,40308.0,0.3590836441129462
5643863,2,0.5,68687451936.0,0.6418181818181818
5643863,3,0.5,0.0,0.1687315634218289
5643863,4,0.125,0.0,0.5533290239172592
5643863,5,0.2,34747.0,0.30579531442663377
5643863,6,0.0,0.0,0.2726423902894491
5643863,7,0.0,0.0,0.27138263665594853
5648961,1,0.1724137931034483,24359.0,0.3608490566037736
5653550,1,0.8125,40225.0,0.7076271186440678
5653550,7,0.75,0.0,0.7906976744186046
5653550,6,0.5333333333333333,0.0,0.905982905982906
5653550,5,0.48672566371681414,47217.0,0.5238095238095238
5657069,5,0.5,35531.0,0.2896865520728008
5657069,1,0.0,65435.0,0.873015873015873
5657069,2,0.2727272727272727,6323.0,0.7289972899728997
5657619,1,1.0,34203.0,0.3590836441129462
5657619,3,1.0,0.0,0.6306784660766962
5657619,4,0.625,0.0,0.42857142857142855
5657619,6,0.6666666666666666,0.0,0.47619047619047616
5657619,7,0.6666666666666666,0.0,0.6019292604501608
5657619,2,0.72,27039.0,0.555858310626703
5657619,5,0.6336633663366337,53951.0,0.5355871886120996
5659730,1,0.0,1527301101.0,0.7896440129449838
5659730,5,0.6420581655480985,49344.0,0.6
5659730,2,0.5263157894736842,126987.0,0.8616780045351474
5661883,1,0.0,26874.0,0.6385542168674698
5661883,5,0.5714285714285714,48614.0,0.6138392857142857
5664530,1,1.0,29503.0,0.3590836441129462
5664530,2,0.5,68687451936.0,0.6418181818181818
5664530,3,0.5,0.0,0.6306784660766962
5664530,4,0.375,0.0,0.47123464770523593
5664530,5,0.6,28174.0,0.30579531442663377
5664530,6,0.3333333333333333,0.0,0.828395061728395
5664530,7,0.3333333333333333,0.0,0.490032154340836
5665691,1,0.5,28553.0,0.3590836441129462
5665691,2,0.5,68687451936.0,0.6418181818181818
5665691,3,0.5,0.0,0.6306784660766962
5665691,4,0.375,0.0,0.42857142857142855
5665691,5,0.4,10844.0,0.30579531442663377
5665691,6,0.0,0.0,0.43137254901960786
5665691,7,0.0,0.0,0.27138263665594853
5666234,3,0.5,0.0,0.6306784660766962
5666234,4,0.5,0.0,0.47123464770523593
5666234,6,0.6842105263157895,0.0,0.7195121951219512
5666234,1,0.9074074074074074,35674.0,0.8412698412698413
5666234,2,0.9436619718309859,13711.0,0.8877551020408163
5666234,5,0.7903225806451613,68068.0,0.6861471861471862
5666234,7,1.0,0.0,0.9142857142857143
5697045,2,0.5,68687451936.0,0.549618320610687
5697045,1,0.0,72522.0,0.9423076923076923
5697045,5,0.2857142857142857,29930.0,0.6208955223880597
5698774,1,0.5,33742.0,0.3590836441129462
5698774,3,0.5,0.0,0.6306784660766962
5698774,4,0.25,0.0,0.47123464770523593
5698774,6,0.0,0.0,0.6451914098972923
5698774,7,0.6666666666666666,0.0,0.490032154340836
5698774,2,0.7,27748.0,0.5428571428571428
5698774,5,0.390625,72994.0,0.7874015748031497
5699922,1,0.5,68687451936.0,0.7896440129449838
5699922,2,0.3333333333333333,24580.0,0.7388781431334622
5699922,5,0.7333333333333333,99098.0,0.409375
5705191,1,1.0,29443.0,0.3590836441129462
5705191,3,1.0,0.0,0.1687315634218289
5705191,4,0.25,0.0,0.5533290239172592
5705191,6,0.3333333333333333,0.0,0.4580246913580247
5705191,7,0.0,0.0,0.6019292604501608
5705191,5,0.6243093922651933,17886.0,0.8541666666666666
5705191,2,0.7267441860465116,46857.0,0.5722070844686649
5712442,1,0.7580645161290323,202337625.0,0.8122977346278317
5712442,7,0.8095238095238095,0.0,0.8952380952380953
5712442,2,0.7261410788381742,1032604.0,0.7862595419847328
5712442,6,0.6946308724832215,0.0,0.6422764227642277
5712442,5,0.6559139784946236,83812.0,0.49731663685152055
5712442,4,0.7480916030534351,0.0,0.7805907172995781
5712442,3,0.7622377622377622,0.0,0.9
5715671,1,0.5,21834.0,0.3590836441129462
5715671,3,0.5,0.0,0.1687315634218289
5715671,4,0.125,0.0,0.5533290239172592
5715671,5,0.2,17271.0,0.30579531442663377
5715671,6,0.0,0.0,0.2726423902894491
5715671,7,0.0,0.0,0.41864951768488745
5715671,2,0.3333333333333333,42355.0,0.7744360902255639
5715978,1,0.5,68687451936.0,0.7896440129449838
5715978,5,0.5714285714285714,50605.0,0.43209876543209874
5715978,2,0.7333333333333333,41943.0,0.6632302405498282
5719795,2,0.6333333333333333,20738.0,0.8095238095238095
5719795,5,0.625,22389.0,0.6578947368421053
5720138,7,0.6666666666666666,0.0,0.41864951768488745
5720138,2,0.8888888888888888,43615.0,0.5772357723577236
5720138,1,0.8269230769230769,52334.0,0.6372549019607843
5720138,4,0.7,0.0,0.9459459459459459
5720138,6,0.5952380952380952,0.0,0.7855072463768116
5720138,5,0.6338028169014085,15701.0,0.6611295681063123
5720138,3,0.7317073170731707,0.0,0.782608695652174
5720527,2,0.5,68687451936.0,0.7040816326530612
5720527,5,0.6666666666666666,16564.0,0.5294117647058824
5729623,5,0.375,25319.0,0.43661971830985913
5729623,2,0.8181818181818182,57995.0,0.3655913978494624
5745276,5,0.3448275862068966,50004.0,0.7209302325581395
5745276,2,0.5384615384615384,35293.0,0.8774617067833698
5749481,2,0.5,68687451936.0,0.7022900763358778
5749481,1,1.0,37474.0,0.8122977346278317
5749481,5,0.6470588235294118,67913.0,0.5947242206235012
5749481,6,0.7142857142857143,0.0,0.7159533073929961
5766705,5,0.5,49813.0,0.7
5766705,3,0.5,0.0,0.8636363636363636
5766705,4,0.5,0.0,0.546875
5766705,7,0.46153846153846156,0.0,0.49206349206349204
5766705,1,0.7045454545454546,28563.0,0.35410764872521244
5766705,2,0.35,26383.0,0.48576512455516013
5768348,5,0.15384615384615385,767406904.0,0.6688311688311688
5768348,2,0.6111111111111112,82189.0,0.7257142857142858
5768348,1,0.5277777777777778,32476.0,0.6974358974358974
5768818,1,0.5517241379310345,21824.0,0.3608490566037736
5768827,6,0.6956521739130435,0.0,0.7091836734693877
5768827,3,0.8181818181818182,0.0,0.4166666666666667
5768827,5,0.6231884057971014,72809.0,0.9375
5768827,2,0.88,34392.0,0.8020833333333334
5768827,4,0.6428571428571429,0.0,0.8546255506607929
5768827,1,0.84375,487502960.0,0.7582417582417582
5783953,5,0.2916666666666667,36925.0,0.5777777777777777
5783953,6,0.36363636363636365,0.0,0.9036144578313253
5783953,2,0.42857142857142855,37351.0,0.8014705882352942
5783953,4,1.0,0.0,0.32653061224489793
5794423,5,0.5,102652.0,0.7046632124352331
5794423,2,0.42105263157894735,29262.0,0.8649921507064364
5794974,1,0.5,22247.0,0.3590836441129462
5794974,3,0.0,0.0,0.6312684365781711
5794974,4,0.125,0.0,0.5533290239172592
5794974,6,0.6666666666666666,0.0,0.6451914098972923
5794974,7,0.3333333333333333,0.0,0.6019292604501608
5794974,2,0.5,52778073.0,0.7875
5794974,5,0.2,140119.0,0.591044776119403
5796619,1,0.5,25033.0,0.3590836441129462
5796619,2,0.5,68687451936.0,0.6418181818181818
5796619,3,1.0,0.0,0.1687315634218289
5796619,4,0.25,0.0,0.42857142857142855
5796619,6,0.3333333333333333,0.0,0.2726423902894491
5796619,7,1.0,0.0,0.41864951768488745
5796619,5,0.6666666666666666,63762.0,0.7419354838709677
5803884,1,1.0,25522.0,0.3590836441129462
5803884,3,0.5,0.0,0.6306784660766962
5803884,4,0.375,0.0,0.47123464770523593
5803884,7,0.3333333333333333,0.0,0.27138263665594853
5803884,2,0.8333333333333334,21673.0,0.693069306930693
5803884,6,0.3157894736842105,0.0,0.7189349112426036
5803884,5,0.4857142857142857,125722.0,0.7966101694915254
5819047,1,0.0,657345906.0,0.7184466019417476
5819047,2,0.7443946188340808,21068.0,0.5981308411214953
5819047,5,0.6115702479338843,12151301946.0,0.6733333333333333
5822095,1,0.0,20363.0,0.3590836441129462
5822095,2,0.5,68687451936.0,0.6418181818181818
5822095,3,0.0,0.0,0.1687315634218289
5822095,4,0.25,0.0,0.42857142857142855
5822095,5,0.4,16678.0,0.30579531442663377
5822095,6,0.3333333333333333,0.0,0.6451914098972923
5822095,7,0.3333333333333333,0.0,0.490032154340836
5823737,5,0.3333333333333333,25765.0,0.4519774011299435
5823737,2,0.8888888888888888,43565.0,0.7845433255269321
5831104,5,0.3333333333333333,70800.0,0.5098039215686274
5831104,2,0.8333333333333334,34344.0,0.4612546125461255
5832290,1,0.5,22434.0,0.3590836441129462
5832290,3,1.0,0.0,0.1687315634218289
5832290,4,0.4,0.0,0.2194668319900806
5832290,5,0.5,68687451936.0,0.9310344827586207
5832290,2,0.8,41664.0,0.9523809523809523
5840174,1,1.0,22210.0,0.3590836441129462
5840174,2,0.5,68687451936.0,0.6418181818181818
5840174,3,1.0,0.0,0.6312684365781711
5840174,4,0.75,0.0,0.5533290239172592
5840174,5,0.6,11483.0,0.30579531442663377
5840174,6,0.6666666666666666,0.0,0.47619047619047616
5840174,7,0.6666666666666666,0.0,0.490032154340836
5849513,5,0.40350877192982454,513648.0,0.8203125
5849513,2,0.6785714285714286,63833.0,0.7890625
5852242,1,1.0,26368.0,0.3590836441129462
5852242,2,0.5,68687451936.0,0.6418181818181818
5852242,3,0.0,0.0,0.6306784660766962
5852242,4,0.25,0.0,0.47123464770523593
5852242,6,0.3333333333333333,0.0,0.43137254901960786
5852242,7,0.6666666666666666,0.0,0.27138263665594853
5852242,5,0.5,46913.0,0.6334519572953736
5855388,1,0.5,89619.0,0.3590836441129462
5855388,2,0.5,68687451936.0,0.6418181818181818
5855388,3,0.5,0.0,0.6306784660766962
5855388,4,0.375,0.0,0.47123464770523593
5855388,5,0.2,45678.0,0.30579531442663377
5855388,6,0.3333333333333333,0.0,0.828395061728395
5855388,7,0.3333333333333333,0.0,0.27138263665594853
5857445,2,0.5,68687451936.0,0.7625
5857445,5,0.4666666666666667,77734.0,0.6319444444444444
5861239,1,0.5,35828.0,0.3590836441129462
5861239,2,0.5,68687451936.0,0.6418181818181818
5861239,3,0.5,0.0,0.6306784660766962
5861239,4,0.25,0.0,0.5533290239172592
5861239,5,0.5333333333333333,31645.0,0.30579531442663377
5861239,6,0.6666666666666666,0.0,0.47619047619047616
5861239,7,0.6666666666666666,0.0,0.41864951768488745
5894860,1,0.5,25551.0,0.3590836441129462
5894860,2,0.5,68687451936.0,0.6418181818181818
5894860,3,0.0,0.0,0.1687315634218289
5894860,4,0.0,0.0,0.5533290239172592
5894860,5,0.2,29485.0,0.30579531442663377
5894860,6,0.0,0.0,0.2726423902894491
5894860,7,0.0,0.0,0.41864951768488745
5902066,5,0.5625,42809.0,0.6505747126436782
5903091,1,0.5,27558.0,0.3590836441129462
5903091,2,0.5,68687451936.0,0.6418181818181818
5903091,3,0.0,0.0,0.6306784660766962
5903091,4,0.5,0.0,0.47123464770523593
5903091,5,0.4,38370.0,0.30579531442663377
5903091,6,1.0,0.0,0.828395061728395
5903091,7,0.3333333333333333,0.0,0.27138263665594853
5904043,5,0.5,29973.0,0.3185483870967742
5904043,1,0.7777777777777778,31753.0,0.6180904522613065
5904043,2,0.9,161424460.0,0.7845433255269321
5909033,1,0.5,68687451936.0,0.37637362637362637
5909033,5,0.6,33286.0,0.8679245283018868
5909033,2,0.5714285714285714,47012.0,0.8649921507064364
5911390,1,1.0,26677.0,0.3590836441129462
5911390,2,0.5,68687451936.0,0.6418181818181818
5911390,3,1.0,0.0,0.1687315634218289
5911390,4,0.5,0.0,0.42857142857142855
5911390,5,0.4,15373.0,0.30579531442663377
5911390,6,1.0,0.0,0.42663378545006164
5911390,7,0.6666666666666666,0.0,0.27138263665594853
5923866,2,0.5,68687451936.0,0.7836734693877551
5923866,1,0.6,52801.0,0.6279863481228669
5923866,4,0.9230769230769231,0.0,0.8492063492063492
5923866,5,0.48484848484848486,15913.0,0.2857142857142857
5923971,1,0.8333333333333334,45390.0,0.32229580573951433
5923971,6,0.7323943661971831,0.0,0.8047337278106509
5923971,5,0.6421800947867299,88035.0,0.5674157303370787
5923971,3,0.9210526315789473,0.0,0.6923076923076923
5923971,4,0.7692307692307693,0.0,0.6567164179104478
5923971,2,0.6333333333333333,24526.0,0.6330935251798561
5941252,2,0.5,68687451936.0,0.6418181818181818
5941252,3,0.0,0.0,0.6312684365781711
5941252,7,0.3333333333333333,0.0,0.490032154340836
5941252,4,0.6521739130434783,0.0,0.9767441860465116
5941252,1,0.7142857142857143,15734.0,0.9405940594059405
5941252,5,0.7008086253369272,13472.0,0.6957831325301205
5941252,6,0.6749116607773852,0.0,0.7606837606837606
5946615,1,0.5,26459.0,0.3590836441129462
5946615,2,0.5,68687451936.0,0.6418181818181818
5946615,3,1.0,0.0,0.1687315634218289
5946615,4,0.25,0.0,0.5533290239172592
5946615,7,0.6666666666666666,0.0,0.41864951768488745
5946615,5,0.6666666666666666,33471.0,0.6306620209059234
5946615,6,0.6781609195402298,0.0,0.4580246913580247
5947535,5,0.6111111111111112,16273.0,0.4883720930232558
5953103,1,1.0,4132.0,0.3590836441129462
5953103,2,0.5,68687451936.0,0.6418181818181818
5953103,3,0.5,0.0,0.6306784660766962
5953103,4,0.0,0.0,0.47123464770523593
5953103,5,0.2,3523.0,0.30579531442663377
5953103,6,0.3333333333333333,0.0,0.47619047619047616
5953103,7,0.0,0.0,0.490032154340836
5954309,1,0.5,68687451936.0,0.8131868131868132
5954309,5,0.6923076923076923,72097.0,0.9148936170212766
5954309,2,0.6666666666666666,24198.0,0.8389261744966443
5972782,1,0.0,24985.0,0.3590836441129462
5972782,3,0.0,0.0,0.1687315634218289
5972782,4,0.25,0.0,0.42857142857142855
5972782,6,0.0,0.0,0.828395061728395
5972782,7,0.6666666666666666,0.0,0.27138263665594853
5972782,5,0.5333333333333333,27314.0,0.7297297297297297
5972782,2,0.2,63830.0,0.7
5975334,6,0.9259259259259259,0.0,0.6705202312138728
5975334,5,0.7586206896551724,68419.0,0.5875576036866359
5975334,3,0.8369565217391305,0.0,0.7755102040816326
5975334,4,0.8125,0.0,0.603448275862069
5975334,1,0.8947368421052632,112769.0,0.5949367088607594
5975334,7,0.8018018018018018,0.0,0.8913043478260869
5975334,2,0.8225806451612904,43139.0,0.7857142857142857
5984062,2,1.0,19345.0,0.8151260504201681
5984062,5,0.5454545454545454,35390.0,0.65625
5984145,5,0.5714285714285714,38287.0,0.5969773299748111
5984145,2,0.6956521739130435,32344.0,0.7962264150943397
5985473,5,0.5,11897.0,0.5967741935483871
5985473,1,0.17391304347826086,6573.0,0.9148936170212766
5985473,2,0.32727272727272727,11003.0,0.8207547169811321
5986081,1,0.8620689655172413,25805.0,0.3608490566037736
5986081,7,0.7435897435897436,0.0,0.6944444444444444
5986081,3,0.7105263157894737,0.0,0.7301587301587301
5986081,4,0.6129032258064516,0.0,0.2194668319900806
5986081,2,0.6892857142857143,34357.0,0.7605633802816901
5986081,6,0.5828571428571429,0.0,0.6764705882352942
5986081,5,0.582916855974557,33107.0,0.6904761904761905
5987022,1,1.0,27945.0,0.3590836441129462
5987022,2,0.5,68687451936.0,0.6418181818181818
5987022,3,1.0,0.0,0.6312684365781711
5987022,4,0.125,0.0,0.47123464770523593
5987022,5,0.4,56204.0,0.30579531442663377
5987022,6,0.3333333333333333,0.0,0.828395061728395
5987022,7,0.3333333333333333,0.0,0.6019292604501608
5987155,1,0.5,26362.0,0.3590836441129462
5987155,3,0.5,0.0,0.6306784660766962
5987155,4,0.375,0.0,0.47123464770523593
5987155,6,1.0,0.0,0.6185185185185185
5987155,7,0.3333333333333333,0.0,0.490032154340836
5987155,5,0.7333333333333333,40365.0,0.6442953020134228
5987155,2,0.5,28243.0,0.7534246575342466
5987358,2,0.782608695652174,26924.0,0.5607814761215629
5987358,1,0.85,31833.0,0.8076923076923077
5987358,3,0.5,0.0,0.6617647058823529
5987358,5,0.5761316872427984,65160361.0,0.5495978552278821
5989507,1,0.5,19447.0,0.3590836441129462
5989507,2,0.5,68687451936.0,0.6418181818181818
5989507,3,1.0,0.0,0.1687315634218289
5989507,4,0.25,0.0,0.5533290239172592
5989507,5,0.4,20873.0,0.30579531442663377
5989507,6,0.3333333333333333,0.0,0.828395061728395
5989507,7,0.3333333333333333,0.0,0.41864951768488745
5989871,7,0.6666666666666666,0.0,0.41864951768488745
5989871,6,0.6504854368932039,0.0,0.78
5989871,4,0.7039106145251397,0.0,0.9230769230769231
5989871,2,0.7777777777777778,23221.0,0.5604395604395604
5989871,1,0.76,18512216052.0,0.4174336762317271
5989871,3,0.7949790794979079,0.0,0.3333333333333333
5989871,5,0.6408209806157354,65972.0,0.5106382978723404
5996381,2,0.6153846153846154,39622.0,0.4358974358974359
5996381,5,0.4,39795.0,0.7058823529411765
6002516,1,1.0,24707.0,0.3590836441129462
6002516,3,1.0,0.0,0.1687315634218289
6002516,4,0.875,0.0,0.5533290239172592
6002516,6,1.0,0.0,0.6185185185185185
6002516,7,0.3333333333333333,0.0,0.27138263665594853
6002516,5,0.6,28164.0,0.6089108910891089
6002516,2,0.9036144578313253,22378.0,0.6587677725118484
6004395,5,0.29069767441860467,91220.0,0.625
6004395,4,0.5862068965517241,0.0,0.7611940298507462
6004395,2,0.6964285714285714,45972.0,0.7607361963190185
6004395,1,0.6833333333333333,219012.0,0.9241071428571429
6004395,3,0.5159235668789809,0.0,0.6108374384236454
6004395,6,0.4330708661417323,0.0,0.7714285714285715
6008840,2,1.0,12666.0,0.8905109489051095
6008840,5,0.5555555555555556,30874.0,0.45982142857142855
6028332,1,1.0,67086.0,0.7896440129449838
6028332,2,0.9090909090909091,35554.0,0.44370860927152317
6028332,5,0.6666666666666666,20277.0,0.612
6035664,5,0.0,20433.0,0.5595238095238095
6035664,2,0.36363636363636365,37346.0,0.6587301587301587
6039294,1,0.0,29364.0,0.3590836441129462
6039294,2,0.5,68687451936.0,0.6418181818181818
6039294,3,0.0,0.0,0.6306784660766962
6039294,4,0.25,0.0,0.5533290239172592
6039294,5,0.2,33517.0,0.30579531442663377
6039294,6,1.0,0.0,0.4580246913580247
6039294,7,0.3333333333333333,0.0,0.27138263665594853
6041189,5,0.5,28355.0,0.3103448275862069
6041189,2,0.23076923076923078,100835.0,0.7107750472589792
6047100,1,1.0,252561.0,0.6385542168674698
6047100,5,0.6220472440944882,27840.0,0.8571428571428571
6047100,2,0.5851063829787234,25800.0,0.6627450980392157
6052466,3,0.20689655172413793,0.0,0.6312684365781711
6052466,6,0.22580645161290322,0.0,0.6243093922651933
6052466,2,0.35135135135135137,4859.0,0.8608695652173913
6052466,4,0.3125,0.0,0.6
6052466,7,0.17142857142857143,0.0,0.6730769230769231
6052466,5,0.30357142857142855,7134.0,0.45588235294117646
6052466,1,0.3564356435643564,9755.0,0.6927083333333334
6059050,1,1.0,278019.0,0.6385542168674698
6059050,5,0.375,66793.0,0.6981132075471698
6059050,2,0.6363636363636364,21499.0,0.5851063829787234
6059050,6,0.6428571428571429,0.0,0.5928571428571429
6070571,2,0.8888888888888888,41364.0,0.6638655462184874
6070571,5,0.4666666666666667,32427.0,0.6649746192893401
6070571,1,0.8,39504.0,0.7878787878787878
6070571,3,0.45454545454545453,0.0,0.9685534591194969
6070571,6,0.3333333333333333,0.0,0.7073170731707317
6078930,5,0.5072463768115942,32801.0,0.4946236559139785
6078930,2,0.6818181818181818,45733.0,0.6403785488958991
6079360,5,0.4444444444444444,37096.0,0.33532934131736525
6079360,2,1.0,24261.0,0.8394160583941606
6087021,1,0.5,23386.0,0.3590836441129462
6087021,2,0.5,68687451936.0,0.6418181818181818
6087021,3,0.5,0.0,0.6306784660766962
6087021,4,0.125,0.0,0.5533290239172592
6087021,6,0.3333333333333333,0.0,0.47619047619047616
6087021,7,0.3333333333333333,0.0,0.6019292604501608
6087021,5,0.5,18551.0,0.888
6092321,5,0.2,20599.0,0.5434782608695652
6092321,2,0.6,32204.0,0.6635071090047393
6093633,2,0.47058823529411764,23046.0,0.8602150537634409
6093633,5,0.3333333333333333,16822.0,0.8035714285714286
6100175,2,0.4444444444444444,31511.0,0.631578947368421
6100175,5,0.5769230769230769,47803.0,0.36042402826855124
6101121,1,0.5,9464.0,0.3590836441129462
6101121,2,0.5,68687451936.0,0.6418181818181818
6101121,3,0.5,0.0,0.6306784660766962
6101121,4,0.25,0.0,0.42857142857142855
6101121,5,0.0,4460.0,0.30579531442663377
6101121,6,0.3333333333333333,0.0,0.2726423902894491
6101121,7,0.0,0.0,0.6019292604501608
6102209,1,0.723404255319149,28783.0,0.8109452736318408
6102209,2,0.671875,25631.0,0.6708860759493671
6102209,4,0.42857142857142855,0.0,0.7444444444444445
6102209,3,0.8,0.0,0.7857142857142857
6102209,7,0.7142857142857143,0.0,0.9518072289156626
6102209,5,0.4304635761589404,58242.0,0.6486988847583643
6102209,6,0.2857142857142857,0.0,0.5542168674698795
6104827,1,0.5,23850.0,0.3590836441129462
6104827,2,0.5,68687451936.0,0.6418181818181818
6104827,3,0.5,0.0,0.6312684365781711
6104827,4,0.375,0.0,0.42857142857142855
6104827,5,0.0,79200.0,0.30579531442663377
6104827,6,0.0,0.0,0.6451914098972923
6104827,7,0.0,0.0,0.490032154340836
6105237,2,0.38461538461538464,294369.0,0.8728813559322034
6105237,5,0.2222222222222222,87526.0,0.7669172932330827
6105755,5,0.8,20956.0,0.5977011494252874
6105755,2,0.6666666666666666,25932.0,0.6524590163934426
6109093,1,1.0,32074.0,0.3590836441129462
6109093,3,0.5,0.0,0.6312684365781711
6109093,4,0.75,0.0,0.5533290239172592
6109093,5,0.2,131100.0,0.30579531442663377
6109093,6,0.6666666666666666,0.0,0.47619047619047616
6109093,7,0.0,0.0,0.41864951768488745
6109093,2,0.0,1638269.0,0.7094017094017094
6139623,2,1.0,111591.0,0.5777777777777777
6139623,5,0.75,47635.0,0.391304347826087
6139623,6,0.9032258064516129,0.0,0.1896551724137931
6139623,1,0.7894736842105263,27608.0,0.8775510204081632
6139623,7,0.9411764705882353,0.0,0.627906976744186
6141989,5,0.3333333333333333,46178.0,0.6845637583892618
6141989,2,0.3,50696.0,0.8352272727272727
6144210,5,0.4,14084.0,0.6129032258064516
6146089,2,0.5,429330429.0,0.7866666666666666
6146089,1,0.44021739130434784,31668.0,0.4935064935064935
6146089,5,0.5098039215686274,328053.0,0.6234309623430963
6146089,6,0.36622390891840606,0.0,0.8333333333333334
6146089,7,0.2090032154340836,0.0,0.8333333333333334
6146089,4,0.3275862068965517,0.0,0.8
6146089,3,0.24719101123595505,0.0,0.8787878787878788
6151236,1,0.5,151758741.0,0.3590836441129462
6151236,3,0.5,0.0,0.6306784660766962
6151236,4,0.375,0.0,0.47123464770523593
6151236,6,0.3333333333333333,0.0,0.6185185185185185
6151236,7,0.3333333333333333,0.0,0.27138263665594853
6151236,5,0.5434782608695652,47704.0,0.6610169491525424
6151236,2,0.8,20184.0,0.855072463768116
6159512,2,0.6756756756756757,37911.0,0.6318181818181818
6159512,5,0.672566371681416,33071.0,0.9148936170212766
6163436,1,0.8461538461538461,56426.0,0.5504587155963303
6163436,2,0.6517241379310345,46582.0,0.297153024911032
6163436,5,0.4956140350877193,39029.0,0.8441558441558441
6164893,5,0.6818181818181818,147849.0,0.11392405063291139
6164893,2,0.7281553398058253,121193.0,0.9122807017543859
6177254,5,0.5858369098712446,25126.0,0.88
6177254,2,0.7321428571428571,24844.0,0.676056338028169
6184167,2,0.5,68687451936.0,0.7054263565891473
6184167,5,0.5,196619.0,0.717852684144819
6187160,4,1.0,0.0,0.8354430379746836
6187160,2,0.5,27380.0,0.8082089552238806
6187160,1,0.7207792207792207,27428.0,0.9791666666666666
6187160,5,0.3125,117462010.0,0.6208955223880597
6187160,6,0.3333333333333333,0.0,0.7073170731707317
6201249,7,0.625,0.0,0.6702127659574468
6201249,1,0.8947368421052632,3265772.0,0.8032786885245902
6201249,2,1.0,73446.0,0.7962264150943397
6201249,3,0.85,0.0,0.6842105263157895
6201249,6,0.6372549019607843,0.0,0.6018099547511312
6201249,5,0.6201298701298701,87309.0,0.8985507246376812
6204411,1,1.0,24851.0,0.3590836441129462
6204411,2,0.5,68687451936.0,0.6418181818181818
6204411,3,1.0,0.0,0.1687315634218289
6204411,4,0.375,0.0,0.42857142857142855
6204411,6,1.0,0.0,0.2726423902894491
6204411,7,1.0,0.0,0.27138263665594853
6204411,5,0.6,23762.0,0.9310344827586207
6205167,1,1.0,24177.0,0.3590836441129462
6205167,3,1.0,0.0,0.1687315634218289
6205167,4,0.875,0.0,0.42857142857142855
6205167,6,0.6666666666666666,0.0,0.43137254901960786
6205167,7,1.0,0.0,0.27138263665594853
6205167,2,0.7,26070.0,0.6457627118644068
6205167,5,0.5333333333333333,33310.0,0.6736641221374046
6208940,1,0.5,68687451936.0,0.9423076923076923
6208940,2,0.6666666666666666,31020.0,0.559228650137741
6208940,5,0.7647058823529411,41882.0,0.5905292479108635
6211562,1,0.8,33975.0,0.7319587628865979
6211562,5,0.3333333333333333,57184.0,0.46835443037974683
6211562,2,0.43478260869565216,44097.0,0.9238095238095239
6215754,2,0.7272727272727273,23096.0,0.8043478260869565
6215754,5,0.27586206896551724,13425.0,0.9454545454545454
6254437,6,0.8571428571428571,0.0,0.8484848484848485
6254437,7,0.6111111111111112,0.0,0.8275862068965517
6254437,2,0.8461538461538461,37950.0,0.631578947368421
6254437,1,0.8064516129032258,22327.0,0.5954415954415955
6254437,3,1.0,0.0,0.6108374384236454
6254437,5,0.5967741935483871,6904839898.0,0.7083333333333334
6266505,5,0.8,35039.0,0.16161616161616163
6266926,1,0.5,68687451936.0,0.797979797979798
6266926,5,0.6428571428571429,161375.0,0.2
6266926,2,0.5454545454545454,50795.0,0.36306729264475746
6269940,5,0.2,8718.0,0.8058252427184466
6269940,2,0.6666666666666666,37904.0,0.8207547169811321
6270786,1,1.0,267597432.0,0.37637362637362637
6270786,5,0.7379310344827587,31575.0,0.46153846153846156
6270786,2,0.796875,50266.0,0.5981308411214953
6279660,1,0.5,24503.0,0.3590836441129462
6279660,2,0.5,68687451936.0,0.6418181818181818
6279660,3,0.5,0.0,0.6306784660766962
6279660,4,0.25,0.0,0.5533290239172592
6279660,6,0.6666666666666666,0.0,0.6185185185185185
6279660,7,0.3333333333333333,0.0,0.41864951768488745
6279660,5,0.0,35641.0,0.7042801556420234
6288794,3,1.0,0.0,0.1687315634218289
6288794,6,0.3333333333333333,0.0,0.828395061728395
6288794,7,0.3333333333333333,0.0,0.490032154340836
6288794,5,0.5333333333333333,45269.0,0.6946902654867256
6288794,1,0.75,71920.0,0.8779661016949153
6288794,2,0.25,53144.0,0.7333333333333333
6288794,4,0.43478260869565216,0.0,0.9388888888888889
6290796,1,0.5,27858.0,0.3590836441129462
6290796,2,0.5,68687451936.0,0.6418181818181818
6290796,3,0.0,0.0,0.6312684365781711
6290796,4,0.25,0.0,0.5533290239172592
6290796,5,0.0,34656.0,0.30579531442663377
6290796,6,0.0,0.0,0.2726423902894491
6290796,7,0.0,0.0,0.27138263665594853
6294495,2,0.9142857142857143,37147.0,0.7534246575342466
6294495,7,0.6666666666666666,0.0,0.6666666666666666
6294495,3,0.6875,0.0,0.6483516483516484
6294495,6,0.7333333333333333,0.0,0.7383512544802867
6294495,1,0.8235294117647058,42456.0,0.5954415954415955
6294495,5,0.65,138554.0,0.5632911392405063
6294495,4,0.6935483870967742,0.0,0.9074074074074074
6299064,2,0.5,68687451936.0,0.6101694915254238
6299064,1,0.6666666666666666,25031.0,0.32229580573951433
6299064,5,0.3333333333333333,38476.0,0.3855421686746988
6304093,2,1.0,40687.0,0.6635071090047393
6304093,5,0.3333333333333333,25090.0,0.5
6306969,1,0.6,54102.0,0.3590836441129462
6306969,3,0.8,0.0,0.6312684365781711
6306969,4,0.23529411764705882,0.0,0.42857142857142855
6306969,6,0.7142857142857143,0.0,0.43137254901960786
6306969,7,0.2857142857142857,0.0,0.490032154340836
6306969,2,0.7272727272727273,55035.0,0.8728813559322034
6306969,5,0.6521739130434783,53916.0,0.6486486486486487
6307977,2,0.6829268292682927,22789.0,0.5925925925925926
6307977,5,0.5373134328358209,9207.0,0.5979381443298969
6316868,5,0.0,26607.0,0.640625
6316868,2,0.5,33013.0,0.5523809523809524
6319973,1,0.0,24637.0,0.9423076923076923
6319973,2,0.5238095238095238,32117.0,0.42997198879551823
6319973,5,0.5675675675675675,44522.0,0.44656488549618323
6323515,1,1.0,27533.0,0.3590836441129462
6323515,2,0.5,68687451936.0,0.6418181818181818
6323515,3,1.0,0.0,0.6306784660766962
6323515,4,0.75,0.0,0.42857142857142855
6323515,6,0.6666666666666666,0.0,0.6185185185185185
6323515,7,0.3333333333333333,0.0,0.6019292604501608
6323515,5,0.2857142857142857,41467.0,0.6625
6323940,5,0.3333333333333333,18383.0,0.7272727272727273
6323940,2,0.8888888888888888,28223.0,0.8837209302325582
6324620,1,0.5,25091.0,0.3590836441129462
6324620,2,0.5,68687451936.0,0.6418181818181818
6324620,3,0.0,0.0,0.1687315634218289
6324620,4,0.25,0.0,0.42857142857142855
6324620,5,0.2,8481.0,0.30579531442663377
6324620,6,0.3333333333333333,0.0,0.4580246913580247
6324620,7,0.0,0.0,0.490032154340836
6333188,1,1.0,27853.0,0.3590836441129462
6333188,2,0.5,68687451936.0,0.6418181818181818
6333188,3,1.0,0.0,0.6306784660766962
6333188,4,0.625,0.0,0.42857142857142855
6333188,5,0.4,43364.0,0.30579531442663377
6333188,6,0.3333333333333333,0.0,0.6451914098972923
6333188,7,0.6666666666666666,0.0,0.490032154340836
6333347,2,0.5,36150.0,0.44370860927152317
6333347,5,0.5,4837081.0,0.6428571428571429
6339750,1,0.5,31394.0,0.3590836441129462
6339750,3,0.5,0.0,0.1687315634218289
6339750,4,0.125,0.0,0.42857142857142855
6339750,6,0.6666666666666666,0.0,0.47619047619047616
6339750,7,0.3333333333333333,0.0,0.41864951768488745
6339750,2,0.875,28479.0,0.4585152838427948
6339750,5,0.7288135593220338,26484.0,0.7090163934426229
6340470,1,0.5,28123.0,0.3590836441129462
6340470,2,0.5,68687451936.0,0.6418181818181818
6340470,3,0.5,0.0,0.6306784660766962
6340470,4,0.25,0.0,0.42857142857142855
6340470,5,0.2,31880.0,0.30579531442663377
6340470,6,0.3333333333333333,0.0,0.43137254901960786
6340470,7,0.0,0.0,0.41864951768488745
6344179,2,0.6,26922.0,0.9
6344179,5,0.5263157894736842,24541.0,0.6871165644171779
6347696,4,0.75,0.0,0.8372093023255814
6347696,6,1.0,0.0,0.7606837606837606
6347696,3,0.43478260869565216,0.0,0.7621951219512195
6347696,5,0.5609756097560976,26777.0,0.7258064516129032
6347696,2,0.7733333333333333,30555.0,0.753315649867374
6347696,1,0.92,36259.0,0.896551724137931
6356553,2,0.0,16919.0,0.5939086294416244
6356553,5,0.5,318566.0,0.7438271604938271
6382927,2,0.0,45137.0,0.5604395604395604
6382927,5,0.3333333333333333,26315.0,1.0
6398304,1,1.0,32320.0,0.3590836441129462
6398304,2,0.5,68687451936.0,0.6418181818181818
6398304,3,1.0,0.0,0.1687315634218289
6398304,4,0.375,0.0,0.47123464770523593
6398304,7,1.0,0.0,0.490032154340836
6398304,6,0.5714285714285714,0.0,0.828395061728395
6398304,5,0.38095238095238093,22087.0,0.7733333333333333
6398411,2,0.8372093023255814,47818.0,0.4958217270194986
6398411,5,0.6363636363636364,43709.0,0.875
6399693,5,0.5652173913043478,15217.0,0.5454545454545454
6399693,2,1.0,347110698.0,0.9672131147540983
6402376,2,0.5,137019.0,0.6777493606138107
6402376,5,0.46153846153846156,53920.0,0.6716417910447762
6413607,6,0.7714285714285715,0.0,0.5690376569037657
6413607,1,0.7857142857142857,60185.0,0.768
6413607,2,0.8159509202453987,31285.0,0.8058252427184466
6413607,3,0.6761133603238867,0.0,0.86
6413607,4,0.6321525885558583,0.0,0.6974789915966386
6413607,7,0.7065217391304348,0.0,0.8275862068965517
6413607,5,0.6035502958579881,87847.0,0.48936170212765956
6422505,2,0.5,26924.0,0.7962264150943397
6422505,5,0.3611111111111111,52402.0,0.7064220183486238
6426333,1,0.5,50066.0,0.3590836441129462
6426333,2,0.5,68687451936.0,0.6418181818181818
6426333,3,1.0,0.0,0.1687315634218289
6426333,4,0.375,0.0,0.42857142857142855
6426333,6,0.3333333333333333,0.0,0.828395061728395
6426333,7,0.3333333333333333,0.0,0.6019292604501608
6426333,5,0.3,66067.0,0.5994318181818182
6426638,5,0.625,52899.0,0.20253164556962025
6430826,1,0.0,1821942.0,0.6385542168674698
6430826,5,0.6052631578947368,59291.0,0.45634266886326197
6430826,2,0.9285714285714286,18808.0,0.780952380952381
6431206,7,1.0,0.0,0.5142857142857142
6431206,3,0.782608695652174,0.0,0.2463768115942029
6431206,1,0.78125,181805.0,0.38095238095238093
6431206,6,0.5423728813559322,0.0,0.6028985507246377
6431206,2,0.7157894736842105,35154.0,0.625
6431206,5,0.5434782608695652,158953279.0,0.7054263565891473
6439675,2,0.7,33340.0,0.7256637168141593
6439675,6,0.6842105263157895,0.0,0.592436974789916
6439675,5,0.5056179775280899,26604.0,0.7054263565891473
6460668,1,0.5,24744.0,0.3590836441129462
6460668,2,0.5,68687451936.0,0.6418181818181818
6460668,3,0.5,0.0,0.6306784660766962
6460668,4,0.375,0.0,0.47123464770523593
6460668,5,0.4,20586.0,0.30579531442663377
6460668,6,0.6666666666666666,0.0,0.828395061728395
6460668,7,0.3333333333333333,0.0,0.490032154340836
6461994,1,0.5,68687451936.0,0.9423076923076923
6461994,5,0.5,67572.0,0.48717948717948717
6461994,2,0.5,22309.0,0.7151515151515152
6468176,1,0.0,24181.0,0.3590836441129462
6468176,2,0.5,68687451936.0,0.6418181818181818
6468176,3,0.5,0.0,0.6306784660766962
6468176,4,0.25,0.0,0.42857142857142855
6468176,5,0.0,2470.0,0.30579531442663377
6468176,6,0.3333333333333333,0.0,0.43137254901960786
6468176,7,0.0,0.0,0.27138263665594853
6475477,3,0.7734375,0.0,0.9651162790697675
6475477,1,0.847457627118644,181414.0,0.8779661016949153
6475477,2,0.7903225806451613,56224.0,0.7682926829268293
6475477,6,0.7846153846153846,0.0,0.615
6475477,4,0.68,0.0,0.7631578947368421
6475477,5,0.6859903381642513,34019.0,0.4484848484848485
6475477,7,0.7831325301204819,0.0,0.7692307692307693
6491507,3,0.7953488372093023,0.0,0.36419753086419754
6491507,7,0.7764705882352941,0.0,0.40298507462686567
6491507,4,0.7662037037037037,0.0,0.75
6491507,1,0.8071428571428572,33126.0,0.6666666666666666
6491507,5,0.5831533477321814,70281.0,0.4854014598540146
6491507,2,0.8469387755102041,27871.0,0.8636363636363636
6491507,6,0.7602820211515864,0.0,0.7962962962962963
6515663,1,0.7241379310344828,22317.0,0.3608490566037736
6533997,1,0.0,36009.0,0.3590836441129462
6533997,2,0.5,68687451936.0,0.6418181818181818
6533997,3,1.0,0.0,0.6306784660766962
6533997,4,0.25,0.0,0.47123464770523593
6533997,5,0.2,8163.0,0.30579531442663377
6533997,6,0.3333333333333333,0.0,0.42663378545006164
6533997,7,0.0,0.0,0.6019292604501608
6543065,1,1.0,318828.0,0.3590836441129462
6543065,2,0.5,68687451936.0,0.6418181818181818
6543065,3,0.5,0.0,0.6312684365781711
6543065,4,0.125,0.0,0.42857142857142855
6543065,5,0.0,14543.0,0.30579531442663377
6543065,6,0.6666666666666666,0.0,0.6451914098972923
6543065,7,1.0,0.0,0.27138263665594853
6550576,1,0.7631578947368421,69530.0,0.8028169014084507
6550576,2,0.84,121539.0,0.8589743589743589
6550576,5,0.640625,80332.0,0.7316017316017316
6556061,3,0.5,0.0,0.6714285714285714
6556061,1,0.7096774193548387,94415.0,0.9574468085106383
6556061,4,1.0,0.0,0.8875
6556061,5,0.47058823529411764,6058825893.0,0.6956521739130435
6556061,2,0.5806451612903226,38946.0,0.8512396694214877
6561930,1,0.5,68687451936.0,0.7896440129449838
6561930,2,0.7777777777777778,17978.0,0.75
6561930,5,0.4222222222222222,47598.0,0.6439393939393939
6566272,1,0.5,68687451936.0,0.7896440129449838
6566272,5,0.8235294117647058,18908.0,0.9256198347107438
6567267,2,0.5,68687451936.0,0.6926406926406926
6567267,5,0.4,21494.0,0.5194805194805194
6567267,1,1.0,33792.0,0.7281553398058253
6572875,2,0.5,68687451936.0,0.8224852071005917
6572875,5,0.375,20997.0,0.72
6572875,7,0.5,0.0,0.8043478260869565
6574103,2,0.5,19852.0,0.5939086294416244
6574103,5,0.125,15481.0,0.6439393939393939
6581221,2,0.0,205510.0,0.8783783783783784
6581221,5,0.0,115236.0,0.7631578947368421
6585649,1,0.5,28062.0,0.3590836441129462
6585649,2,0.5,68687451936.0,0.6418181818181818
6585649,3,0.5,0.0,0.1687315634218289
6585649,4,0.125,0.0,0.42857142857142855
6585649,5,0.2,12101.0,0.30579531442663377
6585649,6,0.0,0.0,0.2726423902894491
6585649,7,0.6666666666666666,0.0,0.490032154340836
6588478,6,0.6126126126126126,0.0,0.8686131386861314
6588478,7,0.5555555555555556,0.0,0.7419354838709677
6588478,4,0.6753246753246753,0.0,0.9811320754716981
6588478,5,0.6597510373443983,78742.0,0.7857142857142857
6588478,1,0.6515151515151515,62971.0,0.8181818181818182
6588478,3,0.6129032258064516,0.0,0.8385093167701864
6588478,2,0.6137931034482759,35731.0,0.6508620689655172
6602914,1,0.5,26595.0,0.3590836441129462
6602914,2,0.5,68687451936.0,0.6418181818181818
6602914,3,0.0,0.0,0.6312684365781711
6602914,4,0.125,0.0,0.47123464770523593
6602914,5,0.2,60468.0,0.30579531442663377
6602914,6,0.6666666666666666,0.0,0.6185185185185185
6602914,7,0.3333333333333333,0.0,0.27138263665594853
6606022,2,0.6,24334.0,0.7464788732394366
6606022,5,0.5294117647058824,21159.0,0.774869109947644
6606704,1,0.5,28522.0,0.3590836441129462
6606704,3,0.0,0.0,0.6306784660766962
6606704,4,0.5,0.0,0.47123464770523593
6606704,6,0.6666666666666666,0.0,0.6185185185185185
6606704,7,1.0,0.0,0.27138263665594853
6606704,2,0.8,34832.0,0.8157894736842105
6606704,5,0.5614035087719298,31110.0,0.75
6610089,1,0.8202764976958525,74290.0,0.625
6610089,6,0.6873015873015873,0.0,0.5857142857142857
6610089,7,0.7592592592592593,0.0,0.9056603773584906
6610089,3,0.7350597609561753,0.0,0.7928571428571428
6610089,4,0.6601178781925344,0.0,0.9305555555555556
6610089,5,0.6874422899353647,237559.0,0.5952380952380952
6610089,2,0.6921921921921922,68011.0,0.9122137404580153
6612081,1,0.5,68687451936.0,0.37637362637362637
6612081,5,0.45555555555555555,345237.0,0.35877862595419846
6612081,2,0.7355371900826446,97046.0,0.6455223880597015
6613379,1,0.5,29144.0,0.3590836441129462
6613379,2,0.5,68687451936.0,0.6418181818181818
6613379,3,0.5,0.0,0.6306784660766962
6613379,4,0.5,0.0,0.47123464770523593
6613379,5,0.2,50759.0,0.30579531442663377
6613379,6,0.6666666666666666,0.0,0.2726423902894491
6613379,7,1.0,0.0,0.490032154340836
6618842,2,0.7222222222222222,23079.0,0.9110320284697508
6618842,5,0.4642857142857143,112415.0,0.6448598130841121
6619628,1,0.0,59677.0,0.3590836441129462
6619628,3,1.0,0.0,0.1687315634218289
6619628,4,0.125,0.0,0.42857142857142855
6619628,6,0.3333333333333333,0.0,0.43137254901960786
6619628,7,0.0,0.0,0.490032154340836
6619628,2,0.5,33104.0,0.8141025641025641
6619628,5,0.5885714285714285,44818.0,0.7480314960629921
6637249,4,1.0,0.0,0.5443037974683544
6637249,7,0.8461538461538461,0.0,0.8924050632911392
6637249,1,0.75,53759.0,0.8653846153846154
6637249,2,0.6590909090909091,89229.0,0.3339130434782609
6637249,3,0.7735849056603774,0.0,0.7285714285714285
6637249,6,0.7952755905511811,0.0,0.27956989247311825
6637249,5,0.6875,263636.0,0.324
6639020,1,0.5,23369.0,0.3590836441129462
6639020,3,0.5,0.0,0.1687315634218289
6639020,4,0.125,0.0,0.47123464770523593
6639020,6,0.0,0.0,0.2726423902894491
6639020,7,0.3333333333333333,0.0,0.41864951768488745
6639020,5,0.36,42998.0,0.38
6639020,2,0.5821917808219178,31863.0,0.7786259541984732
6639643,1,0.0,24855.0,0.3590836441129462
6639643,2,0.5,68687451936.0,0.6418181818181818
6639643,3,1.0,0.0,0.1687315634218289
6639643,4,0.5,0.0,0.47123464770523593
6639643,5,0.0,22782.0,0.30579531442663377
6639643,6,0.0,0.0,0.42663378545006164
6639643,7,0.3333333333333333,0.0,0.41864951768488745
6653505,5,0.7325581395348837,51398.0,0.6551724137931034
6653505,2,0.6555555555555556,163497772.0,0.8095238095238095
6655619,1,1.0,25710.0,0.3590836441129462
6655619,2,0.5,68687451936.0,0.6418181818181818
6655619,3,0.5,0.0,0.1687315634218289
6655619,4,0.0,0.0,0.42857142857142855
6655619,5,0.4,21453.0,0.30579531442663377
6655619,6,0.3333333333333333,0.0,0.828395061728395
6655619,7,0.0,0.0,0.27138263665594853
6659026,2,1.0,56119.0,0.6333333333333333
6659026,5,0.717391304347826,19577858.0,0.44656488549618323
6665521,2,0.5,68687451936.0,0.9103448275862069
6665521,5,0.6666666666666666,22078.0,0.6521739130434783
6667656,2,0.5798319327731093,34845.0,0.7007299270072993
6667656,5,0.6456310679611651,65095.0,0.6976744186046512
6674708,2,0.6666666666666666,58349.0,0.6196581196581197
6674708,5,0.5,23070.0,0.8636363636363636
6679467,1,0.8823529411764706,32996.0,0.7
6680475,3,0.7899159663865546,0.0,0.8222222222222222
6680475,7,0.375,0.0,0.4887640449438202
6680475,1,0.9014084507042254,57881.0,0.9239766081871345
6680475,2,0.8132183908045977,84618.0,0.5380952380952381
6680475,6,0.5662650602409639,0.0,0.6454545454545455
6680475,4,0.7651006711409396,0.0,0.967391304347826
6680475,5,0.6582278481012658,66864.0,0.47368421052631576
6685611,1,0.5,24713.0,0.3590836441129462
6685611,3,0.5,0.0,0.6306784660766962
6685611,4,0.5,0.0,0.5533290239172592
6685611,6,0.6666666666666666,0.0,0.2726423902894491
6685611,7,1.0,0.0,0.41864951768488745
6685611,2,0.7135135135135136,470175408.0,0.6457627118644068
6685611,5,0.5738758029978587,31345.0,0.7450980392156863
6685983,5,0.3333333333333333,54318.0,0.6881720430107527
6685983,2,0.45454545454545453,69648.0,0.5607814761215629
6685983,6,0.4418604651162791,0.0,0.7959183673469388
6699502,4,0.576271186440678,0.0,0.20300751879699247
6699502,5,0.7647058823529411,132819.0,0.6529209621993127
6699502,7,0.8645833333333334,0.0,0.7538461538461538
6699502,6,0.7435897435897436,0.0,0.6048387096774194
6699502,3,0.6814159292035398,0.0,0.2761904761904762
6699502,1,0.8028169014084507,97630.0,0.638095238095238
6699502,2,0.6440677966101694,1137031975.0,0.3875968992248062
6713711,2,1.0,41256.0,0.6062176165803109
6713711,5,0.5,25911.0,0.7124183006535948
6713711,1,0.5,68687451936.0,0.6385542168674698
6716582,2,0.0,223914.0,0.6777493606138107
6716582,5,0.7692307692307693,8276.0,0.48623853211009177
6723050,1,0.5,68687451936.0,0.9591836734693877
6723050,6,0.5714285714285714,0.0,0.7142857142857143
6723050,5,0.5142857142857142,318133.0,0.6486988847583643
6726434,1,0.5,68687451936.0,0.6688741721854304
6726434,5,0.75,14575.0,0.5115089514066496
6726434,2,0.5,18650.0,0.7712177121771218
6727022,1,1.0,24264.0,0.3590836441129462
6727022,3,0.5,0.0,0.1687315634218289
6727022,4,0.125,0.0,0.42857142857142855
6727022,5,0.2,18135.0,0.30579531442663377
6727022,6,0.6666666666666666,0.0,0.47619047619047616
6727022,7,0.0,0.0,0.490032154340836
6727022,2,0.3333333333333333,29257.0,0.7745454545454545
6727176,5,0.7142857142857143,16385.0,0.5333333333333333
6727176,2,0.7692307692307693,46929.0,0.7040816326530612
6743765,1,0.8,24907.0,0.9408866995073891
6743765,5,0.3333333333333333,78884.0,0.8484848484848485
6747827,5,0.4166666666666667,40509.0,0.6760259179265659
6747827,2,0.6666666666666666,26392.0,0.6410256410256411
6750717,1,1.0,28378.0,0.3590836441129462
6750717,3,1.0,0.0,0.6312684365781711
6750717,4,0.375,0.0,0.5533290239172592
6750717,6,1.0,0.0,0.2726423902894491
6750717,7,0.6666666666666666,0.0,0.27138263665594853
6750717,2,0.7,52642.0,0.4787234042553192
6750717,5,0.6293103448275862,45037.0,0.45982142857142855
6753706,1,0.896551724137931,22231.0,0.3608490566037736
6753706,2,0.8275862068965517,18363.0,0.5457142857142857
6753706,5,0.5483870967741935,19667.0,0.6153846153846154
6775391,5,0.5,65249.0,0.5969773299748111
6775391,2,0.5,41374.0,0.7954545454545454
6775391,1,0.7142857142857143,80852.0,0.5899280575539568
6776431,5,0.14285714285714285,39448.0,0.6538461538461539
6776431,6,0.3333333333333333,0.0,0.2
6776431,1,0.625,270637482.0,0.6538461538461539
6776431,4,0.5441176470588235,0.0,0.6736842105263158
6776431,3,0.660377358490566,0.0,0.2761904761904762
6776431,7,0.4489795918367347,0.0,0.6379310344827587
6776431,2,0.49382716049382713,29293.0,0.36306729264475746
6783624,1,0.5,25401.0,0.3590836441129462
6783624,2,0.5,68687451936.0,0.6418181818181818
6783624,3,0.5,0.0,0.6306784660766962
6783624,4,0.25,0.0,0.47123464770523593
6783624,5,0.0,45545.0,0.30579531442663377
6783624,6,0.3333333333333333,0.0,0.2726423902894491
6783624,7,0.0,0.0,0.6019292604501608
6786424,1,0.5,68687451936.0,0.5899280575539568
6786424,2,0.7272727272727273,25364.0,0.6947040498442367
6786424,5,0.647887323943662,83371.0,0.19166666666666668
6793968,5,0.5862068965517241,130322889.0,0.5748898678414097
6793968,1,0.8888888888888888,31694.0,0.7183098591549296
6798601,1,0.5,24776.0,0.3590836441129462
6798601,2,0.5,68687451936.0,0.6418181818181818
6798601,3,0.5,0.0,0.1687315634218289
6798601,4,0.0,0.0,0.24426534407935524
6799950,1,1.0,22911.0,0.3590836441129462
6799950,2,0.5,68687451936.0,0.6418181818181818
6799950,3,0.0,0.0,0.6306784660766962
6799950,4,0.125,0.0,0.42857142857142855
6799950,5,0.2,63312.0,0.30579531442663377
6799950,6,0.6666666666666666,0.0,0.43137254901960786
6799950,7,0.3333333333333333,0.0,0.27138263665594853
6802969,1,0.5,28775.0,0.3590836441129462
6802969,2,0.5,68687451936.0,0.6418181818181818
6802969,3,0.5,0.0,0.1687315634218289
6802969,4,0.2,0.0,0.23000619962802232
6804274,1,0.7142857142857143,37283.0,0.8148148148148148
6804274,7,0.5714285714285714,0.0,0.6086956521739131
6804274,3,0.8,0.0,0.7553956834532374
6804274,4,0.375,0.0,0.5206896551724138
6804274,6,0.5801526717557252,0.0,0.42857142857142855
6804274,5,0.5785123966942148,48930.0,0.2915800415800416
6804274,2,0.6666666666666666,43387.0,0.7845433255269321
6811009,1,0.5,83339045.0,0.3590836441129462
6811009,3,1.0,0.0,0.1687315634218289
6811009,4,0.625,0.0,0.42857142857142855
6811009,5,0.2,46819.0,0.30579531442663377
6811009,6,0.3333333333333333,0.0,0.2726423902894491
6811009,7,1.0,0.0,0.27138263665594853
6811009,2,0.7,386417956.0,0.6030534351145038
6812883,4,0.4,0.0,0.43333333333333335
6812883,3,0.625,0.0,0.696969696969697
6812883,2,0.5925925925925926,33720.0,0.4429657794676806
6812883,6,0.5645161290322581,0.0,0.35
6812883,7,0.42857142857142855,0.0,0.6129032258064516
6812883,5,0.4869831546707504,32916.0,0.4418604651162791
6836396,1,1.0,21157.0,0.3590836441129462
6836396,3,1.0,0.0,0.1687315634218289
6836396,4,0.5,0.0,0.47123464770523593
6836396,6,0.6666666666666666,0.0,0.47619047619047616
6836396,7,1.0,0.0,0.27138263665594853
6836396,5,0.6296296296296297,39496.0,0.8596491228070176
6836396,2,0.75,27700.0,0.8774617067833698
6840489,1,0.5,29041.0,0.3590836441129462
6840489,3,1.0,0.0,0.1687315634218289
6840489,4,0.75,0.0,0.42857142857142855
6840489,6,0.3333333333333333,0.0,0.6451914098972923
6840489,7,0.3333333333333333,0.0,0.41864951768488745
6840489,2,0.8181818181818182,90766.0,0.8469387755102041
6840489,5,0.6623376623376623,66753.0,0.49379310344827587
6846059,1,0.5,21134.0,0.3590836441129462
6846059,2,0.5,68687451936.0,0.6418181818181818
6846059,3,0.0,0.0,0.1687315634218289
6846059,4,0.125,0.0,0.42857142857142855
6846059,5,0.2,44144.0,0.30579531442663377
6846059,6,0.6666666666666666,0.0,0.6451914098972923
6846059,7,0.3333333333333333,0.0,0.27138263665594853
6846873,1,0.5,68687451936.0,0.9863013698630136
6846873,2,0.8947368421052632,160568.0,0.8082089552238806
6846873,5,0.7,57057.0,0.6590909090909091
6857368,2,0.7222222222222222,593107822.0,0.7611940298507462
6857368,3,0.7899159663865546,0.0,0.9397590361445783
6857368,4,0.7114093959731543,0.0,0.5714285714285714
6857368,7,0.28,0.0,0.6363636363636364
6857368,5,0.5523012552301255,53870.0,0.5833333333333334
6857368,1,0.7846153846153846,31063.0,0.7896440129449838
6857368,6,0.5297482837528604,0.0,0.7740585774058577
6859314,1,0.0,24828.0,0.3590836441129462
6859314,2,0.5,68687451936.0,0.6418181818181818
6859314,3,0.0,0.0,0.6306784660766962
6859314,4,0.125,0.0,0.5533290239172592
6859314,5,0.4,9840.0,0.30579531442663377
6859314,6,0.3333333333333333,0.0,0.42663378545006164
6859314,7,0.3333333333333333,0.0,0.6019292604501608
6865745,1,0.0,25310.0,0.3590836441129462
6865745,2,0.5,68687451936.0,0.6418181818181818
6865745,3,0.5,0.0,0.1687315634218289
6865745,4,0.5,0.0,0.47123464770523593
6865745,6,0.6666666666666666,0.0,0.2726423902894491
6865745,7,0.3333333333333333,0.0,0.6019292604501608
6865745,5,0.6,27818.0,0.8113207547169812
6868965,2,0.6666666666666666,42255.0,0.3875968992248062
6868965,5,0.6666666666666666,41920.0,0.4484304932735426
6868965,1,1.0,76332876.0,0.7896440129449838
6888643,1,1.0,31721.0,0.3590836441129462
6888643,3,0.5,0.0,0.1687315634218289
6888643,4,0.25,0.0,0.47123464770523593
6888643,6,0.6666666666666666,0.0,0.828395061728395
6888643,7,0.6666666666666666,0.0,0.27138263665594853
6888643,2,0.7,103336.0,0.7962962962962963
6888643,5,0.3333333333333333,178057.0,0.6760259179265659
6890426,1,0.5,68687451936.0,0.8513513513513513
6890426,5,0.5,55375.0,0.6491803278688525
6890426,2,0.5909090909090909,26119.0,0.8774617067833698
6900052,1,0.5,68687451936.0,0.9195402298850575
6900052,5,0.4444444444444444,146666.0,0.6439393939393939
6900052,2,0.0,74614.0,0.8602150537634409
6911824,1,0.5,26619.0,0.3590836441129462
6911824,3,1.0,0.0,0.1687315634218289
6911824,4,0.375,0.0,0.47123464770523593
6911824,6,0.6666666666666666,0.0,0.4580246913580247
6911824,7,0.6666666666666666,0.0,0.27138263665594853
6911824,2,0.7073170731707317,21884.0,0.7887323943661971
6911824,5,0.47540983606557374,18749.0,0.5306122448979592
6925484,5,0.42105263157894735,23293.0,0.7747747747747747
6927235,1,0.0,23640.0,0.3590836441129462
6927235,3,0.5,0.0,0.1687315634218289
6927235,4,0.375,0.0,0.5533290239172592
6927235,6,0.3333333333333333,0.0,0.43137254901960786
6927235,7,0.3333333333333333,0.0,0.27138263665594853
6927235,2,0.5625,42959.0,0.6423841059602649
6927235,5,0.5,25953.0,0.7070707070707071
6932476,2,0.5,68687451936.0,0.7955390334572491
6932476,5,0.7333333333333333,26180.0,0.74375
6935015,5,0.5,68687451936.0,0.8607594936708861
6935015,1,0.7272727272727273,98224.0,0.8109452736318408
6935697,6,0.5873015873015873,0.0,0.6528497409326425
6935697,4,0.49230769230769234,0.0,0.7959183673469388
6935697,3,0.8,0.0,0.4166666666666667
6935697,1,0.6379310344827587,148564.0,0.9302325581395349
6935697,5,0.5309033280507132,46468.0,0.6206896551724138
6935697,2,0.6072727272727273,41087.0,0.8095238095238095
6936541,1,0.5,68687451936.0,0.3590836441129462
6936541,2,0.8888888888888888,39729.0,0.4612546125461255
6936541,5,0.8125,33067.0,0.5230769230769231
6947522,2,0.7777777777777778,29210.0,0.7757009345794392
6947522,5,0.7692307692307693,42231.0,0.546875
6947522,1,0.8235294117647058,31324.0,0.9423076923076923
6971009,2,0.5,68687451936.0,0.4772727272727273
6971009,1,0.5,68687451936.0,0.6385542168674698
6971009,5,0.35,8225.0,0.49379310344827587
6972036,1,0.5,80751.0,0.3590836441129462
6972036,2,0.5,68687451936.0,0.6418181818181818
6972036,3,0.5,0.0,0.1687315634218289
6972036,4,0.375,0.0,0.5533290239172592
6972036,6,0.0,0.0,0.43137254901960786
6972036,7,0.3333333333333333,0.0,0.27138263665594853
6972036,5,0.7333333333333333,55498.0,0.7272727272727273
6979538,3,0.5,0.0,0.1687315634218289
6979538,6,0.8181818181818182,0.0,0.7233201581027668
6979538,1,0.9302325581395349,33730.0,0.7368421052631579
6979538,4,0.8,0.0,0.5094339622641509
6979538,5,0.7942857142857143,18191.0,0.47368421052631576
6979538,2,1.0,29316.0,0.8681318681318682
6979538,7,0.7,0.0,0.7552447552447552
6980828,2,0.5238095238095238,45638.0,0.6064516129032258
6980828,1,0.7592592592592593,32214.0,0.7641509433962265
6980828,5,0.30985915492957744,24495.0,0.48148148148148145
6980828,3,0.5,0.0,0.8656716417910447
6996029,2,0.5,68687451936.0,0.821917808219178
6996029,1,0.5,68687451936.0,0.8131868131868132
6996029,5,0.5,43270.0,0.9090909090909091
7003178,2,1.0,28849.0,0.6349206349206349
7003178,5,0.5517241379310345,16785.0,0.6666666666666666
7007962,2,0.6842105263157895,7413398627.0,0.7645985401459854
7007962,5,0.5196078431372549,6747858512.0,0.6760259179265659
7012337,1,1.0,22541.0,0.3590836441129462
7012337,3,0.5,0.0,0.6312684365781711
7012337,4,0.375,0.0,0.5533290239172592
7012337,6,0.0,0.0,0.6451914098972923
7012337,7,0.6666666666666666,0.0,0.6019292604501608
7012337,2,0.4,32394.0,0.5
7012337,5,0.41025641025641024,62325.0,0.196763202725724
7017283,2,0.6822916666666666,22166.0,0.36306729264475746
7017283,5,0.5615384615384615,27015.0,0.8095238095238095
7018336,5,0.3333333333333333,20433.0,0.7669172932330827
7018336,2,0.2857142857142857,26386.0,0.9103448275862069
7018336,1,0.4,29830.0,0.634703196347032
7018336,3,0.1875,0.0,0.7380952380952381
7018336,4,0.0,0.0,0.9035087719298246
7018336,6,0.0,0.0,0.47368421052631576
7022747,1,0.8387096774193549,35255.0,0.8809523809523809
7022747,2,0.6129032258064516,26372.0,0.36306729264475746
7022747,5,0.5833333333333334,15258.0,0.5355871886120996
7023662,5,0.6197183098591549,9645827287.0,0.5895522388059702
7025965,1,1.0,25873.0,0.3590836441129462
7025965,3,0.0,0.0,0.1687315634218289
7025965,4,0.375,0.0,0.47123464770523593
7025965,6,0.0,0.0,0.4580246913580247
7025965,7,0.0,0.0,0.490032154340836
7025965,2,0.7,28993.0,0.7556818181818182
7025965,5,0.4666666666666667,29002.0,0.6470588235294118
7029547,5,0.5384615384615384,35610.0,0.47580645161290325
7029547,1,0.625,144688.0,0.5923566878980892
7029547,3,0.660377358490566,0.0,0.4965034965034965
7029547,4,0.5517241379310345,0.0,0.3008849557522124
7029547,2,0.5274725274725275,57593.0,0.6434108527131783
7039142,1,0.7857142857142857,28347.0,0.8440366972477065
7039142,5,0.3,74034.0,0.65
7042700,1,0.5,26362.0,0.3590836441129462
7042700,3,1.0,0.0,0.6312684365781711
7042700,4,0.25,0.0,0.5533290239172592
7042700,6,0.6666666666666666,0.0,0.42663378545006164
7042700,7,0.6666666666666666,0.0,0.41864951768488745
7042700,2,0.9,135324.0,0.8939393939393939
7042700,5,0.6571428571428571,73463.0,0.7419354838709677
7051394,7,0.8745644599303136,0.0,0.85
7051394,1,0.8220338983050848,51328.0,0.5752212389380531
7051394,6,0.8659626320064988,0.0,0.5813953488372093
7051394,5,0.7922196796338673,16349.0,0.6666666666666666
7051394,2,0.8961474036850922,29761.0,0.8666666666666667
7051394,3,0.9,0.0,0.5137614678899083
7051394,4,0.8609756097560975,0.0,0.5625
7063331,4,0.6379310344827587,0.0,0.9333333333333333
7063331,6,0.5782312925170068,0.0,0.3181818181818182
7063331,7,0.6162790697674418,0.0,0.8913043478260869
7063331,2,0.8018018018018018,25216.0,0.48868175765645805
7063331,3,0.6739130434782609,0.0,0.9433962264150944
7063331,1,0.7578125,262405.0,0.638095238095238
7063331,5,0.5883306320907618,37488.0,0.5905292479108635
7069735,1,0.5,25281.0,0.3590836441129462
7069735,2,0.5,68687451936.0,0.6418181818181818
7069735,3,0.5,0.0,0.1687315634218289
7069735,4,0.2,0.0,0.2194668319900806
7070395,2,0.5,68687451936.0,0.6418181818181818
7070395,3,0.0,0.0,0.1687315634218289
7070395,4,0.125,0.0,0.47123464770523593
7070395,6,0.6666666666666666,0.0,0.6451914098972923
7070395,1,1.0,950095.0,0.3590836441129462
7070395,5,0.6,602459.0,0.2915800415800416
7070395,7,0.0,0.0,0.27138263665594853
7074305,2,0.782608695652174,27328.0,0.5607814761215629
7074305,5,0.6299559471365639,14665.0,0.5223880597014925
7080219,1,0.47058823529411764,135286.0,0.7282608695652174
7080219,2,0.75,43153.0,0.8649921507064364
7080219,5,0.2391304347826087,41577.0,0.5
7081927,1,1.0,27539.0,0.3590836441129462
7081927,3,0.5,0.0,0.6312684365781711
7081927,4,0.625,0.0,0.42857142857142855
7081927,6,0.0,0.0,0.42663378545006164
7081927,7,0.0,0.0,0.490032154340836
7081927,2,0.8,56452.0,0.8411214953271028
7081927,5,0.5,44138.0,0.4497444633730835
7087032,5,0.56,71706.0,0.6153846153846154
7087032,3,0.4,0.0,0.2556390977443609
7087032,4,0.625,0.0,0.3986013986013986
7087032,7,0.75,0.0,0.7108433734939759
7091008,1,0.5,68687451936.0,0.873015873015873
7091008,2,0.6956521739130435,30843.0,0.8774617067833698
7091008,4,0.45454545454545453,0.0,0.6323529411764706
7091008,5,0.7307692307692307,72913.0,0.196763202725724
7093539,1,0.7931034482758621,27054.0,0.3608490566037736
7093539,2,1.0,40995.0,0.695906432748538
7100022,5,0.5882352941176471,51503.0,0.5344827586206896
7100022,1,0.7647058823529411,32337.0,0.32229580573951433
7100022,4,0.6571428571428571,0.0,0.3472222222222222
7100022,7,0.7857142857142857,0.0,0.8952380952380953
7100022,3,0.7105263157894737,0.0,0.6981132075471698
7100022,6,0.746031746031746,0.0,0.35526315789473684
7100022,2,0.6785714285714286,25967.0,0.8673469387755102
7111728,1,0.5,30554.0,0.3590836441129462
7111728,3,0.5,0.0,0.6312684365781711
7111728,4,0.25,0.0,0.47123464770523593
7111728,6,0.6666666666666666,0.0,0.43137254901960786
7111728,7,0.6666666666666666,0.0,0.6019292604501608
7111728,2,0.8,28963.0,0.6097560975609756
7111728,5,0.3333333333333333,16632.0,0.6486486486486487
7131049,1,0.0,21542.0,0.3590836441129462
7131049,2,0.5,68687451936.0,0.6418181818181818
7131049,3,0.0,0.0,0.6312684365781711
7131049,4,0.125,0.0,0.47123464770523593
7131049,5,0.4,16968.0,0.30579531442663377
7131049,6,0.3333333333333333,0.0,0.2726423902894491
7131049,7,0.3333333333333333,0.0,0.490032154340836
7133849,1,0.5,30975.0,0.3590836441129462
7133849,2,0.5,68687451936.0,0.6418181818181818
7133849,3,0.0,0.0,0.6306784660766962
7133849,4,0.4,0.0,0.23000619962802232
7136725,4,0.71875,0.0,0.6952380952380952
7136725,6,0.8461538461538461,0.0,0.7583892617449665
7136725,5,0.6869565217391305,103832.0,0.20943396226415095
7136725,1,0.6666666666666666,38633.0,0.5923566878980892
7136725,2,0.6,49523.0,0.8842975206611571
7136725,3,0.7459016393442623,0.0,0.7023809523809523
7136725,7,0.4444444444444444,0.0,0.8035714285714286
7136928,1,0.0,24090.0,0.3590836441129462
7136928,2,0.5,68687451936.0,0.6418181818181818
7136928,3,0.0,0.0,0.6306784660766962
7136928,4,0.125,0.0,0.42857142857142855
7136928,5,0.0,74427.0,0.30579531442663377
7136928,6,0.3333333333333333,0.0,0.6451914098972923
7136928,7,0.3333333333333333,0.0,0.6019292604501608
7166099,1,0.75,38461.0,0.7989949748743719
7166099,2,0.6428571428571429,35607.0,0.6511627906976745
7166099,3,0.782608695652174,0.0,0.8833333333333333
7166099,4,0.5849056603773585,0.0,0.7263157894736842
7166099,6,0.6666666666666666,0.0,0.8106060606060606
7166099,7,0.5454545454545454,0.0,0.6283185840707964
7166099,5,0.6375711574952562,25865.0,0.49019607843137253
7171715,7,0.22045028142589118,0.0,0.85
7171715,4,0.2626680455015512,0.0,0.7450980392156863
7171715,3,0.2916274694261524,0.0,0.7735849056603774
7171715,6,0.2773837667454689,0.0,0.8928571428571429
7171715,2,0.3467600700525394,23241.0,0.8648648648648649
7171715,1,0.25396825396825395,8400284053.0,0.7837837837837838
7171715,5,0.23877068557919623,13153831651.0,0.875
7172707,3,1.0,0.0,0.1687315634218289
7172707,4,0.625,0.0,0.47123464770523593
7172707,6,0.6666666666666666,0.0,0.4580246913580247
7172707,7,1.0,0.0,0.490032154340836
7172707,5,0.8,23479.0,0.8307692307692308
7172707,1,0.7142857142857143,32395.0,0.8700564971751412
7172707,2,0.7675675675675676,1531039.0,0.6615384615384615
7174146,2,1.0,8117.0,0.6777493606138107
7174146,5,0.2,25552.0,0.6347826086956522
7174146,1,0.5555555555555556,41905.0,0.6831683168316832
7175550,2,1.0,750199496.0,0.9473684210526315
7175550,5,0.3333333333333333,35249.0,0.720292504570384
7197128,2,0.0,141063733.0,0.4585152838427948
7197128,1,0.7,52967.0,0.6356877323420075
7197128,5,0.5158730158730159,40751.0,0.8454545454545455
7197128,4,0.4482758620689655,0.0,0.8717948717948718
7197128,6,0.46774193548387094,0.0,0.22842639593908629
7200191,1,0.7586206896551724,19954.0,0.3608490566037736
7200191,2,0.6338028169014085,87197.0,0.4830917874396135
7200191,5,0.4725274725274725,36049.0,0.24742268041237114
7200191,7,1.0,0.0,0.5692307692307692
7204089,5,0.4838709677419355,476914.0,0.45634266886326197
7204089,2,0.5294117647058824,16738.0,0.5722070844686649
7204397,2,0.6470588235294118,35436.0,0.9047619047619048
7204397,5,0.67,60471.0,0.7142857142857143
7207616,1,0.5454545454545454,61042.0,0.659919028340081
7207616,2,0.4166666666666667,62203.0,0.5105740181268882
7207616,6,0.5396825396825397,0.0,0.8608695652173913
7207616,5,0.5128205128205128,32378.0,0.2915800415800416
7216422,1,0.5,68687451936.0,0.6688741721854304
7216422,5,0.6617647058823529,391223.0,0.5111111111111111
7219436,2,1.0,32943.0,0.21428571428571427
7219436,5,0.5,31214.0,0.7368421052631579
7223147,1,0.5,25069.0,0.3590836441129462
7223147,2,0.5,68687451936.0,0.6418181818181818
7223147,3,0.5,0.0,0.6306784660766962
7223147,4,0.2,0.0,0.23000619962802232
7226092,1,0.5,68687451936.0,0.3383458646616541
7226092,2,0.75,28833.0,0.7988505747126436
7226092,5,0.4,41141.0,0.6
7230330,1,0.3333333333333333,33644.0,0.8214285714285714
7230330,5,0.49122807017543857,162975.0,0.5371024734982333
7231173,2,0.7218543046357616,23207.0,0.9
7231173,5,0.4591194968553459,22325.0,0.7058823529411765
7249261,1,0.5,30843.0,0.3590836441129462
7249261,3,0.5,0.0,0.6306784660766962
7249261,4,0.125,0.0,0.47123464770523593
7249261,6,0.0,0.0,0.47619047619047616
7249261,7,0.0,0.0,0.490032154340836
7249261,2,0.6,24811.0,0.9285714285714286
7249261,5,0.42857142857142855,32751.0,0.6551724137931034
7250625,4,0.375,0.0,0.42857142857142855
7250625,7,0.6666666666666666,0.0,0.27138263665594853
7250625,1,0.8333333333333334,30939.0,0.7586206896551724
7250625,3,0.75,0.0,0.575
7250625,6,0.6521739130434783,0.0,0.900523560209424
7250625,5,0.7306397306397306,42392.0,0.4482758620689655
7250625,2,0.7792207792207793,40985.0,0.5907990314769975
7250843,1,1.0,514815589.0,0.3590836441129462
7250843,2,0.5,68687451936.0,0.6418181818181818
7250843,3,0.5,0.0,0.6312684365781711
7250843,4,0.375,0.0,0.47123464770523593
7250843,6,0.3333333333333333,0.0,0.6451914098972923
7250843,7,0.0,0.0,0.6019292604501608
7250843,5,0.6285714285714286,42787.0,0.7964601769911505
7254316,1,0.5,26855.0,0.3590836441129462
7254316,3,0.5,0.0,0.6306784660766962
7254316,4,0.125,0.0,0.42857142857142855
7254316,5,0.2,37459.0,0.30579531442663377
7254316,6,0.3333333333333333,0.0,0.47619047619047616
7254316,7,0.3333333333333333,0.0,0.490032154340836
7254316,2,0.4,22916.0,0.7925531914893617
7260721,2,0.6666666666666666,191237.0,0.649746192893401
7260721,5,0.44,292138.0,0.7090163934426229
7264109,5,0.5882352941176471,39629.0,0.8053097345132744
7265281,1,1.0,25052.0,0.3590836441129462
7265281,2,0.5,68687451936.0,0.6418181818181818
7265281,3,0.5,0.0,0.6306784660766962
7265281,4,0.375,0.0,0.47123464770523593
7265281,6,0.0,0.0,0.42663378545006164
7265281,7,0.3333333333333333,0.0,0.27138263665594853
7265281,5,0.13333333333333333,118367.0,0.7123287671232876
7269516,1,0.0,26214.0,0.3590836441129462
7269516,2,0.5,68687451936.0,0.6418181818181818
7269516,3,1.0,0.0,0.1687315634218289
7269516,4,0.25,0.0,0.5533290239172592
7269516,5,0.4,13195.0,0.30579531442663377
7269516,6,0.0,0.0,0.828395061728395
7269516,7,0.3333333333333333,0.0,0.27138263665594853
7275497,7,1.0,0.0,0.64
7275497,2,0.765625,1422329.0,0.7849462365591398
7275497,6,0.5490196078431373,0.0,0.22996515679442509
7275497,3,0.7317073170731707,0.0,0.7586206896551724
7275497,1,0.6714285714285714,229133.0,0.9239766081871345
7275497,4,0.5,0.0,0.6274509803921569
7275497,5,0.5966850828729282,144805783.0,0.8382352941176471
7282778,2,0.4166666666666667,25997.0,0.7083333333333334
7282778,5,0.38461538461538464,20516.0,0.8299065420560747
7285895,5,0.21739130434782608,14626.0,0.7857142857142857
7285895,2,0.5833333333333334,25794.0,0.4585152838427948
7289916,1,0.0,185978.0,0.8032786885245902
7289916,2,0.5,122516.0,0.9065420560747663
7289916,5,0.125,33712.0,0.7728706624605678
7294804,1,0.5,27510.0,0.3590836441129462
7294804,2,0.5,68687451936.0,0.6418181818181818
7294804,3,0.0,0.0,0.1687315634218289
7294804,4,0.375,0.0,0.47123464770523593
7294804,5,0.0,13705.0,0.30579531442663377
7294804,6,0.6666666666666666,0.0,0.6185185185185185
7295183,1,0.5,68687451936.0,0.7896440129449838
7295183,5,0.6666666666666666,19228.0,0.196763202725724
7295183,2,0.6,27114.0,0.5859375
7295437,3,0.95,0.0,0.7377049180327869
7295437,4,0.5,0.0,0.35
7295437,1,0.7741935483870968,48279.0,0.697508896797153
7295437,2,0.8333333333333334,36613.0,0.7254004576659039
7295437,5,0.7124183006535948,43296.0,0.569620253164557
7300544,3,0.5221238938053098,0.0,0.5571428571428572
7300544,7,0.42857142857142855,0.0,0.562962962962963
7300544,4,0.5357142857142857,0.0,0.7073170731707317
7300544,1,0.7551020408163265,77505.0,0.8656716417910447
7300544,6,0.4965986394557823,0.0,0.8608695652173913
7300544,5,0.5103244837758112,99947.0,0.7636363636363637
7300544,2,0.6621621621621622,28387.0,0.7580645161290323
7304955,2,0.6428571428571429,23684.0,0.6311475409836066
7304955,5,0.23333333333333334,18032.0,0.6590909090909091
7305583,3,0.4,0.0,0.1687315634218289
7305583,4,0.5294117647058824,0.0,0.2764811490125673
7305583,6,0.5714285714285714,0.0,0.4580246913580247
7305583,7,0.5714285714285714,0.0,0.6019292604501608
7305583,1,0.4,151745782.0,0.4174336762317271
7305583,5,0.6481732070365359,36948.0,0.3333333333333333
7305583,2,0.7921146953405018,21877.0,0.875
7313552,1,0.5,24789.0,0.3590836441129462
7313552,2,0.5,68687451936.0,0.6418181818181818
7313552,3,0.5,0.0,0.1687315634218289
7313552,4,0.0,0.0,0.42857142857142855
7313552,5,0.4,23886.0,0.30579531442663377
7314679,5,0.4482758620689655,27248.0,0.5019685039370079
7320054,1,0.5,68687451936.0,0.8271604938271605
7320054,2,1.0,62746.0,0.7257142857142858
7320054,5,0.6666666666666666,2161329680.0,0.6906474820143885
7330034,2,0.0,18361.0,0.46511627906976744
7330034,5,0.3142857142857143,19242.0,0.8674698795180723
7334852,1,0.0,48935.0,0.3590836441129462
7334852,2,0.5,68687451936.0,0.6418181818181818
7334852,3,0.5,0.0,0.6312684365781711
7334852,4,0.625,0.0,0.5533290239172592
7334852,5,0.4,125101.0,0.30579531442663377
7334852,6,0.6666666666666666,0.0,0.828395061728395
7334852,7,1.0,0.0,0.490032154340836
7338974,1,0.5,68687451936.0,0.9423076923076923
7338974,5,0.5625,48795.0,0.6729559748427673
7355331,1,0.0,21501.0,0.3590836441129462
7355331,2,0.5,68687451936.0,0.6418181818181818
7355331,3,0.5,0.0,0.6306784660766962
7355331,4,0.25,0.0,0.42857142857142855
7355331,5,0.0,26191.0,0.30579531442663377
7355331,6,0.0,0.0,0.43137254901960786
7355331,7,0.0,0.0,0.27138263665594853
7358682,1,1.0,2588745419.0,0.6026058631921825
7358682,5,0.7277628032345014,40542.0,0.18181818181818182
7358682,2,0.8427672955974843,46073.0,0.7570093457943925
7364231,1,0.0,29639.0,0.3590836441129462
7364231,3,0.5,0.0,0.6312684365781711
7364231,4,0.0,0.0,0.42857142857142855
7364231,6,0.6666666666666666,0.0,0.6451914098972923
7364231,7,1.0,0.0,0.6019292604501608
7364231,2,0.75,25725.0,0.8082089552238806
7364231,5,0.6666666666666666,20084.0,0.3855421686746988
7378430,2,0.6153846153846154,72060.0,0.664179104477612
7378430,5,0.5866666666666667,163179.0,0.75
7378430,3,0.375,0.0,0.7582417582417582
7378430,1,0.45714285714285713,123799.0,0.3383458646616541
7378430,7,0.36363636363636365,0.0,0.3
7378430,4,0.5084745762711864,0.0,0.8225806451612904
7378430,6,0.7435897435897436,0.0,0.4580246913580247
7378974,1,0.5,39572.0,0.3590836441129462
7378974,3,1.0,0.0,0.1687315634218289
7378974,4,0.125,0.0,0.47123464770523593
7378974,6,0.6666666666666666,0.0,0.828395061728395
7378974,7,0.3333333333333333,0.0,0.41864951768488745
7378974,5,0.7647058823529411,46420.0,0.7857142857142857
7378974,2,0.9433962264150944,23692.0,0.7611940298507462
7381052,1,0.4827586206896552,2089.0,0.3608490566037736
7381052,5,0.46987951807228917,68458304.0,0.5445026178010471
7386979,1,0.0,35879.0,0.3590836441129462
7386979,2,0.5,68687451936.0,0.6418181818181818
7386979,3,0.5,0.0,0.6306784660766962
7386979,4,0.25,0.0,0.42857142857142855
7386979,5,0.2,24784.0,0.30579531442663377
7386979,6,0.0,0.0,0.2726423902894491
7386979,7,0.0,0.0,0.6019292604501608
7406608,1,1.0,40778.0,0.3590836441129462
7406608,2,0.5,68687451936.0,0.6418181818181818
7406608,3,1.0,0.0,0.1687315634218289
7406608,4,0.25,0.0,0.42857142857142855
7406608,6,1.0,0.0,0.47619047619047616
7406608,7,0.3333333333333333,0.0,0.490032154340836
7406608,5,0.6842105263157895,787731.0,0.76
7408877,1,0.9310344827586207,24816.0,0.3608490566037736
7408877,5,0.6206896551724138,19302.0,0.3073286052009456
7424590,1,0.5,27373.0,0.3590836441129462
7424590,2,0.5,68687451936.0,0.6418181818181818
7424590,3,0.0,0.0,0.6312684365781711
7424590,4,0.0,0.0,0.47123464770523593
7424590,5,0.0,17103.0,0.30579531442663377
7424590,6,0.3333333333333333,0.0,0.828395061728395
7424590,7,0.0,0.0,0.41864951768488745
7425143,1,0.5,68687451936.0,0.7896440129449838
7425143,5,0.5185185185185185,53041.0,0.2536231884057971
7425143,2,0.7857142857142857,36745.0,0.6032608695652174
7428147,2,0.5,68687451936.0,0.7222222222222222
7428147,1,0.5,68687451936.0,0.7896440129449838
7428147,5,0.5714285714285714,9575.0,0.6767676767676768
7428249,2,0.8333333333333334,31377.0,0.7777777777777778
7428249,5,0.7692307692307693,20094.0,0.5714285714285714
7435818,2,0.5,68687451936.0,0.6418181818181818
7435818,3,0.5,0.0,0.1687315634218289
7435818,4,0.125,0.0,0.47123464770523593
7435818,5,0.2,26197.0,0.30579531442663377
7435818,6,0.3333333333333333,0.0,0.3898305084745763
7435818,7,0.0,0.0,0.6019292604501608
7435818,1,0.4166666666666667,215612.0,0.8131868131868132
7436980,5,0.4375,27066.0,0.84
7449454,1,0.5,27663.0,0.3590836441129462
7449454,2,0.5,68687451936.0,0.6418181818181818
7449454,3,0.5,0.0,0.6306784660766962
7449454,4,0.125,0.0,0.5533290239172592
7449454,5,0.0,14968.0,0.30579531442663377
7449454,6,0.0,0.0,0.43137254901960786
7449454,7,0.0,0.0,0.41864951768488745
7452315,5,0.3333333333333333,68330.0,0.47619047619047616
7452315,1,0.5555555555555556,100172.0,0.8888888888888888
7452315,2,0.2222222222222222,63550.0,0.8837209302325582
7452904,2,0.6422018348623854,35737.0,0.5032258064516129
7452904,5,0.47,33253.0,0.37623762376237624
7469943,6,0.5217391304347826,0.0,0.4794520547945205
7469943,1,0.42857142857142855,32499.0,0.8211382113821138
7469943,2,0.5238095238095238,30811.0,0.6508620689655172
7469943,4,0.5,0.0,0.4857142857142857
7469943,5,0.42,85141.0,0.3333333333333333
7470324,7,0.7083333333333334,0.0,0.625
7470324,1,0.7653631284916201,53781.0,0.7704918032786885
7470324,2,0.7468879668049793,33327.0,0.6481481481481481
7470324,3,0.6287425149700598,0.0,0.8227848101265823
7470324,4,0.5870967741935483,0.0,0.6607142857142857
7470324,5,0.6961325966850829,57812.0,0.6651376146788991
7470324,6,0.746031746031746,0.0,0.8413793103448276
7470783,5,0.6875,48478.0,0.47388059701492535
7471781,5,0.525,49488.0,0.5027027027027027
7471781,2,0.8709677419354839,28387.0,0.731629392971246
7472728,4,0.625,0.0,0.42857142857142855
7472728,3,0.8235294117647058,0.0,0.5727272727272728
7472728,5,0.7936507936507936,90579.0,0.7096774193548387
7472728,7,0.7272727272727273,0.0,0.6470588235294118
7472728,6,0.7483443708609272,0.0,0.9019607843137255
7472728,1,0.7678571428571429,69929.0,0.3590836441129462
7472728,2,0.8202247191011236,12935342116.0,0.6418181818181818
7473315,1,1.0,43177.0,0.3590836441129462
7473315,3,1.0,0.0,0.6306784660766962
7473315,4,0.25,0.0,0.5533290239172592
7473315,6,1.0,0.0,0.2726423902894491
7473315,7,0.6666666666666666,0.0,0.6019292604501608
7473315,2,0.7,85928.0,0.731629392971246
7473315,5,0.6363636363636364,127481.0,0.46153846153846156
7475858,2,0.8947368421052632,49989.0,0.8616780045351474
7475858,5,0.6206896551724138,14776.0,0.25796178343949044
7483440,2,0.8888888888888888,24681.0,0.5784313725490197
7483440,5,0.26666666666666666,35946.0,0.6466876971608833
7486932,5,0.4666666666666667,27932.0,0.803921568627451
7486932,2,0.9,28292.0,0.7016574585635359
7487830,1,0.5,68687451936.0,0.3590836441129462
7487830,2,0.0,22339.0,0.55
7487830,5,0.5833333333333334,83093.0,0.625
7496465,1,1.0,22312.0,0.3590836441129462
7496465,2,0.5,68687451936.0,0.6418181818181818
7496465,3,1.0,0.0,0.6306784660766962
7496465,4,1.0,0.0,0.42857142857142855
7496465,5,0.6,15818.0,0.30579531442663377
7496465,6,0.6666666666666666,0.0,0.43137254901960786
7496465,7,1.0,0.0,0.6019292604501608
7497951,2,0.6129032258064516,24116.0,0.6695652173913044
7497951,5,0.5370370370370371,44845.0,0.47368421052631576
7508338,1,0.5,29865.0,0.3590836441129462
7508338,3,1.0,0.0,0.1687315634218289
7508338,4,0.125,0.0,0.42857142857142855
7508338,6,0.3333333333333333,0.0,0.43137254901960786
7508338,7,0.6666666666666666,0.0,0.41864951768488745
7508338,2,0.7,15564.0,0.9110320284697508
7508338,5,0.44,86289.0,0.6037735849056604
7511104,1,0.5,29462.0,0.3590836441129462
7511104,3,0.0,0.0,0.6306784660766962
7511104,4,0.25,0.0,0.47123464770523593
7511104,7,1.0,0.0,0.41864951768488745
7511104,6,0.7432432432432432,0.0,0.5248618784530387
7511104,2,0.6944444444444444,21027418.0,0.7322834645669292
7511104,5,0.696969696969697,74276.0,0.7857142857142857
7512865,5,0.8214285714285714,693298222.0,0.6666666666666666
7528236,1,1.0,25858.0,0.3590836441129462
7528236,2,0.5,68687451936.0,0.6418181818181818
7528236,3,1.0,0.0,0.1687315634218289
7528236,4,1.0,0.0,0.42857142857142855
7528236,6,1.0,0.0,0.4580246913580247
7528236,7,1.0,0.0,0.6019292604501608
7528236,5,1.0,936675.0,0.48148148148148145
7533242,1,0.8942307692307693,33712640.0,0.6170212765957447
7533242,4,0.7180156657963447,0.0,0.359375
7533242,2,0.8122605363984674,36492.0,0.46511627906976744
7533242,3,0.775,0.0,0.6176470588235294
7533242,6,0.6604166666666667,0.0,0.5493827160493827
7533242,7,0.712742980561555,0.0,0.6702127659574468
7533242,5,0.7310344827586207,398296.0,0.40594059405940597
7549729,6,0.5714285714285714,0.0,0.6295081967213115
7549729,1,0.5,254357.0,0.7076271186440678
7549729,2,0.6782608695652174,75334.0,0.5364583333333334
7549729,5,0.6509433962264151,26502.0,0.8301886792452831
7552180,1,0.5,68687451936.0,0.8132427843803056
7552180,5,0.6119402985074627,64223.0,0.7837837837837838
7552180,2,0.8275862068965517,76236.0,0.6972477064220184
7558950,5,0.5,27358.0,0.6018518518518519
7558950,2,0.5,19431.0,0.8053097345132744
7562689,1,1.0,27388.0,0.3590836441129462
7562689,2,0.5,68687451936.0,0.6418181818181818
7562689,3,0.5,0.0,0.6312684365781711
7562689,4,0.875,0.0,0.47123464770523593
7562689,6,1.0,0.0,0.42663378545006164
7562689,7,0.3333333333333333,0.0,0.490032154340836
7562689,5,0.5555555555555556,188822.0,0.9387755102040817
7581063,2,0.5454545454545454,23664.0,0.8582089552238806
7581063,5,0.3888888888888889,21350.0,0.726775956284153
7584403,1,1.0,27120.0,0.3590836441129462
7584403,2,0.5,68687451936.0,0.6418181818181818
7584403,3,0.5,0.0,0.6306784660766962
7584403,4,0.5,0.0,0.5533290239172592
7584403,5,0.6,23201.0,0.30579531442663377
7584403,6,0.6666666666666666,0.0,0.43137254901960786
7584403,7,0.0,0.0,0.6019292604501608
7586958,3,1.0,0.0,0.6306784660766962
7586958,4,0.625,0.0,0.5533290239172592
7586958,2,0.7647058823529411,85027.0,0.8649921507064364
7586958,1,0.8888888888888888,49357.0,0.8983050847457628
7586958,7,0.8333333333333334,0.0,0.7422680412371134
7586958,6,0.723404255319149,0.0,0.6936619718309859
7586958,5,0.609375,130259742.0,0.304
7592547,1,0.5172413793103449,31250.0,0.3608490566037736
7594484,1,0.7058823529411765,35757.0,0.7536231884057971
7594484,6,0.5796344647519582,0.0,0.9074074074074074
7594484,4,0.6030927835051546,0.0,0.68
7594484,7,0.6218905472636815,0.0,0.7727272727272727
7594484,3,0.6189320388349514,0.0,0.6567164179104478
7594484,2,0.6215277777777778,33659.0,0.5747800586510264
7594484,5,0.6162790697674418,46623429.0,0.6056910569105691
7597525,1,1.0,28190.0,0.3590836441129462
7597525,2,0.5,68687451936.0,0.6418181818181818
7597525,3,1.0,0.0,0.1687315634218289
7597525,4,0.5,0.0,0.47123464770523593
7597525,6,0.6666666666666666,0.0,0.6185185185185185
7597525,7,1.0,0.0,0.27138263665594853
7597525,5,0.75,26900.0,0.49379310344827587
7601355,1,0.5,24462.0,0.3590836441129462
7601355,3,0.0,0.0,0.6306784660766962
7601355,4,0.375,0.0,0.47123464770523593
7601355,6,0.3333333333333333,0.0,0.2726423902894491
7601355,7,0.0,0.0,0.6019292604501608
7601355,2,1.0,22984.0,0.6612903225806451
7601355,5,0.7333333333333333,64091.0,0.6554621848739496
7601432,1,1.0,68493.0,0.3590836441129462
7601432,2,0.5,68687451936.0,0.6418181818181818
7601432,3,0.5,0.0,0.6306784660766962
7601432,4,1.0,0.0,0.5533290239172592
7601432,5,0.8,41553.0,0.30579531442663377
7601432,6,1.0,0.0,0.42663378545006164
7601432,7,0.6666666666666666,0.0,0.41864951768488745
7610997,3,0.0,0.0,0.6306784660766962
7610997,4,0.375,0.0,0.47123464770523593
7610997,7,0.3333333333333333,0.0,0.490032154340836
7610997,6,0.5454545454545454,0.0,0.7267441860465116
7610997,1,0.7777777777777778,28387.0,0.8382352941176471
7610997,2,0.779874213836478,36633.0,0.7659574468085106
7610997,5,0.6521739130434783,35254.0,0.5274390243902439
7611197,2,0.42592592592592593,56811.0,0.8837209302325582
7611197,6,0.3333333333333333,0.0,0.7926829268292683
7611197,1,0.6,31181.0,0.6625
7611197,5,0.3010752688172043,37859.0,0.7555555555555555
7617577,1,0.75,97567.0,0.9655172413793104
7617577,2,0.8333333333333334,67454.0,0.7645985401459854
7617577,3,0.8846153846153846,0.0,0.9879518072289156
7617577,4,0.8695652173913043,0.0,0.3684210526315789
7617577,5,0.654320987654321,58289.0,0.4874551971326165
7617577,6,0.7948717948717948,0.0,0.6516129032258065
7617577,7,0.7741935483870968,0.0,0.7851851851851852
7617972,5,0.7142857142857143,35400.0,0.6836734693877551
7617972,2,0.6666666666666666,63520.0,0.5747800586510264
7620234,1,0.5,68687451936.0,0.9423076923076923
7620234,2,0.5789473684210527,28051.0,0.8649921507064364
7620234,5,0.5185185185185185,24805.0,0.4864864864864865
7628267,5,0.49333333333333335,66499.0,0.775609756097561
7628267,2,0.7636363636363637,31981.0,0.7428571428571429
7633793,2,0.6961538461538461,157546500.0,0.7428571428571429
7633793,5,0.6087786259541985,44391.0,0.5714285714285714
7634220,1,1.0,25132.0,0.3590836441129462
7634220,3,0.5,0.0,0.6306784660766962
7634220,4,0.25,0.0,0.5533290239172592
7634220,6,0.3333333333333333,0.0,0.42663378545006164
7634220,7,1.0,0.0,0.27138263665594853
7634220,2,0.7007874015748031,28191.0,0.49159663865546216
7634220,5,0.5503875968992248,28614.0,0.6170212765957447
7635465,1,0.0,5690726450.0,0.4951923076923077
7635465,5,0.7523148148148148,39418.0,0.41836734693877553
7635465,2,0.8790931989924433,21901.0,0.4612546125461255
7636262,1,0.5,27016.0,0.3590836441129462
7636262,3,0.5,0.0,0.6306784660766962
7636262,4,0.125,0.0,0.47123464770523593
7636262,5,0.4,15640.0,0.30579531442663377
7636262,6,0.6666666666666666,0.0,0.47619047619047616
7636262,7,0.6666666666666666,0.0,0.27138263665594853
7636262,2,0.9285714285714286,31551.0,0.8017241379310345
7637558,2,0.5,29907.0,0.873015873015873
7637558,1,0.6,36730.0,0.782051282051282
7637558,6,0.7333333333333333,0.0,0.8590604026845637
7637558,5,0.609375,67389.0,0.5263157894736842
7645489,1,0.5,27711.0,0.3590836441129462
7645489,2,0.5,68687451936.0,0.6418181818181818
7645489,3,0.5,0.0,0.1687315634218289
7645489,4,0.25,0.0,0.5533290239172592
7645489,5,0.2,40323.0,0.30579531442663377
7645489,6,0.3333333333333333,0.0,0.6451914098972923
7645489,7,0.3333333333333333,0.0,0.41864951768488745
7653218,1,1.0,136244.0,0.7857142857142857
7653218,2,0.3333333333333333,26773.0,0.7215189873417721
7653218,5,0.25,24376.0,0.5875706214689266
7654360,1,1.0,29787.0,0.3590836441129462
7654360,2,0.5,68687451936.0,0.6418181818181818
7654360,3,0.5,0.0,0.6312684365781711
7654360,4,0.2,0.0,0.23000619962802232
7654443,5,0.3333333333333333,16656.0,0.452
7654443,2,0.3333333333333333,33640.0,0.8319327731092437
7654443,1,0.75,27491.0,0.9241071428571429
7656972,1,1.0,35117.0,0.3590836441129462
7656972,3,0.5,0.0,0.6306784660766962
7656972,4,0.5,0.0,0.5533290239172592
7656972,6,0.0,0.0,0.42663378545006164
7656972,7,0.3333333333333333,0.0,0.27138263665594853
7656972,2,0.95,45090.0,0.8082089552238806
7656972,5,0.48823529411764705,38644.0,0.5748898678414097
7661733,6,0.7741935483870968,0.0,0.6243093922651933
7661733,7,0.9,0.0,0.62
7661733,3,0.8620689655172413,0.0,0.1687315634218289
7661733,4,0.896551724137931,0.0,0.2770795930580491
7661733,1,0.7941176470588235,51014.0,0.8444444444444444
7661733,2,0.7887323943661971,54724.0,0.4358974358974359
7661733,5,0.6041666666666666,35199327.0,0.454
7665202,1,0.0,369015213.0,0.3590836441129462
7665202,2,0.8674698795180723,21884.0,0.6373626373626373
7665202,5,0.717391304347826,47538.0,0.6585365853658537
7669654,5,0.4444444444444444,13157.0,0.5030581039755352
7669654,2,0.9,22278.0,0.6457627118644068
7687789,5,0.6666666666666666,27883.0,0.717391304347826
7687789,2,0.7,25813.0,0.7603305785123967
7697962,1,1.0,35149.0,0.3590836441129462
7697962,2,0.5,68687451936.0,0.6418181818181818
7697962,3,0.5,0.0,0.1687315634218289
7697962,4,0.25,0.0,0.47123464770523593
7697962,5,0.6,22185.0,0.30579531442663377
7697962,6,1.0,0.0,0.2726423902894491
7697962,7,0.6666666666666666,0.0,0.6019292604501608
7704374,2,0.4166666666666667,27722.0,0.4192708333333333
7704374,5,0.5,26740.0,0.6739130434782609
7706821,5,0.5555555555555556,27193.0,0.5568862275449101
7707924,2,0.7272727272727273,67012.0,0.4585152838427948
7707924,5,0.4444444444444444,81786.0,0.5201305767138193
7715608,2,0.5,68687451936.0,0.7941176470588235
7715608,5,0.5789473684210527,14257.0,0.5348837209302325
7723583,6,0.3333333333333333,0.0,0.4580246913580247
7723583,5,0.4166666666666667,37128.0,0.6346153846153846
7723583,7,0.38461538461538464,0.0,0.7692307692307693
7723583,1,0.6986301369863014,42007.0,0.7321428571428571
7723583,2,0.66,34483.0,0.8941176470588236
7723583,3,0.5789473684210527,0.0,0.2971014492753623
7723583,4,0.4482758620689655,0.0,0.5638297872340425
7723965,2,0.5,68687451936.0,0.6926406926406926
7723965,5,0.3,16485.0,0.8113207547169812
7732241,2,0.36363636363636365,34545.0,0.8467741935483871
7732241,5,0.375,81883.0,0.8514492753623188
7751591,1,0.5,25353.0,0.3590836441129462
7751591,2,0.5,68687451936.0,0.6418181818181818
7751591,3,0.5,0.0,0.6306784660766962
7751591,4,0.25,0.0,0.47123464770523593
7751591,5,0.6,37468.0,0.30579531442663377
7751591,6,1.0,0.0,0.47619047619047616
7751591,7,0.0,0.0,0.41864951768488745
7753626,1,0.0,20694.0,0.3590836441129462
7753626,2,0.5,68687451936.0,0.6418181818181818
7753626,3,0.0,0.0,0.6306784660766962
7753626,4,0.125,0.0,0.47123464770523593
7753626,5,0.2,24404.0,0.30579531442663377
7753626,6,0.6666666666666666,0.0,0.47619047619047616
7753626,7,0.6666666666666666,0.0,0.490032154340836
7753848,1,0.5,47925.0,0.3590836441129462
7753848,2,0.5,68687451936.0,0.6418181818181818
7753848,3,1.0,0.0,0.1687315634218289
7753848,4,0.5,0.0,0.42857142857142855
7753848,5,0.4,65848.0,0.30579531442663377
7753848,6,0.3333333333333333,0.0,0.828395061728395
7753848,7,0.0,0.0,0.27138263665594853
7756277,3,0.8076923076923077,0.0,0.4358974358974359
7756277,6,0.6568627450980392,0.0,0.4789473684210526
7756277,1,0.8,41289.0,0.697508896797153
7756277,2,0.7333333333333333,33496.0,0.6812933025404158
7756277,4,0.7445255474452555,0.0,0.6339869281045751
7756277,7,0.7613636363636364,0.0,0.6666666666666666
7756277,5,0.4918918918918919,28312.0,0.6957831325301205
7760069,1,1.0,23012.0,0.3590836441129462
7760069,2,0.5,68687451936.0,0.6418181818181818
7760069,3,1.0,0.0,0.1687315634218289
7760069,4,0.375,0.0,0.5533290239172592
7760069,5,0.2,378120.0,0.30579531442663377
7760069,6,0.3333333333333333,0.0,0.47619047619047616
7760069,7,0.0,0.0,0.27138263665594853
7763258,1,0.5,28825.0,0.3590836441129462
7763258,2,0.5,68687451936.0,0.6418181818181818
7763258,3,0.0,0.0,0.1687315634218289
7763258,4,0.125,0.0,0.42857142857142855
7763258,5,0.4,15288.0,0.30579531442663377
7763258,6,1.0,0.0,0.828395061728395
7763258,7,0.6666666666666666,0.0,0.41864951768488745
7768722,1,0.7586206896551724,29612.0,0.3608490566037736
7768722,5,0.3333333333333333,103754.0,0.5115089514066496
7768722,2,0.4827586206896552,25257.0,0.5457142857142857
7774594,1,0.8571428571428571,31680.0,0.7914691943127962
7774594,2,0.76,37482.0,0.8082089552238806
7774594,5,0.7532467532467533,26516.0,0.42857142857142855
7777501,1,0.5,27703.0,0.3590836441129462
7777501,3,0.5,0.0,0.6306784660766962
7777501,4,0.25,0.0,0.47123464770523593
7777501,6,0.3333333333333333,0.0,0.828395061728395
7777501,7,0.6666666666666666,0.0,0.6019292604501608
7777501,2,0.6,28737.0,0.8650793650793651
7777501,5,0.6666666666666666,25515.0,0.7664233576642335
7780010,5,0.4444444444444444,23984.0,0.4855072463768116
7780010,2,0.8888888888888888,23650.0,0.6171875
7783335,2,0.7777777777777778,8404747604.0,0.6333333333333333
7783335,1,0.7733333333333333,91647.0,0.8163265306122449
7783335,7,0.72,0.0,0.5416666666666666
7783335,5,0.5688073394495413,598504881.0,0.5909090909090909
7783335,4,0.6818181818181818,0.0,0.5
7783335,3,0.7931034482758621,0.0,0.803921568627451
7783335,6,0.5882352941176471,0.0,0.7258064516129032
7788970,1,1.0,29381.0,0.3590836441129462
7788970,2,0.5,68687451936.0,0.6418181818181818
7788970,3,1.0,0.0,0.1687315634218289
7788970,4,1.0,0.0,0.47123464770523593
7788970,5,1.0,12232.0,0.30579531442663377
7788970,6,1.0,0.0,0.2726423902894491
7788970,7,1.0,0.0,0.41864951768488745
7792299,7,0.5365853658536586,0.0,0.6559139784946236
7792299,5,0.6497890295358649,141326.0,0.5
7792299,2,0.6991869918699187,973016.0,0.628099173553719
7792299,1,0.6807228915662651,3407020.0,0.638095238095238
7792299,4,0.6363636363636364,0.0,0.5666666666666667
7792299,3,0.6585365853658537,0.0,0.6140350877192983
7792680,2,0.7606837606837606,31286.0,0.7107750472589792
7792680,5,0.593103448275862,50140.0,0.48812095032397407
7796047,2,0.5,68687451936.0,0.6777493606138107
7796047,1,0.5,68687451936.0,0.9423076923076923
7796047,5,0.684931506849315,46875.0,0.44193548387096776
7796255,5,0.4375,41468.0,0.65
7798234,2,0.5,68687451936.0,0.7375
7798234,5,0.2727272727272727,53514.0,0.19166666666666668
7801913,5,0.6,13613.0,0.5
7804839,1,0.5,41247.0,0.684971098265896
7804839,2,0.0,850376402.0,0.63
7804839,5,0.26666666666666666,49790.0,0.5201305767138193
7807373,6,0.9152542372881356,0.0,0.6070038910505836
7807373,7,1.0,0.0,0.4146341463414634
7807373,4,0.8305084745762712,0.0,0.5769230769230769
7807373,1,0.9117647058823529,31703.0,0.38095238095238093
7807373,3,0.8163265306122449,0.0,0.691358024691358
7807373,2,0.89937106918239,21743.0,0.8994413407821229
7807373,5,0.7419354838709677,19234.0,0.5175438596491229
7807812,5,0.3125,11093.0,0.6060606060606061
7807812,2,0.6363636363636364,28033.0,0.7912087912087912
7813213,1,0.0,27559.0,0.3590836441129462
7813213,2,0.5,68687451936.0,0.6418181818181818
7813213,3,1.0,0.0,0.1687315634218289
7813213,4,0.25,0.0,0.5533290239172592
7813213,5,0.8,56018.0,0.30579531442663377
7813213,6,0.3333333333333333,0.0,0.47619047619047616
7813213,7,0.3333333333333333,0.0,0.27138263665594853
7817779,5,0.5,26827.0,0.8351648351648352
7817779,2,0.4444444444444444,21974.0,0.7589743589743589
7824745,1,0.0,30835.0,0.3590836441129462
7824745,2,0.5,68687451936.0,0.6418181818181818
7824745,3,1.0,0.0,0.1687315634218289
7824745,4,0.25,0.0,0.42857142857142855
7824745,6,0.3333333333333333,0.0,0.4580246913580247
7824745,7,0.0,0.0,0.41864951768488745
7824745,5,0.2,29145.0,0.5495978552278821
7824846,1,0.5,24778.0,0.3590836441129462
7824846,2,0.5,68687451936.0,0.6418181818181818
7824846,3,0.0,0.0,0.6306784660766962
7824846,4,0.25,0.0,0.5533290239172592
7824846,5,0.0,4140.0,0.30579531442663377
7824846,6,0.0,0.0,0.6185185185185185
7824846,7,0.0,0.0,0.6019292604501608
7825839,7,0.75,0.0,0.6521739130434783
7825839,2,0.5294117647058824,150501.0,0.6875
7825839,5,0.7066666666666667,67158.0,0.2077922077922078
7832398,2,1.0,25513.0,0.74
7832398,5,0.6428571428571429,12070.0,0.5673469387755102
7846933,1,0.5,27596.0,0.3590836441129462
7846933,3,0.0,0.0,0.6312684365781711
7846933,4,0.25,0.0,0.5533290239172592
7846933,6,0.3333333333333333,0.0,0.2726423902894491
7846933,7,0.6666666666666666,0.0,0.27138263665594853
7846933,5,0.06666666666666667,15426.0,0.775609756097561
7846933,2,0.0,19228.0,0.8444444444444444
7854588,5,0.7,16280.0,0.8666666666666667
7854588,1,0.8064516129032258,127984.0,0.6538461538461539
7854588,3,0.8181818181818182,0.0,0.8466257668711656
7854588,4,0.4,0.0,0.6857142857142857
7854588,7,0.8695652173913043,0.0,0.6363636363636364
7854588,6,0.8235294117647058,0.0,0.6218487394957983
7854588,2,0.7857142857142857,25101.0,0.6691176470588235
7858926,2,0.5,68687451936.0,0.8210526315789474
7858926,1,0.5,68687451936.0,0.7896440129449838
7858926,5,0.5555555555555556,27834.0,0.49242424242424243
7859692,5,0.5263157894736842,30058.0,0.6442953020134228
7859692,2,0.7272727272727273,20842.0,0.7254004576659039
7861491,1,0.6666666666666666,31439.0,0.6356877323420075
7861491,5,0.5333333333333333,25257.0,0.2896865520728008
7861491,3,0.625,0.0,0.5903614457831325
7865982,5,0.5172413793103449,59768.0,0.6666666666666666
7868299,5,0.5,57768.0,0.7092198581560284
7868299,2,0.7777777777777778,20892.0,0.42997198879551823
7872136,1,1.0,26520.0,0.3590836441129462
7872136,3,0.5,0.0,0.6306784660766962
7872136,4,0.375,0.0,0.47123464770523593
7872136,6,0.3333333333333333,0.0,0.6451914098972923
7872136,7,0.6666666666666666,0.0,0.41864951768488745
7872136,2,1.0,29936.0,0.5607814761215629
7872136,5,0.6,23102.0,0.5232558139534884
7876172,1,0.5,32003.0,0.3590836441129462
7876172,3,0.5,0.0,0.6312684365781711
7876172,4,0.5,0.0,0.5533290239172592
7876172,6,1.0,0.0,0.2726423902894491
7876172,7,0.6666666666666666,0.0,0.6019292604501608
7876172,2,0.717948717948718,26034.0,0.657243816254417
7876172,5,0.6290672451193059,19478.0,0.599009900990099
7876847,2,0.5,68687451936.0,0.6418181818181818
7876847,3,0.5,0.0,0.6306784660766962
7876847,4,0.5,0.0,0.42857142857142855
7876847,7,0.6666666666666666,0.0,0.490032154340836
7876847,1,0.7391304347826086,233993.0,0.697560975609756
7876847,6,0.8809523809523809,0.0,0.5771428571428572
7876847,5,0.6284046692607004,20567.0,0.5109489051094891
7885797,1,0.5,68687451936.0,0.3590836441129462
7885797,2,0.8888888888888888,35637.0,0.777027027027027
7885797,5,0.6666666666666666,61211.0,0.6909090909090909
7888562,5,0.3333333333333333,55521.0,0.6326530612244898
7888562,2,1.0,27158.0,0.7054794520547946
7889927,1,0.5,68687451936.0,0.9423076923076923
7889927,2,0.9090909090909091,62452.0,0.7828054298642534
7889927,5,0.6521739130434783,47190.0,0.304
7897548,1,0.5,31596.0,0.3590836441129462
7897548,2,0.5,68687451936.0,0.6418181818181818
7897548,3,0.0,0.0,0.6306784660766962
7897548,4,0.125,0.0,0.47123464770523593
7897548,6,0.6666666666666666,0.0,0.42663378545006164
7897548,7,0.0,0.0,0.27138263665594853
7897548,5,0.3,23376.0,0.8604651162790697
7903792,2,0.6363636363636364,42704.0,0.8650793650793651
7903792,5,0.25,47798.0,0.5833333333333334
7911417,2,0.5,27629.0,0.5763888888888888
7911417,5,0.6730769230769231,14094010316.0,0.634453781512605
7918655,1,1.0,34938.0,0.3590836441129462
7918655,2,0.5,68687451936.0,0.6418181818181818
7918655,3,0.0,0.0,0.6312684365781711
7918655,4,0.375,0.0,0.5533290239172592
7918655,5,0.6,38569.0,0.30579531442663377
7918655,6,0.6666666666666666,0.0,0.42663378545006164
7918655,7,0.6666666666666666,0.0,0.490032154340836
7929028,5,0.5656565656565656,18099.0,0.5544303797468354
7929581,5,0.6,19472.0,0.4090909090909091
7929581,1,0.8421052631578947,34416.0,0.9322033898305084
7929581,2,0.8,22745.0,0.9545454545454546
7931066,1,0.5,24381.0,0.3590836441129462
7931066,3,0.5,0.0,0.6306784660766962
7931066,4,0.125,0.0,0.5533290239172592
7931066,6,0.6666666666666666,0.0,0.43137254901960786
7931066,7,0.0,0.0,0.27138263665594853
7931066,2,0.4,56865.0,0.7088607594936709
7931066,5,0.11764705882352941,35265.0,0.7608695652173914
7938860,1,0.5,31082.0,0.3590836441129462
7938860,3,1.0,0.0,0.1687315634218289
7938860,4,0.125,0.0,0.5533290239172592
7938860,5,0.4,52504.0,0.30579531442663377
7938860,6,0.6666666666666666,0.0,0.47619047619047616
7938860,7,0.3333333333333333,0.0,0.27138263665594853
7938860,2,0.0,1222392.0,0.9060402684563759
7948820,2,0.5238095238095238,26650.0,0.5607814761215629
7948820,5,0.4666666666666667,19363.0,0.8414634146341463
7953073,5,0.5714285714285714,26451.0,0.1568627450980392
7953073,2,0.7469879518072289,73896.0,0.5
7957272,1,1.0,24903.0,0.3590836441129462
7957272,2,0.5,68687451936.0,0.6418181818181818
7957272,3,0.0,0.0,0.6306784660766962
7957272,4,0.25,0.0,0.47123464770523593
7957272,6,0.6666666666666666,0.0,0.2726423902894491
7957272,5,0.2,8130.0,0.30579531442663377
7957272,7,0.3333333333333333,0.0,0.27138263665594853
7958727,1,0.75,31939.0,0.8382978723404255
7958727,2,0.7560975609756098,18836.0,0.6164383561643836
7958727,3,0.8571428571428571,0.0,0.8571428571428571
7958727,6,0.5897435897435898,0.0,0.9310344827586207
7958727,5,0.6104417670682731,49690.0,0.575
7959274,1,0.5,68687451936.0,0.9318181818181818
7959274,2,0.0,49382.0,0.5939086294416244
7959274,5,0.5384615384615384,19258.0,0.8252427184466019
7964858,6,0.7021276595744681,0.0,0.6517241379310345
7964858,3,0.4230769230769231,0.0,0.5740740740740741
7964858,4,0.42758620689655175,0.0,0.5454545454545454
7964858,5,0.5740072202166066,463657250.0,0.49731663685152055
7964858,2,0.3759036144578313,33874.0,0.6875
7964858,1,0.5382716049382716,28774.0,0.8666666666666667
7968011,1,1.0,647554.0,0.5773195876288659
7968011,5,0.7692307692307693,33345.0,0.34146341463414637
7970471,5,0.4,27961.0,0.6666666666666666
7970471,2,0.5833333333333334,46671.0,0.926829268292683
7993478,5,0.5555555555555556,17074.0,0.44193548387096776
7994282,1,0.5,15311.0,0.3590836441129462
7994282,2,0.5,68687451936.0,0.6418181818181818
7994282,3,0.0,0.0,0.1687315634218289
7994282,4,0.0,0.0,0.5533290239172592
7994282,5,0.4,7987.0,0.30579531442663377
7994282,6,0.3333333333333333,0.0,0.828395061728395
7994282,7,0.3333333333333333,0.0,0.27138263665594853
7996363,6,0.6440677966101694,0.0,0.4580246913580247
7996363,7,0.4936708860759494,0.0,0.6410256410256411
7996363,1,0.5675675675675675,58575.0,0.6933333333333334
7996363,4,0.4798206278026906,0.0,0.3644067796610169
7996363,5,0.5207920792079208,569698213.0,0.5753012048192772
7996363,3,0.5733695652173914,0.0,0.48175182481751827
7996363,2,0.528,1159000261.0,0.9411764705882353
7998170,2,0.5,68687451936.0,0.6418181818181818
7998170,3,0.5,0.0,0.6312684365781711
7998170,4,0.25,0.0,0.47123464770523593
7998170,5,0.0,89799.0,0.30579531442663377
7998170,6,0.3333333333333333,0.0,0.6451914098972923
7998170,7,0.3333333333333333,0.0,0.41864951768488745
7998170,1,0.8571428571428571,43974.0,0.9
8001140,2,0.9523809523809523,37484.0,0.8649921507064364
8001140,3,0.6521739130434783,0.0,0.33043478260869563
8001140,5,0.44155844155844154,58642.0,0.5658914728682171
8002053,1,0.5,21931.0,0.3590836441129462
8002053,3,0.0,0.0,0.1687315634218289
8002053,4,0.125,0.0,0.42857142857142855
8002053,6,0.6666666666666666,0.0,0.47619047619047616
8002053,7,0.3333333333333333,0.0,0.27138263665594853
8002053,2,0.5294117647058824,80324.0,0.8774617067833698
8002053,5,0.4,12114969194.0,0.6529209621993127
8007810,2,0.8979591836734694,15475.0,0.6326530612244898
8007810,5,0.85,201238.0,0.4497444633730835
8029051,5,0.5945945945945946,43129.0,0.2857142857142857
8029051,2,0.7209302325581395,21443.0,0.677570093457944
8033502,1,0.5,104415.0,0.3590836441129462
8033502,2,0.5,68687451936.0,0.6418181818181818
8033502,3,0.5,0.0,0.6312684365781711
8033502,4,0.5,0.0,0.47123464770523593
8033502,5,0.6,22426.0,0.30579531442663377
8033502,6,0.3333333333333333,0.0,0.6185185185185185
8033502,7,0.3333333333333333,0.0,0.27138263665594853
8037513,1,0.7241379310344828,38224.0,0.3608490566037736
8048242,6,1.0,0.0,0.22842639593908629
8048242,7,0.5555555555555556,0.0,0.27138263665594853
8048242,1,0.4,97341.0,0.3253968253968254
8048242,4,0.5,0.0,0.2463768115942029
8048242,3,0.6385542168674698,0.0,0.5964912280701754
8048242,2,0.6923076923076923,116160.0,0.7536231884057971
8048242,5,0.379746835443038,863631934.0,0.7734375
8052172,1,0.0,28689.0,0.3590836441129462
8052172,3,0.0,0.0,0.1687315634218289
8052172,4,0.125,0.0,0.47123464770523593
8052172,6,0.6666666666666666,0.0,0.4580246913580247
8052172,7,0.3333333333333333,0.0,0.6019292604501608
8052172,2,0.625,64522.0,0.8774617067833698
8052172,5,0.4,250616.0,0.6590909090909091
8052833,1,0.5,265202588.0,0.3590836441129462
8052833,3,0.5,0.0,0.6312684365781711
8052833,4,0.375,0.0,0.42857142857142855
8052833,7,1.0,0.0,0.27138263665594853
8052833,5,0.6,415204.0,0.9256198347107438
8052833,2,0.8,373217.0,0.7831325301204819
8052833,6,0.5714285714285714,0.0,0.6028985507246377
8054828,5,0.5,34893.0,0.6747967479674797
8054828,2,0.6666666666666666,24381.0,0.766798418972332
8057592,2,0.7627118644067796,23891.0,0.8571428571428571
8057592,5,0.7692307692307693,30393.0,0.8
8061341,5,0.6666666666666666,37299.0,0.20943396226415095
8061341,2,0.5692307692307692,44722.0,0.6638655462184874
8072203,2,0.5,68687451936.0,0.864
8072203,5,0.2916666666666667,35193.0,0.5074626865671642
8076822,1,0.5,68687451936.0,0.896551724137931
8076822,5,0.2857142857142857,28649.0,0.36936936936936937
8076822,2,1.0,23502.0,0.7714285714285715
8077003,1,0.5,68687451936.0,0.7789473684210526
8077003,5,0.5,58934.0,0.6956521739130435
8077003,2,0.5833333333333334,42390.0,0.7121951219512195
8077364,5,0.5,84938.0,0.5172413793103449
8077364,2,0.5,68687451936.0,0.75
8077364,1,0.6,43002.0,0.6310160427807486
8087726,3,0.0,0.0,0.1687315634218289
8087726,4,0.25,0.0,0.42857142857142855
8087726,7,0.625,0.0,0.6521739130434783
8087726,6,0.6363636363636364,0.0,0.3181818181818182
8087726,2,0.85,434561.0,0.8649921507064364
8087726,1,0.92,122281.0,0.7582417582417582
8087726,5,0.6675531914893617,202386.0,0.8454545454545455
8100205,1,1.0,32219.0,0.3590836441129462
8100205,2,0.5,68687451936.0,0.6418181818181818
8100205,3,0.5,0.0,0.6312684365781711
8100205,4,0.625,0.0,0.42857142857142855
8100205,5,0.4,80352.0,0.30579531442663377
8100205,6,1.0,0.0,0.42663378545006164
8100205,7,0.6666666666666666,0.0,0.41864951768488745
8114750,5,0.5625,30819.0,0.4523809523809524
8114750,2,0.775,48082.0,0.8709677419354839
8120213,2,0.4,110747.0,0.4772727272727273
8120213,5,0.7666666666666667,90616727.0,0.7555555555555555
8123852,2,0.0,22054.0,0.55
8123852,5,0.2857142857142857,10926.0,0.7137404580152672
8124200,1,0.5,29866.0,0.3590836441129462
8124200,2,0.5,68687451936.0,0.6418181818181818
8124200,3,1.0,0.0,0.1687315634218289
8124200,4,0.375,0.0,0.5533290239172592
8124200,5,0.2,26395.0,0.30579531442663377
8124200,6,0.3333333333333333,0.0,0.2726423902894491
8124200,7,0.0,0.0,0.490032154340836
8124670,5,0.68,33997.0,0.12903225806451613
8124670,2,0.9166666666666666,21692.0,0.7962264150943397
8131607,1,1.0,29621.0,0.3590836441129462
8131607,3,0.5,0.0,0.6312684365781711
8131607,4,0.5,0.0,0.5533290239172592
8131607,6,0.6666666666666666,0.0,0.6185185185185185
8131607,7,0.6666666666666666,0.0,0.490032154340836
8131607,5,0.6666666666666666,17966.0,0.47477744807121663
8131607,2,0.3,24252.0,0.7239669421487603
8133661,2,0.5581395348837209,24956.0,0.6403269754768393
8133661,5,0.4444444444444444,12176.0,0.9361702127659575
8138262,1,1.0,23761.0,0.3590836441129462
8138262,3,0.5,0.0,0.6312684365781711
8138262,4,0.625,0.0,0.5533290239172592
8138262,6,0.6666666666666666,0.0,0.2726423902894491
8138262,7,1.0,0.0,0.27138263665594853
8138262,2,1.0,34358.0,0.7470588235294118
8138262,5,0.55,13400.0,0.7976190476190477
8141843,1,0.5,68687451936.0,0.9423076923076923
8141843,2,0.75,28811.0,0.7962264150943397
8141843,5,0.5616438356164384,52046.0,0.6736641221374046
8144875,1,0.5,48059.0,0.3590836441129462
8144875,2,0.5,68687451936.0,0.6418181818181818
8144875,3,0.5,0.0,0.6312684365781711
8144875,4,0.25,0.0,0.5533290239172592
8144875,5,0.0,18730.0,0.30579531442663377
8144875,6,0.3333333333333333,0.0,0.47619047619047616
8144875,7,0.3333333333333333,0.0,0.27138263665594853
8145602,1,0.5,22543.0,0.3590836441129462
8145602,2,0.5,68687451936.0,0.6418181818181818
8145602,3,1.0,0.0,0.6312684365781711
8145602,4,0.0,0.0,0.24426534407935524
8147788,5,0.5,43665.0,0.4653679653679654
8150737,2,0.8666666666666667,310345.0,0.4958217270194986
8150737,5,0.6335403726708074,46095.0,0.5096153846153846
8156341,1,0.5,23246.0,0.3590836441129462
8156341,2,0.5,68687451936.0,0.6418181818181818
8156341,3,1.0,0.0,0.1687315634218289
8156341,4,0.125,0.0,0.47123464770523593
8156341,5,0.0,15338.0,0.30579531442663377
8156341,6,0.3333333333333333,0.0,0.2726423902894491
8156341,7,0.3333333333333333,0.0,0.490032154340836
8169752,2,1.0,19294.0,0.6926406926406926
8169752,1,0.6666666666666666,31169.0,0.8888888888888888
8169752,5,0.5825242718446602,59976.0,0.4497444633730835
8170062,1,0.5,68687451936.0,0.37637362637362637
8170062,2,0.8333333333333334,25325.0,0.5471698113207547
8170062,5,0.5161290322580645,52352.0,0.304
8186207,5,0.4,26979.0,0.5615384615384615
8186207,2,0.7777777777777778,181128.0,0.7054263565891473
8188935,2,0.7931034482758621,17814.0,0.5457142857142857
8188935,4,0.9310344827586207,0.0,0.2770795930580491
8188935,5,0.5862068965517241,33248.0,0.3073286052009456
8188935,3,0.896551724137931,0.0,0.6312684365781711
8188935,6,0.6774193548387096,0.0,0.6243093922651933
8188935,1,0.8484848484848485,6489388.0,0.32229580573951433
8188935,7,0.8,0.0,0.48
8191353,1,1.0,25079.0,0.3590836441129462
8191353,2,0.5,68687451936.0,0.6418181818181818
8191353,3,0.5,0.0,0.6312684365781711
8191353,4,0.0,0.0,0.5170556552962298
8191353,5,0.6,28648.0,0.5714285714285714
8193315,1,0.5,29902.0,0.3590836441129462
8193315,3,0.5,0.0,0.6306784660766962
8193315,4,0.25,0.0,0.42857142857142855
8193315,6,0.6666666666666666,0.0,0.4580246913580247
8193315,7,0.0,0.0,0.6019292604501608
8193315,5,0.6615384615384615,23655.0,0.8125
8193315,2,0.8014705882352942,23233.0,0.7534246575342466
8194960,1,0.5,19466.0,0.3590836441129462
8194960,3,1.0,0.0,0.6306784660766962
8194960,4,0.125,0.0,0.5533290239172592
8194960,6,1.0,0.0,0.6451914098972923
8194960,7,1.0,0.0,0.490032154340836
8194960,5,0.3333333333333333,22111.0,0.5260115606936416
8194960,2,0.6,58041.0,0.6272401433691757
8200530,2,0.75,27379.0,0.8616780045351474
8200530,5,0.4782608695652174,38798.0,0.7894736842105263
8200669,2,1.0,26546.0,0.875
8200669,1,0.9473684210526315,33093.0,0.9047619047619048
8200669,6,0.7368421052631579,0.0,0.8670886075949367
8200669,7,0.75,0.0,0.9518072289156626
8200669,3,0.8571428571428571,0.0,0.875
8200669,4,0.8076923076923077,0.0,0.610655737704918
8200669,5,0.5774647887323944,63319.0,0.6486988847583643
8203215,3,0.5,0.0,0.6306784660766962
8203215,4,0.5,0.0,0.47123464770523593
8203215,6,1.0,0.0,0.4580246913580247
8203215,7,0.6666666666666666,0.0,0.27138263665594853
8203215,1,0.4,150508.0,0.3590836441129462
8203215,2,0.8235294117647058,26262.0,0.7215189873417721
8203215,5,0.5714285714285714,71569.0,0.5137931034482759
8205638,1,1.0,24679.0,0.3590836441129462
8205638,2,0.5,68687451936.0,0.6418181818181818
8205638,3,1.0,0.0,0.1687315634218289
8205638,4,0.5,0.0,0.42857142857142855
8205638,5,0.4,11693.0,0.30579531442663377
8205638,6,1.0,0.0,0.4580246913580247
8205638,7,1.0,0.0,0.27138263665594853
8208725,1,0.5,68687451936.0,0.7710843373493976
8208725,2,1.0,35781.0,0.7534246575342466
8208725,5,0.75,31518.0,0.5969773299748111
8211372,5,0.5405405405405406,38010.0,0.6666666666666666
8217338,1,1.0,30789.0,0.3590836441129462
8217338,3,1.0,0.0,0.1687315634218289
8217338,4,0.25,0.0,0.5533290239172592
8217338,6,0.6666666666666666,0.0,0.4580246913580247
8217338,7,0.6666666666666666,0.0,0.27138263665594853
8217338,2,0.5454545454545454,21316.0,0.7962264150943397
8217338,5,0.6029411764705882,24580.0,0.6304347826086957
8229990,2,0.5,68687451936.0,0.6914893617021277
8229990,5,0.4,112524.0,0.7639751552795031
8235147,1,0.5,24685.0,0.3590836441129462
8235147,3,0.5,0.0,0.1687315634218289
8235147,4,0.5,0.0,0.5533290239172592
8235147,6,0.3333333333333333,0.0,0.47619047619047616
8235147,7,0.3333333333333333,0.0,0.41864951768488745
8235147,2,0.8,23699.0,0.8602150537634409
8235147,5,0.4,24837.0,0.5952380952380952
8236891,1,1.0,24355.0,0.3590836441129462
8236891,2,0.5,68687451936.0,0.6418181818181818
8236891,3,0.5,0.0,0.1687315634218289
8236891,4,0.125,0.0,0.47123464770523593
8236891,5,0.2,14838.0,0.30579531442663377
8236891,6,0.0,0.0,0.6451914098972923
8236891,7,1.0,0.0,0.6019292604501608
8238673,1,0.5,68687451936.0,0.6338582677165354
8238673,2,0.55,22974.0,0.6707317073170732
8238673,5,0.3888888888888889,18127.0,0.7284768211920529
8238995,7,0.3333333333333333,0.0,0.6019292604501608
8238995,6,0.6,0.0,0.5248618784530387
8238995,3,0.6521739130434783,0.0,0.9117647058823529
8238995,4,0.6129032258064516,0.0,0.7101449275362319
8238995,1,0.8421052631578947,50148.0,0.7313432835820896
8238995,2,0.6129032258064516,66232.0,0.6531531531531531
8238995,5,0.6382978723404256,30397.0,0.5576923076923077
8241842,1,0.5,68687451936.0,0.8028169014084507
8241842,5,0.4,19706.0,0.6116504854368932
8241842,2,0.7777777777777778,35227.0,0.7054794520547946
8251874,2,1.0,73418908.0,0.7866666666666666
8251874,5,0.5517241379310345,92458.0,0.4666666666666667
8269483,1,0.5,68687451936.0,0.8677685950413223
8269483,2,0.5,68687451936.0,0.63
8269483,5,0.75,41698.0,0.5454545454545454
8269483,4,0.6,0.0,0.8225806451612904
8269483,7,0.5263157894736842,0.0,0.594059405940594
8270826,5,0.5333333333333333,31035.0,0.4594594594594595
8270826,4,0.75,0.0,0.45652173913043476
8270826,2,0.5375,33253.0,0.4192708333333333
8270826,6,0.6727019498607242,0.0,0.8888888888888888
8270826,3,0.6911764705882353,0.0,0.9166666666666666
8270826,1,0.7011494252873564,525263486.0,0.6185567010309279
8284166,7,0.8461538461538461,0.0,0.8857142857142857
8284166,6,0.8,0.0,0.7142857142857143
8284166,4,0.8152173913043478,0.0,0.3744075829383886
8284166,1,0.7972972972972973,27359.0,0.8870967741935484
8284166,2,0.8625,22375.0,0.821917808219178
8284166,3,0.8217821782178217,0.0,0.7181818181818181
8284166,5,0.6090909090909091,43087.0,0.5681818181818182
8297158,1,0.5,26177.0,0.3590836441129462
8297158,2,0.5,68687451936.0,0.6418181818181818
8297158,3,0.0,0.0,0.6312684365781711
8297158,4,0.125,0.0,0.5533290239172592
8297158,5,0.2,33974.0,0.30579531442663377
8297158,6,0.3333333333333333,0.0,0.2726423902894491
8297158,7,1.0,0.0,0.27138263665594853
8328032,2,0.6666666666666666,20102.0,0.7866666666666666
8328032,5,0.5833333333333334,85476.0,0.6721311475409836
8328446,2,0.5,21740.0,0.55
8328446,5,0.5,31415.0,0.6857142857142857
8332545,1,0.5,24650.0,0.3590836441129462
8332545,3,1.0,0.0,0.6306784660766962
8332545,4,0.125,0.0,0.5533290239172592
8332545,6,0.3333333333333333,0.0,0.828395061728395
8332545,7,0.0,0.0,0.41864951768488745
8332545,2,0.75,15013.0,0.8616780045351474
8332545,5,0.32,95414.0,0.671875
8333412,1,0.5,29132.0,0.3590836441129462
8333412,2,0.5,68687451936.0,0.6418181818181818
8333412,3,0.0,0.0,0.1687315634218289
8333412,4,0.125,0.0,0.5533290239172592
8333412,5,0.4,49353.0,0.30579531442663377
8333412,6,0.0,0.0,0.47619047619047616
8333412,7,0.3333333333333333,0.0,0.490032154340836
8343734,1,0.5,68687451936.0,0.8947368421052632
8343734,5,0.4,32555.0,0.6388888888888888
8348679,5,0.575,78847.0,0.6688311688311688
8348679,2,0.631578947368421,29271.0,0.5607814761215629
8349652,1,0.5,26736.0,0.3590836441129462
8349652,2,0.5,68687451936.0,0.6418181818181818
8349652,3,1.0,0.0,0.1687315634218289
8349652,4,0.5,0.0,0.42857142857142855
8349652,5,0.0,29485.0,0.30579531442663377
8349652,6,0.6666666666666666,0.0,0.4580246913580247
8349652,7,0.0,0.0,0.27138263665594853
8360326,4,0.0,0.0,0.5533290239172592
8360326,6,0.6666666666666666,0.0,0.4580246913580247
8360326,7,0.3333333333333333,0.0,0.27138263665594853
8360326,1,0.7142857142857143,222385.0,0.8779661016949153
8360326,2,1.0,192883.0,0.7645985401459854
8360326,3,0.2,0.0,0.7
8360326,5,0.5428571428571428,38251.0,0.44642857142857145
8374452,5,0.6666666666666666,24377.0,0.5466666666666666
8374452,4,0.5,0.0,0.5849056603773585
8374452,1,0.6451612903225806,49368.0,0.8888888888888888
8374452,2,0.7,41226.0,0.8861386138613861
8377631,1,1.0,11490652806.0,0.4174336762317271
8377631,2,0.6363636363636364,24049.0,0.559228650137741
8377631,5,0.3333333333333333,17637.0,0.5673469387755102
8377865,2,0.7272727272727273,43795.0,0.6633663366336634
8377865,4,0.7272727272727273,0.0,0.6153846153846154
8377865,1,0.7692307692307693,224995.0,0.4031620553359684
8377865,7,0.7358490566037735,0.0,0.9142857142857143
8377865,5,0.7126436781609196,213982.0,0.6428571428571429
8377865,6,0.6197183098591549,0.0,0.5849056603773585
8380465,1,1.0,23898.0,0.4031620553359684
8380465,2,0.6153846153846154,24748.0,0.6058631921824105
8380465,5,0.5238095238095238,19677.0,0.5263157894736842
8385886,2,0.8,77466.0,0.63
8385886,5,0.3333333333333333,22738.0,0.8
8386770,1,0.5,20851.0,0.3590836441129462
8386770,2,0.5,68687451936.0,0.6418181818181818
8386770,3,0.0,0.0,0.1687315634218289
8386770,4,0.375,0.0,0.42857142857142855
8386770,6,0.3333333333333333,0.0,0.6451914098972923
8386770,7,0.0,0.0,0.27138263665594853
8386770,5,0.5,87714.0,0.6659877800407332
8389134,7,0.7272727272727273,0.0,0.8175182481751825
8389134,5,0.6961429915333961,27206.0,0.7142857142857143
8389134,3,0.7694524495677233,0.0,0.5882352941176471
8389134,2,0.712707182320442,26705.0,0.6984126984126984
8389134,4,0.8104089219330854,0.0,0.6578947368421053
8389134,6,0.7308781869688386,0.0,0.05813953488372093
8389134,1,0.6904761904761905,86996488.0,0.639751552795031
8405376,1,0.8275862068965517,23608.0,0.3608490566037736
8405376,5,0.4482758620689655,18234.0,0.3073286052009456
8414391,1,0.7894736842105263,46750.0,0.554140127388535
8414391,2,0.7,32280.0,0.9545454545454546
8414391,5,0.6304347826086957,43564.0,0.8181818181818182
8419707,4,0.5,0.0,0.47123464770523593
8419707,6,0.6666666666666666,0.0,0.42663378545006164
8419707,7,0.6666666666666666,0.0,0.490032154340836
8419707,3,0.6,0.0,0.6306784660766962
8419707,1,0.8,1469033.0,0.4174336762317271
8419707,5,0.6501240694789082,38307.0,0.6194690265486725
8419707,2,0.8315217391304348,38814.0,0.6423841059602649
8421928,7,1.0,0.0,0.490032154340836
8421928,4,0.5471698113207547,0.0,0.7804878048780488
8421928,6,0.5566502463054187,0.0,0.22099447513812154
8421928,1,0.8292682926829268,17491.0,0.8556701030927835
8421928,5,0.49625935162094764,50596.0,0.44193548387096776
8421928,3,0.6326530612244898,0.0,0.8717948717948718
8421928,2,0.6458333333333334,26066.0,0.657243816254417
8425831,1,1.0,26020.0,0.3590836441129462
8425831,3,1.0,0.0,0.1687315634218289
8425831,4,0.375,0.0,0.42857142857142855
8425831,6,1.0,0.0,0.6185185185185185
8425831,7,1.0,0.0,0.41864951768488745
8425831,5,0.75,30270.0,0.49185667752442996
8425831,2,0.7612903225806451,16827.0,0.6633663366336634
8433198,2,0.8,33876.0,0.752
8433198,5,0.3333333333333333,630748.0,0.8575129533678757
8434326,1,0.0,38376.0,0.6688741721854304
8434326,2,0.8333333333333334,31179.0,0.6666666666666666
8434326,5,0.7210526315789474,28554.0,0.7169811320754716
8440931,1,0.5,25651.0,0.3590836441129462
8440931,2,0.5,68687451936.0,0.6418181818181818
8440931,3,0.0,0.0,0.6312684365781711
8440931,4,0.125,0.0,0.47123464770523593
8440931,5,0.2,14857.0,0.30579531442663377
8440931,6,0.0,0.0,0.43137254901960786
8440931,7,0.0,0.0,0.27138263665594853
8449981,6,0.7419354838709677,0.0,0.6243093922651933
8449981,4,0.41379310344827586,0.0,0.2770795930580491
8449981,1,0.0,3137.0,0.3590836441129462
8449981,3,0.2,0.0,0.6312684365781711
8449981,7,0.0,0.0,0.6019292604501608
8449981,2,0.6984126984126984,30821.0,0.7183098591549296
8449981,5,0.5614035087719298,25131.0,0.6886792452830188
8450063,7,0.6363636363636364,0.0,0.5
8450063,3,0.7076923076923077,0.0,0.8823529411764706
8450063,1,0.7571428571428571,1165174.0,0.3253968253968254
8450063,4,0.7432432432432432,0.0,0.6122448979591837
8450063,6,0.6294117647058823,0.0,0.6711409395973155
8450063,2,0.6566970091027308,23482.0,0.58
8450063,5,0.5659121171770972,110651.0,0.8108108108108109
8450805,1,0.5,27184.0,0.3590836441129462
8450805,2,0.5,68687451936.0,0.6418181818181818
8450805,3,0.5,0.0,0.6306784660766962
8450805,4,0.625,0.0,0.42857142857142855
8450805,5,0.4,44491.0,0.30579531442663377
8450805,6,1.0,0.0,0.2726423902894491
8450805,7,0.3333333333333333,0.0,0.6019292604501608
8459120,5,0.4,28080.0,0.6116504854368932
8459120,1,0.6666666666666666,30281.0,0.725
8459120,2,0.5454545454545454,25515.0,0.7239669421487603
8459120,4,0.5714285714285714,0.0,0.2194668319900806
8459120,6,0.45161290322580644,0.0,0.2807017543859649
8472310,5,0.5,42327.0,0.47540983606557374
8472310,2,0.6857142857142857,15677.0,0.39185393258426965
8473036,1,0.5,28727.0,0.3590836441129462
8473036,2,0.5,68687451936.0,0.6418181818181818
8473036,3,0.5,0.0,0.6306784660766962
8473036,4,0.625,0.0,0.47123464770523593
8473036,5,0.2,26121.0,0.30579531442663377
8473036,6,0.6666666666666666,0.0,0.4580246913580247
8473036,7,0.6666666666666666,0.0,0.41864951768488745
8494112,1,0.5,23675.0,0.3590836441129462
8494112,3,0.0,0.0,0.6312684365781711
8494112,4,0.25,0.0,0.5533290239172592
8494112,6,0.0,0.0,0.6451914098972923
8494112,7,0.0,0.0,0.6019292604501608
8494112,2,0.7,31025.0,0.8143712574850299
8494112,5,0.5625,42182.0,0.803921568627451
8496637,1,1.0,26976.0,0.3590836441129462
8496637,3,1.0,0.0,0.1687315634218289
8496637,4,0.25,0.0,0.47123464770523593
8496637,5,0.0,28408.0,0.30579531442663377
8496637,6,0.6666666666666666,0.0,0.6451914098972923
8496637,7,0.6666666666666666,0.0,0.490032154340836
8496637,2,0.6,23522.0,0.6655231560891939
8501426,1,0.5,80194.0,0.3590836441129462
8501426,2,0.5,68687451936.0,0.6418181818181818
8501426,3,0.5,0.0,0.1687315634218289
8501426,4,0.0,0.0,0.5533290239172592
8501426,6,1.0,0.0,0.2726423902894491
8501426,7,0.6666666666666666,0.0,0.490032154340836
8501426,5,0.6,21548.0,0.6716981132075471
8518708,1,0.5,27268.0,0.3590836441129462
8518708,2,0.5,68687451936.0,0.6418181818181818
8518708,3,0.5,0.0,0.6312684365781711
8518708,4,0.25,0.0,0.42857142857142855
8518708,5,0.2,28985.0,0.30579531442663377
8518708,6,0.3333333333333333,0.0,0.4580246913580247
8518708,7,0.3333333333333333,0.0,0.41864951768488745
8523281,1,1.0,72823.0,0.8688524590163934
8523281,2,0.6,19871.0,0.8923076923076924
8523281,5,0.5,12633.0,0.2920137187653111
8532225,2,0.6666666666666666,42276.0,0.7622950819672131
8532225,5,0.35,133037.0,0.5566037735849056
8533909,1,1.0,31133.0,0.3590836441129462
8533909,2,0.5,68687451936.0,0.6418181818181818
8533909,3,0.5,0.0,0.6312684365781711
8533909,4,0.125,0.0,0.47123464770523593
8533909,6,0.3333333333333333,0.0,0.42663378545006164
8533909,7,0.0,0.0,0.490032154340836
8533909,5,0.4666666666666667,17285.0,0.5663157894736842
8534262,1,1.0,667674.0,0.9423076923076923
8534262,5,0.636963696369637,106053.0,0.75
8534262,2,0.7539863325740319,371060.0,0.9375
8541625,2,0.0,109018.0,0.6666666666666666
8541625,5,0.8125,12698793245.0,0.8421052631578947
8542106,6,1.0,0.0,0.6185185185185185
8542106,7,0.6666666666666666,0.0,0.27138263665594853
8542106,4,0.5,0.0,0.98
8542106,5,0.8,16775.0,0.7210682492581603
8542106,3,0.7211538461538461,0.0,0.9243697478991597
8542106,1,0.7708333333333334,419422.0,0.7815533980582524
8542106,2,0.7558139534883721,21908.0,0.39185393258426965
8552051,7,0.6875,0.0,0.75
8552051,1,0.6753246753246753,38907.0,0.6865671641791045
8552051,6,0.5757575757575758,0.0,0.7412280701754386
8552051,5,0.577247191011236,54571.0,0.4731182795698925
8552051,3,0.6955602536997886,0.0,0.782608695652174
8552051,2,0.6116207951070336,615293091.0,0.6058631921824105
8552051,4,0.635593220338983,0.0,0.6902654867256637
8553799,2,0.5,68687451936.0,0.8842105263157894
8553799,5,0.5789473684210527,21478.0,0.5273224043715847
8554212,1,0.5,25960.0,0.3590836441129462
8554212,3,0.5,0.0,0.6306784660766962
8554212,4,0.375,0.0,0.42857142857142855
8554212,5,0.4,42986.0,0.30579531442663377
8554212,6,0.6666666666666666,0.0,0.2726423902894491
8554212,7,0.6666666666666666,0.0,0.41864951768488745
8554212,2,0.7,43536.0,0.7553956834532374
8557522,5,0.4473684210526316,26188.0,0.7450980392156863
8557771,1,0.5,26631.0,0.3590836441129462
8557771,2,0.5,68687451936.0,0.6418181818181818
8557771,3,1.0,0.0,0.6312684365781711
8557771,4,0.25,0.0,0.47123464770523593
8557771,5,0.0,30530.0,0.30579531442663377
8557771,6,0.0,0.0,0.43137254901960786
8557771,7,0.6666666666666666,0.0,0.41864951768488745
8558315,2,0.7080745341614907,281911.0,0.86
8558315,1,0.7692307692307693,687416725.0,0.8157894736842105
8558315,7,0.6858974358974359,0.0,0.5901639344262295
8558315,4,0.8285714285714286,0.0,0.575
8558315,5,0.6817325800376648,18253.0,0.4657534246575342
8558315,6,0.7047477744807121,0.0,0.8235294117647058
8558315,3,0.7950310559006211,0.0,0.5798816568047337
8560030,2,0.5,68687451936.0,0.6403269754768393
8560030,5,0.42105263157894735,42945.0,0.454
8567217,1,0.5,29954.0,0.3590836441129462
8567217,3,1.0,0.0,0.6312684365781711
8567217,7,0.3333333333333333,0.0,0.6019292604501608
8567217,4,0.55,0.0,0.5873015873015873
8567217,6,0.7142857142857143,0.0,0.6197183098591549
8567217,5,0.6138211382113821,44089.0,0.7213622291021672
8567217,2,0.6934306569343066,45615.0,0.46842105263157896
8576608,5,0.5,9241.0,0.5542168674698795
8576608,1,0.5714285714285714,140113.0,0.697508896797153
8576608,2,0.34210526315789475,26937.0,0.4192708333333333
8576608,3,0.3581395348837209,0.0,0.6417910447761194
8576608,4,0.3556701030927835,0.0,0.725
8576608,7,0.25,0.0,0.7540983606557377
8578103,3,0.5,0.0,0.6306784660766962
8578103,4,0.5,0.0,0.5533290239172592
8578103,5,0.6,16116.0,0.30579531442663377
8578103,6,1.0,0.0,0.828395061728395
8578103,7,1.0,0.0,0.27138263665594853
8605017,1,0.5,24720.0,0.3590836441129462
8605017,2,0.5,68687451936.0,0.6418181818181818
8605017,3,0.5,0.0,0.1687315634218289
8605017,4,0.375,0.0,0.5533290239172592
8605017,5,0.2,20508.0,0.30579531442663377
8605017,6,0.6666666666666666,0.0,0.42663378545006164
8605017,7,0.3333333333333333,0.0,0.490032154340836
8607593,1,0.5,23759.0,0.3590836441129462
8607593,2,0.5,68687451936.0,0.6418181818181818
8607593,3,0.0,0.0,0.6312684365781711
8607593,4,0.25,0.0,0.42857142857142855
8607593,5,0.2,13531.0,0.30579531442663377
8607593,6,0.0,0.0,0.2726423902894491
8607593,7,0.3333333333333333,0.0,0.27138263665594853
8608011,1,1.0,574053.0,0.3590836441129462
8608011,2,0.5,68687451936.0,0.6418181818181818
8608011,3,1.0,0.0,0.1687315634218289
8608011,4,0.625,0.0,0.5533290239172592
8608011,6,0.6666666666666666,0.0,0.43137254901960786
8608011,7,0.0,0.0,0.6019292604501608
8608011,5,0.45,826957379.0,0.5663157894736842
8608676,5,0.5,11795.0,0.4186046511627907
8608676,2,0.5555555555555556,21237.0,0.7605633802816901
8609089,1,0.5,37981.0,0.3590836441129462
8609089,2,0.5,68687451936.0,0.6418181818181818
8609089,3,1.0,0.0,0.1687315634218289
8609089,4,0.125,0.0,0.5533290239172592
8609089,5,0.6,28075.0,0.30579531442663377
8609089,6,0.3333333333333333,0.0,0.47619047619047616
8609089,7,0.6666666666666666,0.0,0.490032154340836
8621535,5,0.5,31200.0,0.24855491329479767
8621535,6,0.6842105263157895,0.0,0.56
8622776,2,0.5,126179.0,0.6524590163934426
8622776,5,0.5263157894736842,52751.0,0.196763202725724
8622776,6,0.4666666666666667,0.0,0.615
8622776,1,0.6666666666666666,33879.0,0.9152542372881356
8622776,3,0.7142857142857143,0.0,0.7547169811320755
8622776,4,0.5714285714285714,0.0,0.7890295358649789
8636912,2,0.0,42466.0,0.6926406926406926
8636912,5,0.375,12976.0,0.4362017804154303
8636912,1,0.2857142857142857,35793.0,0.9696969696969697
8638822,2,0.7058823529411765,61392.0,0.6691176470588235
8638822,4,0.9,0.0,0.9084967320261438
8638822,3,0.9090909090909091,0.0,0.6470588235294118
8638822,1,0.8333333333333334,73594.0,0.7914691943127962
8638822,6,0.6956521739130435,0.0,0.8105726872246696
8638822,5,0.5625,124787.0,0.5473684210526316
8640767,1,0.8,83000.0,0.3608490566037736
8640767,3,0.75,0.0,0.9107142857142857
8640767,4,0.75,0.0,0.6481481481481481
8640767,5,0.46153846153846156,72449.0,0.5454545454545454
8640767,2,0.2777777777777778,41403.0,0.7845433255269321
8640767,6,0.5,0.0,0.6028985507246377
8660939,1,0.5,26640.0,0.3590836441129462
8660939,3,0.5,0.0,0.6312684365781711
8660939,4,0.125,0.0,0.42857142857142855
8660939,6,0.0,0.0,0.828395061728395
8660939,7,0.6666666666666666,0.0,0.41864951768488745
8660939,2,0.6,22768.0,0.7272727272727273
8660939,5,0.4375,58305.0,0.6234309623430963
8672332,1,1.0,28615.0,0.3590836441129462
8672332,2,0.5,68687451936.0,0.6418181818181818
8672332,3,0.5,0.0,0.1687315634218289
8672332,4,0.625,0.0,0.42857142857142855
8672332,6,0.6666666666666666,0.0,0.6185185185185185
8672332,7,1.0,0.0,0.27138263665594853
8672332,5,0.25,17056.0,0.5897435897435898
8674444,2,0.5,68687451936.0,0.8526315789473684
8674444,1,0.0,149533.0,0.6385542168674698
8674444,5,0.6162790697674418,21885.0,0.7719298245614035
8685114,1,1.0,42658.0,0.3590836441129462
8685114,2,0.5,68687451936.0,0.6418181818181818
8685114,3,0.5,0.0,0.6306784660766962
8685114,4,0.625,0.0,0.42857142857142855
8685114,5,0.2,33222.0,0.30579531442663377
8685114,6,1.0,0.0,0.4580246913580247
8685114,7,0.6666666666666666,0.0,0.490032154340836
8693522,2,0.7,30186.0,0.6086956521739131
8693522,5,0.6666666666666666,41752.0,0.5416666666666666
8709740,1,0.5,25653.0,0.3590836441129462
8709740,2,0.5,68687451936.0,0.6418181818181818
8709740,3,1.0,0.0,0.1687315634218289
8709740,4,0.25,0.0,0.47123464770523593
8709740,5,0.6,21196.0,0.30579531442663377
8709740,6,0.3333333333333333,0.0,0.6451914098972923
8709740,7,0.3333333333333333,0.0,0.6019292604501608
8718272,1,0.7575757575757576,63050.0,1.0
8718272,2,0.6101694915254238,49991.0,0.95
8718272,3,0.8461538461538461,0.0,0.6521739130434783
8718272,4,0.7714285714285715,0.0,0.6666666666666666
8718272,6,0.7816091954022989,0.0,0.36666666666666664
8718272,7,0.7142857142857143,0.0,0.3
8718272,5,0.7878787878787878,44258.0,0.5714285714285714
8723283,2,0.23076923076923078,49025.0,0.5777777777777777
8723283,1,0.18181818181818182,59013.0,0.35410764872521244
8723283,6,0.5714285714285714,0.0,0.625
8723283,5,0.3939393939393939,78045.0,0.46296296296296297
8726445,1,0.5,66331.0,0.3590836441129462
8726445,3,0.0,0.0,0.6312684365781711
8726445,4,0.0,0.0,0.2764811490125673
8726445,2,0.5,20894.0,0.7611111111111111
8726445,5,0.6,24010.0,0.7286821705426356
8730803,5,0.4444444444444444,9533.0,0.4652777777777778
8730803,2,0.5714285714285714,22578.0,0.8774617067833698
8735205,1,0.5,25330.0,0.3590836441129462
8735205,3,0.0,0.0,0.1687315634218289
8735205,4,0.125,0.0,0.47123464770523593
8735205,5,0.2,29211.0,0.30579531442663377
8735205,6,0.3333333333333333,0.0,0.2726423902894491
8735205,7,0.0,0.0,0.6019292604501608
8735205,2,0.4,54501.0,0.8143712574850299
8740140,3,0.0,0.0,0.6312684365781711
8740140,4,0.0,0.0,0.42857142857142855
8740140,6,0.0,0.0,0.828395061728395
8740140,7,0.3333333333333333,0.0,0.490032154340836
8740140,1,0.5714285714285714,38924.0,0.9605263157894737
8740140,5,0.5454545454545454,177715.0,0.7647058823529411
8740140,2,0.5238095238095238,27172.0,0.7152542372881356
8742163,6,0.6666666666666666,0.0,0.43137254901960786
8742163,7,0.6666666666666666,0.0,0.41864951768488745
8742163,1,0.90625,31128.0,0.8705882352941177
8742163,3,0.8076923076923077,0.0,0.6956521739130435
8742163,4,0.45454545454545453,0.0,0.6808510638297872
8742163,2,0.8064516129032258,31434.0,0.83
8742163,5,0.7732793522267206,16672.0,0.5551601423487544
8743136,2,0.391304347826087,3463613.0,0.6330935251798561
8743136,4,0.4482758620689655,0.0,0.2571428571428571
8743136,3,0.25,0.0,0.5864661654135338
8743136,5,0.6041666666666666,196676.0,0.6363636363636364
8743136,6,0.6956521739130435,0.0,0.8253968253968254
8745203,1,1.0,25062.0,0.3590836441129462
8745203,2,0.5,68687451936.0,0.6418181818181818
8745203,3,0.5,0.0,0.6306784660766962
8745203,4,0.375,0.0,0.5533290239172592
8745203,6,0.6666666666666666,0.0,0.42663378545006164
8745203,7,0.6666666666666666,0.0,0.490032154340836
8745203,5,0.5764705882352941,70274.0,0.58
8745687,5,0.4,25423.0,0.7428571428571429
8745687,2,1.0,26564.0,0.6388888888888888
8751247,1,0.5,27711.0,0.3590836441129462
8751247,2,0.5,68687451936.0,0.6418181818181818
8751247,3,0.5,0.0,0.6306784660766962
8751247,4,0.0,0.0,0.47123464770523593
8751247,5,0.2,25281.0,0.30579531442663377
8751247,6,0.6666666666666666,0.0,0.43137254901960786
8751247,7,0.6666666666666666,0.0,0.27138263665594853
8760124,5,0.7368421052631579,20687.0,0.3333333333333333
8760124,2,0.9,22616.0,0.6457627118644068
8772298,1,0.5,22853.0,0.3590836441129462
8772298,2,0.5,68687451936.0,0.6418181818181818
8772298,3,0.5,0.0,0.6306784660766962
8772298,4,0.25,0.0,0.5533290239172592
8772298,5,0.2,37060.0,0.30579531442663377
8772298,6,0.6666666666666666,0.0,0.43137254901960786
8772298,7,0.0,0.0,0.6019292604501608
8772864,5,0.16666666666666666,21333.0,0.8235294117647058
8772864,2,0.5217391304347826,29396.0,0.9649122807017544
8773358,1,1.0,23946.0,0.3590836441129462
8773358,2,0.5,68687451936.0,0.6418181818181818
8773358,3,1.0,0.0,0.6312684365781711
8773358,4,0.375,0.0,0.47123464770523593
8773358,5,0.8,11857.0,0.30579531442663377
8773358,6,0.3333333333333333,0.0,0.6451914098972923
8773358,7,0.3333333333333333,0.0,0.41864951768488745
8785152,1,0.0,23002.0,0.3590836441129462
8785152,2,0.5,68687451936.0,0.6418181818181818
8785152,3,0.0,0.0,0.6306784660766962
8785152,4,0.125,0.0,0.42857142857142855
8785152,5,0.4,24198.0,0.30579531442663377
8785152,6,1.0,0.0,0.43137254901960786
8785152,7,0.6666666666666666,0.0,0.6019292604501608
8785619,1,0.5,32811.0,0.3590836441129462
8785619,2,0.5,68687451936.0,0.6418181818181818
8785619,3,1.0,0.0,0.1687315634218289
8785619,4,0.125,0.0,0.47123464770523593
8785619,5,0.2,40538.0,0.30579531442663377
8785619,6,0.3333333333333333,0.0,0.4580246913580247
8785619,7,0.0,0.0,0.27138263665594853
8786105,1,0.5,28844.0,0.3590836441129462
8786105,3,0.5,0.0,0.6306784660766962
8786105,4,0.25,0.0,0.5533290239172592
8786105,6,0.7368421052631579,0.0,0.7721518987341772
8786105,7,0.6666666666666666,0.0,0.7604166666666666
8786105,5,0.8181818181818182,66476.0,0.2636363636363636
8786105,2,0.7894736842105263,39118.0,0.7645985401459854
8792783,1,1.0,18331.0,0.3590836441129462
8792783,2,0.5,68687451936.0,0.6418181818181818
8792783,3,0.0,0.0,0.6306784660766962
8792783,4,0.25,0.0,0.47123464770523593
8792783,5,0.2,12110.0,0.30579531442663377
8792783,6,0.6666666666666666,0.0,0.4580246913580247
8792783,7,0.0,0.0,0.41864951768488745
8793422,1,0.5,23142.0,0.3590836441129462
8793422,3,0.5,0.0,0.6312684365781711
8793422,4,0.25,0.0,0.42857142857142855
8793422,5,0.4,14821.0,0.30579531442663377
8793422,6,0.0,0.0,0.47619047619047616
8793422,7,0.3333333333333333,0.0,0.41864951768488745
8793422,2,0.0,200259992.0,0.8140495867768595
8793940,1,0.75,41838.0,0.7896440129449838
8793940,2,0.8181818181818182,42299.0,0.7978723404255319
8793940,3,1.0,0.0,0.5844155844155844
8793940,5,0.5,192258.0,0.5811320754716981
8795246,1,0.6956521739130435,34621.0,0.8412698412698413
8795246,2,0.7222222222222222,53447.0,0.7925531914893617
8795246,3,0.7647058823529411,0.0,0.6567164179104478
8795246,5,0.675,41552662.0,0.5950413223140496
8807973,1,0.5,68687451936.0,0.4031620553359684
8807973,2,0.6944444444444444,29712.0,0.46842105263157896
8807973,5,0.4716981132075472,41764.0,0.4266666666666667
8808883,1,0.8125,31514.0,0.9291338582677166
8808883,7,0.6289592760180995,0.0,0.5
8808883,3,0.6737400530503979,0.0,0.9230769230769231
8808883,4,0.6542553191489362,0.0,0.3684210526315789
8808883,2,0.7125220458553791,51847.0,0.7436708860759493
8808883,6,0.7084870848708487,0.0,0.5423728813559322
8808883,5,0.6896046852122987,57967.0,0.45
8843234,3,0.5,0.0,0.6312684365781711
8843234,6,0.6666666666666666,0.0,0.42663378545006164
8843234,7,0.6666666666666666,0.0,0.490032154340836
8843234,4,0.7272727272727273,0.0,0.2770795930580491
8843234,1,0.75,38027.0,0.634703196347032
8843234,5,0.7070815450643777,47129.0,0.5935828877005348
8843234,2,0.7996870109546166,39630.0,0.8518518518518519
8844531,1,1.0,25653.0,0.5608108108108109
8844531,2,0.6666666666666666,68692.0,0.6710526315789473
8844531,5,0.8076923076923077,55067.0,0.3181818181818182
8849510,1,0.5,22604.0,0.3590836441129462
8849510,2,0.5,68687451936.0,0.6418181818181818
8849510,3,0.0,0.0,0.6306784660766962
8849510,4,0.25,0.0,0.47123464770523593
8849510,6,0.3333333333333333,0.0,0.2726423902894491
8849510,7,0.6666666666666666,0.0,0.41864951768488745
8849510,5,0.4,10669.0,0.5663157894736842
8852071,1,1.0,26088.0,0.3590836441129462
8852071,3,0.5,0.0,0.6306784660766962
8852071,4,0.625,0.0,0.47123464770523593
8852071,6,0.6666666666666666,0.0,0.4580246913580247
8852071,7,0.6666666666666666,0.0,0.27138263665594853
8852071,5,0.6,20509.0,0.196763202725724
8852071,2,0.9,24009.0,0.3339130434782609
8855664,7,0.6666666666666666,0.0,0.8235294117647058
8855664,2,0.6578947368421053,44856.0,0.7239669421487603
8855664,6,0.5714285714285714,0.0,0.7098445595854922
8855664,3,0.6428571428571429,0.0,0.4358974358974359
8855664,5,0.43317972350230416,45465.0,0.45787545787545786
8858084,1,0.82,35544.0,0.9491525423728814
8858084,3,0.6,0.0,0.7794117647058824
8858084,4,0.375,0.0,0.6640625
8858084,2,0.8095238095238095,51532.0,0.8649921507064364
8858084,6,0.8571428571428571,0.0,0.5032258064516129
8858084,7,0.75,0.0,0.5370370370370371
8858084,5,0.6692913385826772,21199.0,0.9
8859766,5,0.7619047619047619,45788.0,0.36879432624113473
8881384,3,0.5,0.0,0.6312684365781711
8881384,4,0.0,0.0,0.47123464770523593
8881384,5,0.0,35017.0,0.30579531442663377
8881384,6,0.3333333333333333,0.0,0.47619047619047616
8881384,7,0.0,0.0,0.41864951768488745
8881384,2,0.8,43189.0,0.8905109489051095
8881384,1,0.8461538461538461,31753.0,0.9120879120879121
8886198,5,0.6666666666666666,52597.0,0.2730496453900709
8886198,1,0.6,59941.0,0.8109452736318408
8886198,2,0.5,36103.0,0.6457627118644068
8887699,2,0.7428571428571429,31734.0,0.6877470355731226
8887699,5,0.65,21290.0,1.0
8890087,2,0.8333333333333334,43401.0,0.7556818181818182
8890087,5,0.6923076923076923,50700.0,0.5096153846153846
8890834,2,0.5,68687451936.0,0.6802030456852792
8890834,5,0.1111111111111111,50288.0,0.627906976744186
8897598,1,0.0,31893.0,0.3590836441129462
8897598,2,0.5,68687451936.0,0.6418181818181818
8897598,3,0.5,0.0,0.1687315634218289
8897598,4,0.125,0.0,0.42857142857142855
8897598,6,0.6666666666666666,0.0,0.6185185185185185
8897598,7,0.3333333333333333,0.0,0.27138263665594853
8897598,5,0.56,29608.0,0.7635135135135135
8899022,2,0.5,68687451936.0,0.7358490566037735
8899022,5,0.08333333333333333,264554.0,0.4874551971326165
8899022,6,0.6666666666666666,0.0,0.8415492957746479
8905850,5,0.25,25352.0,0.4
8905850,2,0.7272727272727273,21955.0,0.7433628318584071
8914051,5,0.6666666666666666,46148.0,0.2
8921382,5,0.2777777777777778,24494.0,0.625
8925282,6,0.8666666666666667,0.0,0.5
8925282,7,0.3333333333333333,0.0,0.631578947368421
8925282,1,0.7575757575757576,29744.0,0.9074074074074074
8925282,5,0.6885245901639344,175369.0,0.6428571428571429
8925282,3,0.6125,0.0,0.5571428571428572
8925282,4,0.6216216216216216,0.0,0.5294117647058824
8925282,2,0.7737226277372263,47921.0,0.7
8929029,1,1.0,25205.0,0.3590836441129462
8929029,2,0.5,68687451936.0,0.6418181818181818
8929029,3,0.5,0.0,0.6312684365781711
8929029,4,0.375,0.0,0.42857142857142855
8929029,6,0.6666666666666666,0.0,0.42663378545006164
8929029,7,0.6666666666666666,0.0,0.27138263665594853
8929029,5,0.6285714285714286,66753.0,0.511520737327189
8946628,1,0.6896551724137931,46413.0,0.7894736842105263
8946628,3,0.6,0.0,0.47674418604651164
8946628,2,0.5757575757575758,34186.0,0.6457627118644068
8946628,5,0.4470588235294118,46695.0,0.2988505747126437
8947706,1,0.5,4003.0,0.3590836441129462
8947706,2,0.5,68687451936.0,0.6418181818181818
8947706,3,0.0,0.0,0.1687315634218289
8947706,4,0.125,0.0,0.42857142857142855
8947706,5,0.4,5229.0,0.30579531442663377
8947706,6,0.0,0.0,0.47619047619047616
8947706,7,0.3333333333333333,0.0,0.6019292604501608
8950985,2,0.6944444444444444,69755.0,0.7195652173913043
8950985,5,0.6341463414634146,70222.0,0.4090909090909091
8952710,3,0.8285714285714286,0.0,0.9807692307692307
8952710,1,0.6428571428571429,1463457.0,0.5962059620596206
8952710,2,0.8275862068965517,149439.0,0.896
8952710,5,0.6131147540983607,28599.0,0.5915492957746479
8953501,2,0.6666666666666666,77983.0,0.8650793650793651
8953501,1,0.7692307692307693,66269.0,0.7469879518072289
8953501,5,0.43333333333333335,29989.0,0.6060606060606061
8955839,5,0.2222222222222222,51850.0,0.634453781512605
8968814,1,0.5,68687451936.0,0.6513761467889908
8968814,2,0.625,46847.0,0.7962264150943397
8968814,5,0.5,29745.0,0.5576923076923077
8986308,1,0.5,25517.0,0.3590836441129462
8986308,2,0.5,68687451936.0,0.6418181818181818
8986308,3,0.0,0.0,0.1687315634218289
8986308,4,0.125,0.0,0.47123464770523593
8986308,5,0.2,49021.0,0.30579531442663377
8986308,6,0.6666666666666666,0.0,0.2726423902894491
8986308,7,0.6666666666666666,0.0,0.27138263665594853
8987249,2,0.5,23081.0,0.7435897435897436
8987249,5,0.5384615384615384,22455.0,0.6659877800407332
8994317,2,0.7352941176470589,26276.0,0.7217391304347827
8994317,1,0.6886792452830188,25680.0,0.7717391304347826
8994317,4,0.6896551724137931,0.0,0.9795918367346939
8994317,3,0.6521739130434783,0.0,1.0
8994317,5,0.656441717791411,36404.0,0.4444444444444444
8994317,6,0.6666666666666666,0.0,0.5925925925925926
8997511,1,0.5,20108.0,0.3590836441129462
8997511,2,0.5,68687451936.0,0.6418181818181818
8997511,3,0.0,0.0,0.6306784660766962
8997511,4,0.25,0.0,0.5533290239172592
8997511,6,0.3333333333333333,0.0,0.47619047619047616
8997511,7,0.3333333333333333,0.0,0.41864951768488745
8997511,5,0.4666666666666667,52487.0,0.7352941176470589
8997668,1,0.8666666666666667,40997.0,0.6927083333333334
8997668,7,0.6666666666666666,0.0,0.5789473684210527
8997668,4,0.8043478260869565,0.0,0.9696969696969697
8997668,3,0.8297872340425532,0.0,0.6415094339622641
8997668,5,0.6568627450980392,51380.0,0.5576923076923077
8997668,6,0.7117834394904459,0.0,0.3392857142857143
8997668,2,0.7225806451612903,37817.0,0.78125
9004027,5,0.5833333333333334,37376.0,0.5416666666666666
9004027,2,0.6851851851851852,506371.0,0.6728395061728395
9005930,1,0.5,68687451936.0,0.6688741721854304
9005930,5,0.6,60547.0,0.4652777777777778
9011935,7,0.6440677966101694,0.0,0.6772151898734177
9011935,3,0.6963350785340314,0.0,0.6385542168674698
9011935,6,0.6776649746192893,0.0,0.746606334841629
9011935,2,0.8,23498.0,0.8120300751879699
9011935,4,0.7064220183486238,0.0,0.6974789915966386
9011935,1,0.7831325301204819,31079.0,0.7582417582417582
9011935,5,0.6933962264150944,44791.0,0.49230769230769234
9012243,2,0.5,68687451936.0,0.6814814814814815
9012243,1,0.0,96401.0,0.569620253164557
9012243,7,0.5,0.0,0.7971014492753623
9012243,6,0.7142857142857143,0.0,0.6295081967213115
9012243,5,0.625,79510.0,0.680365296803653
9018278,1,0.5,68687451936.0,0.8131868131868132
9018278,5,0.45714285714285713,30772.0,0.8367346938775511
9019929,1,0.5,32458.0,0.3590836441129462
9019929,2,0.5,68687451936.0,0.6418181818181818
9019929,3,0.5,0.0,0.6312684365781711
9019929,4,0.5,0.0,0.42857142857142855
9019929,5,0.2,25310.0,0.30579531442663377
9019929,6,0.6666666666666666,0.0,0.42663378545006164
9019929,7,0.6666666666666666,0.0,0.6019292604501608
9020377,5,0.5,27870.0,0.20149253731343283
9020377,2,0.5555555555555556,21767.0,0.8774617067833698
9020526,1,0.5,68687451936.0,0.8132427843803056
9020526,2,0.45454545454545453,22024.0,0.7962264150943397
9020526,5,0.3559322033898305,8881.0,0.5454545454545454
9039030,3,0.8181818181818182,0.0,0.8109756097560976
9039030,2,0.7586206896551724,44084169.0,0.660377358490566
9039030,5,0.2631578947368421,1296163955.0,0.7870370370370371
9043901,2,0.7954545454545454,34670.0,0.4612546125461255
9043901,3,0.7241379310344828,0.0,0.6312684365781711
9043901,1,0.7777777777777778,28212.0,0.35410764872521244
9046102,5,0.6581196581196581,29917.0,0.6078431372549019
9046102,2,0.6428571428571429,27551.0,0.9103448275862069
9047220,2,0.5833333333333334,24996.0,0.5105740181268882
9047220,5,0.5555555555555556,72756.0,0.625
9047380,5,0.6631578947368421,26689.0,0.43333333333333335
9047380,6,0.5522388059701493,0.0,0.8670886075949367
9047380,4,0.6923076923076923,0.0,1.0
9047380,3,0.6162790697674418,0.0,0.5633802816901409
9047380,7,0.6739130434782609,0.0,0.85
9047380,1,0.6419753086419753,137612.0,0.6736842105263158
9047380,2,0.616822429906542,149710.0,0.5981308411214953
9052984,6,0.49019607843137253,0.0,0.4358974358974359
9052984,4,0.4090909090909091,0.0,0.3008849557522124
9052984,1,0.5217391304347826,65337.0,0.5466666666666666
9052984,2,0.6944444444444444,34651.0,0.6
9052984,5,0.29545454545454547,69532.0,0.4484304932735426
9052984,3,0.3697478991596639,0.0,0.2556390977443609
9052984,7,0.4174757281553398,0.0,0.8148148148148148
9063293,7,0.8208695652173913,0.0,0.8431372549019608
9063293,1,0.7435897435897436,50547.0,0.7050359712230215
9063293,3,0.8109452736318408,0.0,0.925531914893617
9063293,4,0.8092345078979344,0.0,0.64
9063293,5,0.6514830508474576,20509.0,0.7297297297297297
9063293,6,0.8114992721979621,0.0,0.68
9063293,2,0.7321428571428571,30024.0,0.21428571428571427
9073283,3,0.5,0.0,0.6306784660766962
9073283,4,0.125,0.0,0.42857142857142855
9073283,6,0.6666666666666666,0.0,0.6185185185185185
9073283,7,0.3333333333333333,0.0,0.6019292604501608
9073283,1,0.8666666666666667,87926.0,0.7837837837837838
9073283,2,0.36363636363636365,40967.0,0.8650793650793651
9073283,5,0.36,41788.0,0.8636363636363636
9075077,5,0.38461538461538464,46837.0,0.612
9075077,2,0.5833333333333334,28805.0,0.6649746192893401
9076204,5,0.35714285714285715,39031.0,0.5018656716417911
9086168,6,0.5714285714285714,0.0,0.6936619718309859
9086168,1,0.85,34508.0,0.44680851063829785
9086168,5,0.38235294117647056,58383.0,0.45161290322580644
9086168,3,0.6206896551724138,0.0,0.8904109589041096
9097620,4,0.7528089887640449,0.0,0.9407894736842105
9097620,7,0.7560975609756098,0.0,0.2077922077922078
9097620,1,0.8301886792452831,4042879296.0,0.759581881533101
9097620,2,0.7816091954022989,25728.0,0.8103448275862069
9097620,3,0.6810344827586207,0.0,0.9459459459459459
9097620,6,0.6991869918699187,0.0,0.6108108108108108
9097620,5,0.6607495069033531,30957.0,0.7446808510638298
9107265,5,0.42105263157894735,126498.0,0.48514851485148514
9110257,1,0.0,25465.0,0.3590836441129462
9110257,2,0.5,68687451936.0,0.6418181818181818
9110257,3,0.5,0.0,0.1687315634218289
9110257,4,0.0,0.0,0.47123464770523593
9110257,5,0.0,65727.0,0.30579531442663377
9110257,6,0.3333333333333333,0.0,0.4580246913580247
9110257,7,0.3333333333333333,0.0,0.27138263665594853
9115560,1,1.0,29214.0,0.3590836441129462
9115560,3,0.5,0.0,0.6312684365781711
9115560,4,0.875,0.0,0.5533290239172592
9115560,6,0.6666666666666666,0.0,0.2726423902894491
9115560,7,0.6666666666666666,0.0,0.27138263665594853
9115560,5,0.6,50313.0,0.6493506493506493
9115560,2,0.75,31140.0,0.7962264150943397
9129314,7,0.6422018348623854,0.0,0.40298507462686567
9129314,6,0.7053406998158379,0.0,0.17777777777777778
9129314,3,0.6382978723404256,0.0,0.6511627906976745
9129314,4,0.7096774193548387,0.0,0.2770795930580491
9129314,1,0.5784313725490197,296275.0,0.5504587155963303
9129314,2,0.5212765957446809,30010.0,0.7027027027027027
9129314,5,0.5278969957081545,60780.0,0.35384615384615387
9131659,2,1.0,18933.0,0.7866666666666666
9131659,5,0.16666666666666666,12782.0,0.6287878787878788
9138316,5,0.6307692307692307,31927.0,0.9322033898305084
9138316,2,0.7171717171717171,96266.0,0.7816593886462883
9143398,2,0.7741935483870968,38032.0,0.7777777777777778
9143398,5,0.5789473684210527,78202.0,0.6649214659685864
9148339,2,0.0,22266.0,0.7441860465116279
9148339,1,0.5,68687451936.0,0.813953488372093
9148339,5,0.46153846153846156,77573.0,0.656084656084656
9150059,7,0.5862068965517241,0.0,0.5882352941176471
9150059,6,0.7,0.0,0.8141025641025641
9150059,1,0.9090909090909091,35214.0,0.8779661016949153
9150059,2,0.9090909090909091,55481.0,0.8814814814814815
9150059,5,0.7353896103896104,61968.0,0.5555555555555556
9150059,4,0.532258064516129,0.0,0.9407894736842105
9150059,3,0.6348547717842323,0.0,1.0
9172123,7,0.7852998065764023,0.0,0.6875
9172123,2,0.7531645569620253,69625.0,0.6587677725118484
9172123,5,0.7495274102079396,83340.0,0.3598326359832636
9172123,4,0.7975543478260869,0.0,0.603448275862069
9172123,1,0.7638888888888888,132229.0,0.697508896797153
9172123,3,0.8091787439613527,0.0,0.84
9172123,6,0.8150943396226416,0.0,0.9333333333333333
9180172,1,0.6666666666666666,27376.0,0.697560975609756
9180172,2,1.0,27811.0,0.8092105263157895
9180172,5,0.5333333333333333,31354.0,0.6792452830188679
9186826,2,0.5454545454545454,26697.0,0.5851063829787234
9186826,3,0.45,0.0,0.9166666666666666
9186826,7,0.6428571428571429,0.0,0.4076923076923077
9186826,4,0.5671641791044776,0.0,0.9084967320261438
9186826,1,0.21739130434782608,38933.0,0.4031620553359684
9186826,5,0.3537117903930131,39053.0,0.409375
9187517,1,0.7272727272727273,61093.0,0.6736842105263158
9187517,2,0.6744186046511628,97868.0,0.6455223880597015
9187517,6,0.7050359712230215,0.0,0.9177215189873418
9187517,7,0.6285714285714286,0.0,0.7272727272727273
9187517,5,0.6304347826086957,3203984254.0,0.7341772151898734
9187517,4,0.8,0.0,0.8620689655172413
9187517,3,0.8571428571428571,0.0,0.8918918918918919
9196706,1,0.0,23665.0,0.3590836441129462
9196706,2,0.5,68687451936.0,0.6418181818181818
9196706,3,0.5,0.0,0.6306784660766962
9196706,4,0.2,0.0,0.23000619962802232
9197269,1,0.0,29808.0,0.3590836441129462
9197269,3,0.0,0.0,0.6306784660766962
9197269,4,0.125,0.0,0.47123464770523593
9197269,5,0.2,25537.0,0.30579531442663377
9197269,6,0.3333333333333333,0.0,0.2726423902894491
9197269,7,0.0,0.0,0.41864951768488745
9197269,2,0.5,53920.0,0.7232142857142857
9199721,1,0.8802395209580839,43913.0,0.7846153846153846
9199721,5,0.7840909090909091,86058.0,0.41509433962264153
9199721,6,0.8666666666666667,0.0,0.5771428571428572
9199721,3,0.888268156424581,0.0,0.7
9199721,2,0.8402366863905325,46861.0,0.5364583333333334
9199721,4,0.8419354838709677,0.0,0.9388888888888889
9199721,7,0.8537549407114624,0.0,0.8260869565217391
9202988,2,0.5,25303.0,0.7534246575342466
9202988,5,0.6875,23551.0,0.688715953307393
9203131,1,0.5,25465.0,0.3590836441129462
9203131,3,0.5,0.0,0.6306784660766962
9203131,4,0.125,0.0,0.5533290239172592
9203131,6,0.3333333333333333,0.0,0.43137254901960786
9203131,7,1.0,0.0,0.41864951768488745
9203131,2,0.6285714285714286,25524.0,0.7608695652173914
9203131,5,0.5294117647058824,20941.0,0.7058823529411765
9205161,2,0.7777777777777778,18157.0,0.8888888888888888
9205161,5,0.5,25088.0,0.5555555555555556
9225749,2,0.64,22062.0,0.8082089552238806
9225749,5,0.6216216216216216,27776.0,0.6906474820143885
9232263,7,0.5555555555555556,0.0,0.7282608695652174
9232263,2,0.527027027027027,35055.0,0.4627450980392157
9232263,3,0.8048780487804879,0.0,0.7122302158273381
9232263,4,0.6233766233766234,0.0,0.4927536231884058
9232263,6,0.6349206349206349,0.0,0.6666666666666666
9232263,1,0.6153846153846154,38792.0,0.565068493150685
9232263,5,0.6059957173447538,406934.0,0.4484304932735426
9232554,1,0.5,68687451936.0,0.5608108108108109
9232554,5,0.5263157894736842,37540.0,0.2636363636363636
9232554,2,0.6363636363636364,18086.0,0.4267515923566879
9235724,1,0.5,68687451936.0,0.37637362637362637
9235724,2,0.7,24812.0,0.7107750472589792
9235724,5,0.7857142857142857,27329.0,0.4851063829787234
9236751,1,0.5,25837.0,0.3590836441129462
9236751,2,0.5,68687451936.0,0.6418181818181818
9236751,3,0.0,0.0,0.6306784660766962
9236751,4,0.25,0.0,0.47123464770523593
9236751,5,0.3333333333333333,20183.0,0.2920137187653111
9238899,1,1.0,27475.0,0.3590836441129462
9238899,2,0.5,68687451936.0,0.6418181818181818
9238899,3,0.5,0.0,0.6306784660766962
9238899,4,0.625,0.0,0.47123464770523593
9238899,6,0.6666666666666666,0.0,0.42663378545006164
9238899,7,0.6666666666666666,0.0,0.41864951768488745
9238899,5,0.4,22681.0,0.4282608695652174
9245248,5,0.8333333333333334,24362.0,0.5620915032679739
9245248,1,1.0,31219.0,0.7177033492822966
9245248,4,0.8,0.0,0.4444444444444444
9245248,2,0.8181818181818182,27837.0,0.6403785488958991
9248736,1,1.0,1909975086.0,0.3590836441129462
9248736,5,0.5,11345.0,0.47058823529411764
9248736,2,0.3333333333333333,20092.0,0.5607814761215629
9252632,2,0.7,28951.0,0.6655231560891939
9252632,5,0.59,27902.0,0.6906474820143885
9262304,2,0.7619047619047619,33171.0,0.7962264150943397
9262304,5,0.6363636363636364,119120.0,0.4419753086419753
9262304,4,0.5,0.0,0.3700440528634361
9269167,1,0.5,24288.0,0.3590836441129462
9269167,2,0.5,68687451936.0,0.6418181818181818
9269167,3,0.5,0.0,0.6306784660766962
9269167,4,0.75,0.0,0.42857142857142855
9269167,5,0.2,12973.0,0.30579531442663377
9269167,6,0.3333333333333333,0.0,0.2726423902894491
9269167,7,1.0,0.0,0.6019292604501608
9280730,2,0.5,68687451936.0,0.8125
9280730,5,0.5882352941176471,50760.0,0.36042402826855124
9293178,1,0.5,24187.0,0.3590836441129462
9293178,2,0.5,68687451936.0,0.6418181818181818
9293178,3,0.0,0.0,0.6312684365781711
9293178,4,0.125,0.0,0.5533290239172592
9293178,6,1.0,0.0,0.47619047619047616
9293178,7,0.3333333333333333,0.0,0.41864951768488745
9293178,5,0.5272727272727272,27979.0,0.8433734939759037
9295594,1,0.5,68687451936.0,0.9701492537313433
9295594,2,0.9166666666666666,53361.0,0.821917808219178
9295594,5,0.6153846153846154,48884.0,0.6407766990291263
9296190,1,1.0,24521.0,0.3590836441129462
9296190,2,0.5,68687451936.0,0.6418181818181818
9296190,3,1.0,0.0,0.1687315634218289
9296190,4,0.5,0.0,0.5533290239172592
9296190,5,0.4,28347.0,0.30579531442663377
9296190,6,1.0,0.0,0.42663378545006164
9296190,7,0.3333333333333333,0.0,0.41864951768488745
9302710,2,0.7777777777777778,28389.0,0.7697841726618705
9302710,5,0.4444444444444444,31825.0,0.4117647058823529
9309082,4,0.7142857142857143,0.0,0.4857142857142857
9309082,3,0.8461538461538461,0.0,0.7380952380952381
9309082,1,0.801980198019802,53338.0,0.7976190476190477
9309082,7,0.8431372549019608,0.0,0.550561797752809
9309082,2,0.72,521053575.0,0.6140350877192983
9309082,6,0.793002915451895,0.0,0.46153846153846156
9309082,5,0.6306306306306306,4163916326.0,0.5150375939849624
9309671,5,0.4827586206896552,21704.0,0.3073286052009456
9312883,2,0.6744186046511628,32717.0,0.6857142857142857
9312883,5,0.6578947368421053,39454.0,0.5405405405405406
9322570,1,0.5,25980.0,0.3590836441129462
9322570,2,0.5,68687451936.0,0.6418181818181818
9322570,4,0.125,0.0,0.42857142857142855
9322570,7,0.0,0.0,0.27138263665594853
9322570,3,0.5773195876288659,0.0,0.8544303797468354
9322570,6,0.2857142857142857,0.0,0.8865248226950354
9322570,5,0.5925925925925926,19380.0,0.41304347826086957
9322612,1,1.0,28594.0,0.3590836441129462
9322612,3,1.0,0.0,0.1687315634218289
9322612,4,0.5,0.0,0.5533290239172592
9322612,6,1.0,0.0,0.4580246913580247
9322612,7,0.6666666666666666,0.0,0.27138263665594853
9322612,2,0.86,13898.0,0.7962962962962963
9322612,5,0.6557377049180327,11795.0,0.5970149253731343
9326082,1,0.6551724137931034,3505.0,0.3608490566037736
9328262,1,1.0,24013.0,0.3590836441129462
9328262,2,0.5,68687451936.0,0.6418181818181818
9328262,3,0.0,0.0,0.6312684365781711
9328262,4,0.125,0.0,0.5533290239172592
9328262,5,0.4,47048.0,0.30579531442663377
9328262,6,0.6666666666666666,0.0,0.4580246913580247
9328262,7,0.6666666666666666,0.0,0.6019292604501608
9335227,1,0.7142857142857143,57085.0,0.5608108108108109
9335227,6,0.631578947368421,0.0,0.555
9335227,4,0.5714285714285714,0.0,0.40707964601769914
9335227,2,0.7435897435897436,47496.0,0.8691588785046729
9335227,5,0.6768060836501901,56092.0,0.6464646464646465
9339691,1,1.0,22997.0,0.3590836441129462
9339691,2,0.5,68687451936.0,0.6418181818181818
9339691,3,0.5,0.0,0.6312684365781711
9339691,4,0.25,0.0,0.47123464770523593
9339691,5,0.4,43045.0,0.30579531442663377
9339691,6,0.6666666666666666,0.0,0.43137254901960786
9339691,7,0.6666666666666666,0.0,0.41864951768488745
9339963,7,0.85,0.0,0.8333333333333334
9339963,6,0.727810650887574,0.0,0.8695652173913043
9339963,1,0.8559782608695652,37313.0,0.8157894736842105
9339963,3,0.895,0.0,0.8695652173913043
9339963,4,0.7789473684210526,0.0,0.926829268292683
9339963,2,0.723196881091618,23416.0,0.7777777777777778
9339963,5,0.6287988422575976,19265.0,0.6777777777777778
9340451,1,0.5,68687451936.0,0.8676470588235294
9340451,2,0.5,68687451936.0,0.8783783783783784
9340451,5,0.7142857142857143,24221.0,0.7272727272727273
9344390,1,1.0,32413.0,0.3590836441129462
9344390,2,0.5,68687451936.0,0.6418181818181818
9344390,3,1.0,0.0,0.1687315634218289
9344390,4,0.375,0.0,0.47123464770523593
9344390,6,0.3333333333333333,0.0,0.43137254901960786
9344390,7,0.3333333333333333,0.0,0.6019292604501608
9344390,5,0.0,27939.0,0.6611295681063123
9346084,4,0.8089887640449438,0.0,0.48
9346084,6,0.8169014084507042,0.0,0.4702702702702703
9346084,2,0.8214285714285714,361474494.0,0.6461538461538462
9346084,1,0.8205128205128205,25746.0,0.6625
9346084,7,0.71875,0.0,0.8905109489051095
9346084,3,0.8117647058823529,0.0,0.7727272727272727
9346084,5,0.5972789115646259,54551.0,0.5181159420289855
9346754,1,0.5,27344.0,0.3590836441129462
9346754,2,0.5,68687451936.0,0.6418181818181818
9346754,3,0.0,0.0,0.6306784660766962
9346754,4,0.375,0.0,0.42857142857142855
9346754,5,0.6,4161.0,0.30579531442663377
9346754,6,0.0,0.0,0.47619047619047616
9346754,7,0.3333333333333333,0.0,0.6019292604501608
9350392,5,0.7101449275362319,40082.0,0.664804469273743
9350392,2,0.7272727272727273,88889.0,0.875
9355839,5,0.6666666666666666,8303.0,0.5454545454545454
9355839,2,0.5555555555555556,23250.0,0.7745454545454545
9356823,1,0.7647058823529411,28445.0,0.8311688311688312
9356823,3,0.0,0.0,0.6312684365781711
9356823,4,0.125,0.0,0.47123464770523593
9356823,6,0.0,0.0,0.6779661016949152
9356823,7,0.0,0.0,0.27138263665594853
9356823,5,0.49117647058823527,26266.0,0.7727272727272727
9356823,2,0.6835443037974683,21499.0,0.9008264462809917
9357427,1,0.5,23012.0,0.3590836441129462
9357427,2,0.5,68687451936.0,0.6418181818181818
9357427,3,0.5,0.0,0.1687315634218289
9357427,4,0.25,0.0,0.47123464770523593
9357427,5,0.0,29271.0,0.30579531442663377
9357427,6,0.3333333333333333,0.0,0.2726423902894491
9357427,7,0.0,0.0,0.41864951768488745
9361346,1,0.5,24014.0,0.3590836441129462
9361346,3,1.0,0.0,0.1687315634218289
9361346,4,0.375,0.0,0.47123464770523593
9361346,6,0.3333333333333333,0.0,0.2726423902894491
9361346,7,0.0,0.0,0.6019292604501608
9361346,2,0.6,36034.0,0.7645985401459854
9361346,5,0.4358974358974359,43989.0,0.37209302325581395
9361535,1,1.0,31536.0,0.3590836441129462
9361535,2,0.5,68687451936.0,0.6418181818181818
9361535,3,0.5,0.0,0.1687315634218289
9361535,4,0.625,0.0,0.47123464770523593
9361535,6,1.0,0.0,0.828395061728395
9361535,7,0.6666666666666666,0.0,0.41864951768488745
9361535,5,0.5333333333333333,32872.0,0.782608695652174
9361644,5,0.5714285714285714,12526.0,0.8416666666666667
9361644,2,0.7777777777777778,25084.0,0.8207547169811321
9363202,1,1.0,22502.0,0.3590836441129462
9363202,2,0.5,68687451936.0,0.6418181818181818
9363202,3,1.0,0.0,0.1687315634218289
9363202,4,0.0,0.0,0.5533290239172592
9363202,5,0.2,20992.0,0.30579531442663377
9363202,6,0.3333333333333333,0.0,0.6185185185185185
9363202,7,0.0,0.0,0.41864951768488745
9366533,2,0.8421052631578947,28650.0,0.8774617067833698
9366533,1,0.42857142857142855,32114.0,0.7183098591549296
9366533,5,0.594059405940594,403986.0,0.6785714285714286
9366533,6,0.696969696969697,0.0,0.7411167512690355
9373844,7,0.6666666666666666,0.0,0.41864951768488745
9373844,4,0.6785714285714286,0.0,0.6736842105263158
9373844,6,0.5490196078431373,0.0,0.7708333333333334
9373844,2,0.689922480620155,25027.0,0.7058823529411765
9373844,3,0.725,0.0,0.6176470588235294
9373844,5,0.5675675675675675,16419.0,0.8333333333333334
9373844,1,0.7650273224043715,26038.0,0.8870967741935484
9378193,1,1.0,31444.0,0.3590836441129462
9378193,3,0.5,0.0,0.6306784660766962
9378193,4,0.375,0.0,0.42857142857142855
9378193,6,0.6666666666666666,0.0,0.47619047619047616
9378193,7,0.6666666666666666,0.0,0.41864951768488745
9378193,2,0.8,21711.0,0.7325581395348837
9378193,5,0.6486486486486487,121195.0,0.6486988847583643
9380962,1,0.5,27458.0,0.3590836441129462
9380962,3,1.0,0.0,0.1687315634218289
9380962,4,0.375,0.0,0.42857142857142855
9380962,6,1.0,0.0,0.42663378545006164
9380962,7,0.3333333333333333,0.0,0.27138263665594853
9380962,2,1.0,55039030.0,0.6418181818181818
9380962,5,0.42857142857142855,45733.0,0.2915800415800416
9381037,1,0.0,30247.0,0.3590836441129462
9381037,2,0.5,68687451936.0,0.6418181818181818
9381037,3,0.0,0.0,0.6306784660766962
9381037,4,0.375,0.0,0.47123464770523593
9381037,5,0.0,4429.0,0.30579531442663377
9388809,3,0.5637583892617449,0.0,0.9210526315789473
9388809,4,0.5899280575539568,0.0,0.7142857142857143
9388809,1,0.6374269005847953,42482.0,0.8867924528301887
9388809,6,0.6263157894736842,0.0,0.21370967741935484
9388809,7,0.6225165562913907,0.0,0.8229166666666666
9388809,5,0.6419068736141907,47703.0,0.7887323943661971
9388809,2,0.6246376811594203,6538372333.0,0.7833333333333333
9389788,5,0.5483870967741935,34855.0,0.65625
9389788,2,0.5238095238095238,22159.0,0.8616780045351474
9395908,2,1.0,269768061.0,0.8518518518518519
9395908,1,0.8,25693.0,0.697560975609756
9395908,5,0.16129032258064516,28762.0,0.30666666666666664
9402121,1,0.5,22181.0,0.3590836441129462
9402121,2,0.5,68687451936.0,0.6418181818181818
9402121,3,1.0,0.0,0.1687315634218289
9402121,4,0.5,0.0,0.47123464770523593
9402121,5,0.5,68687451936.0,0.6808510638297872
9404522,6,0.7021276595744681,0.0,0.868421052631579
9404522,4,0.8125,0.0,0.7567567567567568
9404522,2,0.7674418604651163,34127.0,0.4117647058823529
9404522,5,0.6065573770491803,51671.0,0.4486486486486487
9414074,2,1.0,4188583.0,0.6418181818181818
9414074,3,0.2,0.0,0.6306784660766962
9414074,4,0.17647058823529413,0.0,0.5533290239172592
9414074,6,0.2857142857142857,0.0,0.828395061728395
9414074,1,0.4,335806.0,0.8132427843803056
9414074,5,0.2727272727272727,11732.0,0.2920137187653111
9414074,7,0.2857142857142857,0.0,0.27138263665594853
9415448,7,0.7543859649122807,0.0,0.7037037037037037
9415448,5,0.5738831615120275,41528.0,0.6575875486381323
9415448,6,0.7336683417085427,0.0,0.510548523206751
9418512,1,0.7178051511758119,36989.0,0.9423076923076923
9418512,2,0.7361111111111112,39448.0,0.6607142857142857
9418512,3,0.6070381231671554,0.0,0.8113207547169812
9418512,4,0.6171052631578947,0.0,0.92
9418512,5,0.5490825688073394,62425.0,0.5230769230769231
9418512,6,0.4707757704569607,0.0,0.6290322580645161
9418512,7,0.6605995717344754,0.0,0.559322033898305
9425912,1,1.0,31786.0,0.3590836441129462
9425912,3,0.5,0.0,0.6312684365781711
9425912,4,0.5,0.0,0.42857142857142855
9425912,6,0.3333333333333333,0.0,0.43137254901960786
9425912,7,1.0,0.0,0.41864951768488745
9425912,5,0.8,33162.0,0.6739130434782609
9425912,2,0.85,24893.0,0.8774617067833698
9428753,1,0.5,22079.0,0.3590836441129462
9428753,2,0.5,68687451936.0,0.6418181818181818
9428753,3,0.0,0.0,0.1687315634218289
9428753,4,0.0,0.0,0.5533290239172592
9428753,5,0.0,17126.0,0.30579531442663377
9428753,6,0.0,0.0,0.2726423902894491
9428753,7,0.3333333333333333,0.0,0.27138263665594853
9442359,1,0.0,25363.0,0.3590836441129462
9442359,3,1.0,0.0,0.1687315634218289
9442359,4,0.25,0.0,0.42857142857142855
9442359,6,0.6666666666666666,0.0,0.828395061728395
9442359,7,0.3333333333333333,0.0,0.6019292604501608
9442359,2,0.8666666666666667,21042.0,0.896
9442359,5,0.40476190476190477,15480.0,0.4486486486486487
9462971,7,0.6666666666666666,0.0,0.7083333333333334
9462971,1,0.9333333333333333,2933308603.0,0.641399416909621
9462971,2,0.8823529411764706,24527.0,0.8082089552238806
9462971,3,0.8433734939759037,0.0,0.6507936507936508
9462971,4,0.759493670886076,0.0,0.9038461538461539
9462971,6,0.6274509803921569,0.0,0.7120418848167539
9462971,5,0.6312684365781711,53663.0,0.7019867549668874
9471413,5,0.6342182890855457,1075995.0,0.8775510204081632
9471413,2,0.8408408408408409,23818.0,0.42997198879551823
9475496,1,0.5,21262.0,0.3590836441129462
9475496,2,0.5,68687451936.0,0.6418181818181818
9475496,3,0.0,0.0,0.1687315634218289
9475496,4,0.25,0.0,0.5533290239172592
9475496,6,0.3333333333333333,0.0,0.43137254901960786
9475496,7,0.3333333333333333,0.0,0.6019292604501608
9475496,5,0.16666666666666666,338074.0,0.7518796992481203
9478299,4,0.25,0.0,0.5384615384615384
9478299,3,0.5652173913043478,0.0,0.775
9478299,5,0.4794520547945205,40764.0,0.8181818181818182
9478299,2,0.64,30664.0,0.855072463768116
9478299,1,0.6,26407.0,0.9058823529411765
9480579,1,0.75,48803.0,0.38095238095238093
9480579,2,0.6,43528.0,0.5076923076923077
9480579,4,0.5,0.0,0.24770642201834864
9480579,5,0.5,66735.0,0.6470588235294118
9481696,4,0.7272727272727273,0.0,0.5454545454545454
9481696,2,0.85,14702.0,0.8616780045351474
9481696,7,0.8235294117647058,0.0,0.627906976744186
9481696,5,0.6831683168316832,78038.0,0.5947242206235012
9481696,3,0.9285714285714286,0.0,0.45454545454545453
9481696,6,0.7662721893491125,0.0,0.615
9481696,1,0.7368421052631579,1031681599.0,0.9230769230769231
9484888,5,0.7040673211781207,35009.0,0.36065573770491804
9484888,2,0.8118361153262519,25879.0,0.7040816326530612
9498821,7,0.6666666666666666,0.0,0.6019292604501608
9498821,6,0.711864406779661,0.0,0.6626506024096386
9498821,3,0.6956521739130435,0.0,0.5740740740740741
9498821,4,0.7142857142857143,0.0,0.8245614035087719
9498821,1,0.49230769230769234,35125.0,0.6302083333333334
9498821,2,0.6442953020134228,27089.0,0.21428571428571427
9498821,5,0.5823389021479713,32161518954.0,0.6287878787878788
9500112,1,0.20689655172413793,19573.0,0.3608490566037736
9506268,1,0.0,24847.0,0.3590836441129462
9506268,2,0.5,68687451936.0,0.6418181818181818
9506268,3,0.0,0.0,0.6306784660766962
9506268,4,0.125,0.0,0.5533290239172592
9506268,5,0.4,12079.0,0.30579531442663377
9506268,6,0.6666666666666666,0.0,0.42663378545006164
9506268,7,0.6666666666666666,0.0,0.41864951768488745
9521869,1,0.7898089171974523,42001.0,0.7914691943127962
9521869,7,0.6504854368932039,0.0,0.6344086021505376
9521869,2,0.8315217391304348,32045.0,0.797979797979798
9521869,3,0.7352941176470589,0.0,0.7668711656441718
9521869,4,0.6382978723404256,0.0,0.76
9521869,6,0.6600985221674877,0.0,0.5443037974683544
9521869,5,0.6762699014404853,276986.0,0.5201612903225806
9526644,7,0.7142857142857143,0.0,0.7422680412371134
9526644,4,0.8571428571428571,0.0,0.8543689320388349
9526644,1,0.8,366863912.0,0.7625
9526644,2,0.8,28565.0,0.6046511627906976
9526644,5,0.5948717948717949,24112.0,0.4612794612794613
9527595,1,0.5,39611.0,0.3590836441129462
9527595,2,0.5,68687451936.0,0.6418181818181818
9527595,3,0.5,0.0,0.6306784660766962
9527595,4,0.375,0.0,0.42857142857142855
9527595,6,1.0,0.0,0.6185185185185185
9527595,7,0.6666666666666666,0.0,0.41864951768488745
9527595,5,0.7777777777777778,30000.0,0.7962962962962963
9534847,1,0.5,30684.0,0.3590836441129462
9534847,3,0.0,0.0,0.6312684365781711
9534847,4,0.25,0.0,0.47123464770523593
9534847,6,0.3333333333333333,0.0,0.828395061728395
9534847,7,1.0,0.0,0.490032154340836
9534847,5,0.60431654676259,36791.0,0.7
9534847,2,0.705607476635514,67278.0,0.6403269754768393
9536693,2,0.6,36525.0,0.6724137931034483
9536693,5,0.3684210526315789,63891.0,0.5949367088607594
9544770,2,0.6666666666666666,83085.0,0.7605633802816901
9544770,3,0.42857142857142855,0.0,0.5625
9544770,6,0.5925925925925926,0.0,0.6936619718309859
9544770,7,0.5384615384615384,0.0,0.5925925925925926
9544770,1,0.5641025641025641,84678.0,0.36134453781512604
9544770,4,0.3617021276595745,0.0,0.49206349206349204
9544770,5,0.7345132743362832,100186.0,0.18181818181818182
9544929,1,1.0,25561.0,0.3590836441129462
9544929,2,0.5,68687451936.0,0.6418181818181818
9544929,3,0.5,0.0,0.6312684365781711
9544929,4,0.5,0.0,0.42857142857142855
9544929,5,0.4,16127.0,0.30579531442663377
9544929,6,0.3333333333333333,0.0,0.42663378545006164
9544929,7,0.6666666666666666,0.0,0.490032154340836
9545922,5,0.5,34334.0,0.4888888888888889
9545922,2,0.5555555555555556,33343.0,0.8846153846153846
9577792,5,0.6666666666666666,43996.0,0.5542168674698795
9577792,2,0.4666666666666667,30008.0,0.7152542372881356
9589703,1,0.27848101265822783,42542.0,0.7419354838709677
9589703,2,1.0,13681621770.0,0.6418181818181818
9612551,1,0.5,68687451936.0,0.6688741721854304
9612551,2,0.4666666666666667,52551.0,0.6388888888888888
9612551,5,0.38461538461538464,13559.0,0.3315018315018315
9615622,1,0.5,27195.0,0.3590836441129462
9615622,2,0.5,68687451936.0,0.6418181818181818
9615622,3,0.5,0.0,0.6312684365781711
9615622,4,0.25,0.0,0.5533290239172592
9615622,5,0.2,33077.0,0.30579531442663377
9615622,6,0.3333333333333333,0.0,0.828395061728395
9615622,7,0.3333333333333333,0.0,0.41864951768488745
9617231,1,1.0,25816.0,0.3590836441129462
9617231,2,0.5,68687451936.0,0.6418181818181818
9617231,3,0.5,0.0,0.6312684365781711
9617231,4,0.25,0.0,0.47123464770523593
9617231,5,0.0,33052.0,0.30579531442663377
9617231,6,0.3333333333333333,0.0,0.4580246913580247
9617231,7,0.0,0.0,0.41864951768488745
9622666,2,1.0,17707.0,0.8905109489051095
9622666,5,0.4166666666666667,33660.0,0.5436893203883495
9623902,1,1.0,30426.0,0.3590836441129462
9623902,2,0.5,68687451936.0,0.6418181818181818
9623902,3,1.0,0.0,0.1687315634218289
9623902,4,0.375,0.0,0.42857142857142855
9623902,5,0.4,24048.0,0.30579531442663377
9623902,6,0.6666666666666666,0.0,0.2726423902894491
9623902,7,0.3333333333333333,0.0,0.6019292604501608
9628421,3,0.7931034482758621,0.0,0.7789473684210526
9628421,4,0.5294117647058824,0.0,0.48
9628421,1,0.788235294117647,63634.0,0.6180904522613065
9628421,2,0.75,50816.0,0.6615384615384615
9628421,7,0.7,0.0,0.5333333333333333
9628421,6,0.6296296296296297,0.0,0.6769911504424779
9628421,5,0.7388535031847133,5098795454.0,0.8153846153846154
9628441,2,0.6666666666666666,22041.0,0.6573426573426573
9628441,5,0.2857142857142857,5610986494.0,0.775609756097561
9635638,3,1.0,0.0,0.1687315634218289
9635638,4,0.25,0.0,0.47123464770523593
9635638,6,0.5714285714285714,0.0,0.47619047619047616
9635638,7,0.375,0.0,0.6019292604501608
9635638,1,0.7727272727272727,23271.0,0.813953488372093
9635638,2,0.8666666666666667,51023.0,0.8352941176470589
9635638,5,0.36086956521739133,564786646.0,0.8524590163934426
9635750,2,0.5,68687451936.0,0.8292682926829268
9635750,5,0.7142857142857143,27764.0,0.6037735849056604
9639064,2,1.0,15401.0,0.9065420560747663
9639064,5,0.35714285714285715,61208.0,0.6546489563567363
9653123,2,0.6923076923076923,67310.0,0.925
9653123,5,0.6666666666666666,148070.0,0.656084656084656
9656713,1,0.5,28920.0,0.3590836441129462
9656713,3,1.0,0.0,0.1687315634218289
9656713,4,1.0,0.0,0.5533290239172592
9656713,6,1.0,0.0,0.4580246913580247
9656713,7,1.0,0.0,0.27138263665594853
9656713,5,0.7264957264957265,28031.0,0.5950413223140496
9656713,2,0.9142857142857143,25092.0,0.7727272727272727
9658680,1,1.0,28309.0,0.3590836441129462
9658680,2,0.5,68687451936.0,0.6418181818181818
9658680,3,1.0,0.0,0.1687315634218289
9658680,4,0.625,0.0,0.5533290239172592
9658680,6,1.0,0.0,0.4580246913580247
9658680,7,1.0,0.0,0.490032154340836
9658680,5,0.7333333333333333,59168.0,0.6631205673758865
9660056,2,0.9,25141.0,0.8555555555555555
9660056,5,0.7333333333333333,18983.0,0.7553191489361702
9665071,2,0.5,68687451936.0,0.6418181818181818
9665071,3,0.0,0.0,0.6312684365781711
9665071,4,0.5,0.0,0.42857142857142855
9665071,5,0.4,21073.0,0.30579531442663377
9665071,6,1.0,0.0,0.42663378545006164
9665071,7,0.6666666666666666,0.0,0.41864951768488745
9665071,1,0.8571428571428571,48691.0,0.9241071428571429
9666467,1,0.5,27419.0,0.3590836441129462
9666467,2,0.5,68687451936.0,0.6418181818181818
9666467,3,0.5,0.0,0.1687315634218289
9666467,4,0.5,0.0,0.5533290239172592
9666467,5,0.2,17163.0,0.30579531442663377
9666467,6,0.3333333333333333,0.0,0.6451914098972923
9666467,7,0.6666666666666666,0.0,0.6019292604501608
9669185,5,0.42105263157894735,15371.0,0.44656488549618323
9678259,7,0.3333333333333333,0.0,0.490032154340836
9678259,6,0.6595744680851063,0.0,0.7560975609756098
9678259,3,0.7631578947368421,0.0,0.8742138364779874
9678259,4,0.5,0.0,0.7916666666666666
9678259,1,0.7272727272727273,30866.0,0.8905109489051095
9678259,2,0.7448979591836735,24049.0,0.6896551724137931
9678259,5,0.6742902208201893,37903.0,0.5674157303370787
9680838,5,0.45454545454545453,60396.0,0.8076923076923077
9680838,2,0.6190476190476191,33723.0,0.6097560975609756
9680838,1,0.7142857142857143,37499.0,0.9420289855072463
9681389,2,0.6818181818181818,63324.0,0.5607814761215629
9681389,5,0.6764705882352942,24966.0,0.45982142857142855
9681956,1,0.5,27031.0,0.3590836441129462
9681956,3,1.0,0.0,0.6306784660766962
9681956,4,0.375,0.0,0.42857142857142855
9681956,6,0.3333333333333333,0.0,0.47619047619047616
9681956,7,1.0,0.0,0.27138263665594853
9681956,5,0.7659574468085106,35472.0,0.4090909090909091
9681956,2,0.775,132347.0,0.8444444444444444
9692477,2,0.8888888888888888,42667.0,0.8814814814814815
9692477,5,0.6842105263157895,44029.0,0.7137404580152672
9696076,1,1.0,26679.0,0.3590836441129462
9696076,3,1.0,0.0,0.6312684365781711
9696076,4,0.5,0.0,0.42857142857142855
9696076,6,0.3333333333333333,0.0,0.828395061728395
9696076,7,0.6666666666666666,0.0,0.27138263665594853
9696076,5,0.4896551724137931,122843.0,0.5089285714285714
9696076,2,0.6764705882352942,47159.0,0.6971428571428572
9713165,1,0.0,5403.0,0.3590836441129462
9713165,2,0.5,68687451936.0,0.6418181818181818
9713165,3,0.0,0.0,0.6312684365781711
9713165,4,0.0,0.0,0.47123464770523593
9713165,5,0.2,4729.0,0.30579531442663377
9714873,5,0.4666666666666667,24324.0,0.8804347826086957
9721167,1,0.5,23363.0,0.3590836441129462
9721167,3,0.0,0.0,0.6306784660766962
9721167,4,0.125,0.0,0.47123464770523593
9721167,6,0.6666666666666666,0.0,0.2726423902894491
9721167,7,0.0,0.0,0.41864951768488745
9721167,2,0.6530612244897959,29655.0,0.7816593886462883
9721167,5,0.6839378238341969,34781.0,0.5905292479108635
9722150,1,1.0,25669.0,0.3590836441129462
9722150,2,0.5,68687451936.0,0.6418181818181818
9722150,3,0.5,0.0,0.6306784660766962
9722150,4,0.5,0.0,0.47123464770523593
9722150,5,0.4,26751.0,0.30579531442663377
9722150,6,0.3333333333333333,0.0,0.828395061728395
9722150,7,1.0,0.0,0.6019292604501608
9741902,1,0.8305084745762712,97468.0,0.5608108108108109
9741902,2,0.5,68687451936.0,0.6418181818181818
9741902,3,0.5,0.0,0.1687315634218289
9741902,4,0.25,0.0,0.5533290239172592
9741902,5,0.5,68687451936.0,0.4486486486486487
9757628,1,0.5,23186.0,0.3590836441129462
9757628,2,0.5,68687451936.0,0.6418181818181818
9757628,3,0.5,0.0,0.6312684365781711
9757628,4,0.25,0.0,0.5533290239172592
9757628,5,0.0,31737.0,0.30579531442663377
9757628,6,0.0,0.0,0.47619047619047616
9757628,7,0.0,0.0,0.27138263665594853
9757845,5,0.5,19981.0,0.6089743589743589
9759165,2,0.7777777777777778,35278.0,0.7517241379310344
9759165,5,0.5272727272727272,30088.0,0.47619047619047616
9759745,1,0.5,41733.0,0.3590836441129462
9759745,2,0.5,68687451936.0,0.6418181818181818
9759745,3,0.5,0.0,0.6306784660766962
9759745,4,0.25,0.0,0.5533290239172592
9759745,5,0.2,36243.0,0.30579531442663377
9759745,6,0.0,0.0,0.47619047619047616
9759745,7,0.3333333333333333,0.0,0.490032154340836
9760073,1,0.5,26200.0,0.3590836441129462
9760073,3,0.5,0.0,0.6312684365781711
9760073,4,0.25,0.0,0.47123464770523593
9760073,6,0.6666666666666666,0.0,0.2726423902894491
9760073,7,0.3333333333333333,0.0,0.6019292604501608
9760073,2,0.65,29291.0,0.8082089552238806
9760073,5,0.631578947368421,22497.0,0.19166666666666668
9772309,5,0.24242424242424243,8646.0,0.6394849785407726
9772309,3,0.5,0.0,0.7709923664122137
9772309,2,0.6951672862453532,37585.0,0.9473684210526315
9774276,1,0.5,68687451936.0,0.5608108108108109
9774276,2,0.5454545454545454,31634.0,0.7129337539432177
9774276,5,0.38461538461538464,27723.0,0.7567567567567568
9775045,1,0.7586206896551724,38761.0,0.7914691943127962
9775045,7,0.8636363636363636,0.0,0.5851063829787234
9775045,2,0.7368421052631579,88695270.0,0.6524590163934426
9775045,4,0.8,0.0,0.7205882352941176
9775045,3,0.7241379310344828,0.0,0.8103448275862069
9775045,5,0.5121951219512195,38728.0,0.3854748603351955
9775045,6,0.8888888888888888,0.0,0.26521739130434785
9787051,1,1.0,20728.0,0.3590836441129462
9787051,2,0.5,68687451936.0,0.6418181818181818
9787051,3,0.5,0.0,0.6312684365781711
9787051,4,0.25,0.0,0.5533290239172592
9787051,6,0.6666666666666666,0.0,0.2726423902894491
9787051,7,0.0,0.0,0.41864951768488745
9787051,5,0.5333333333333333,410761.0,0.8205128205128205
9792296,2,0.5,68687451936.0,0.6627450980392157
9792296,5,0.5333333333333333,34461.0,0.7213622291021672
9793549,4,0.7931034482758621,0.0,0.6268656716417911
9793549,1,0.7205882352941176,24839.0,0.5608108108108109
9793549,2,0.6027397260273972,255733.0,0.6508620689655172
9793549,3,0.7457627118644068,0.0,0.9651162790697675
9793549,5,0.39036381514257623,21759.0,0.24
9793549,6,0.6023506366307542,0.0,0.17777777777777778
9793549,7,0.6486486486486487,0.0,0.7282608695652174
9795995,1,1.0,29171.0,0.3590836441129462
9795995,2,0.5,68687451936.0,0.6418181818181818
9795995,3,0.0,0.0,0.6306784660766962
9795995,4,0.5,0.0,0.5533290239172592
9795995,5,0.6,17114.0,0.30579531442663377
9795995,6,0.6666666666666666,0.0,0.6451914098972923
9795995,7,0.3333333333333333,0.0,0.6019292604501608
9798324,1,0.5,39479.0,0.3590836441129462
9798324,2,0.5,68687451936.0,0.6418181818181818
9798324,3,0.5,0.0,0.6306784660766962
9798324,4,0.4,0.0,0.23000619962802232
9805112,4,0.25,0.0,0.47123464770523593
9805112,3,0.36363636363636365,0.0,0.6617647058823529
9805112,6,0.4,0.0,0.7855072463768116
9805112,7,0.75,0.0,0.7784810126582279
9805112,1,0.65,39230.0,0.9154929577464789
9805112,2,1.0,27516.0,0.8048780487804879
9805112,5,0.6065573770491803,12555.0,0.8514851485148515
9808279,1,0.5,21933.0,0.3590836441129462
9808279,2,0.5,68687451936.0,0.6418181818181818
9808279,3,0.5,0.0,0.6312684365781711
9808279,4,0.125,0.0,0.5533290239172592
9808279,5,0.4,18517.0,0.30579531442663377
9808279,6,0.3333333333333333,0.0,0.2726423902894491
9808279,7,0.0,0.0,0.490032154340836
9837240,1,0.5,23180.0,0.3590836441129462
9837240,2,0.5,68687451936.0,0.6418181818181818
9837240,3,0.5,0.0,0.1687315634218289
9837240,4,0.5,0.0,0.47123464770523593
9837240,6,1.0,0.0,0.2726423902894491
9837240,7,0.6666666666666666,0.0,0.490032154340836
9837240,5,0.5333333333333333,62147.0,0.65625
9863292,1,1.0,26795.0,0.3590836441129462
9863292,3,0.5,0.0,0.1687315634218289
9863292,4,0.375,0.0,0.42857142857142855
9863292,6,1.0,0.0,0.6185185185185185
9863292,7,0.6666666666666666,0.0,0.6019292604501608
9863292,2,0.8011363636363636,34575.0,0.756578947368421
9863292,5,0.6142322097378277,49086.0,0.5026737967914439
9863727,2,0.8181818181818182,24182.0,0.8073394495412844
9863727,6,0.6363636363636364,0.0,0.35428571428571426
9863727,1,1.0,84710.0,0.4031620553359684
9863727,5,0.7078651685393258,77571.0,0.5795053003533569
9882235,1,0.5,25149.0,0.3590836441129462
9882235,2,0.5,68687451936.0,0.6418181818181818
9882235,3,0.0,0.0,0.1687315634218289
9882235,4,0.125,0.0,0.42857142857142855
9882235,5,0.2,5236.0,0.30579531442663377
9882235,6,0.3333333333333333,0.0,0.43137254901960786
9882235,7,0.0,0.0,0.490032154340836
9882546,1,1.0,24899.0,0.3590836441129462
9882546,3,0.5,0.0,0.6306784660766962
9882546,4,0.25,0.0,0.5533290239172592
9882546,6,0.3333333333333333,0.0,0.6451914098972923
9882546,7,1.0,0.0,0.6019292604501608
9882546,2,0.8333333333333334,29591.0,0.6632302405498282
9882546,5,0.7623931623931623,41563.0,0.4186046511627907
9882914,5,0.4444444444444444,35423.0,0.3788546255506608
9882914,2,0.6363636363636364,35183.0,0.6272401433691757
9896278,1,1.0,39291.0,0.3590836441129462
9896278,2,0.5,68687451936.0,0.6418181818181818
9896278,3,1.0,0.0,0.6306784660766962
9896278,4,0.625,0.0,0.47123464770523593
9896278,6,1.0,0.0,0.828395061728395
9896278,7,0.6666666666666666,0.0,0.6019292604501608
9896278,5,0.5,526370.0,0.5864661654135338
9896756,3,0.59375,0.0,0.7222222222222222
9896756,4,0.5,0.0,0.90625
9896756,7,0.42857142857142855,0.0,0.6923076923076923
9896756,6,0.42857142857142855,0.0,0.7447698744769874
9896756,1,0.7428571428571429,47712.0,0.8793103448275862
9896756,2,0.8333333333333334,76222.0,0.6272401433691757
9896756,5,0.40384615384615385,44246.0,0.8571428571428571
9904267,1,0.9090909090909091,77160.0,0.8292682926829268
9904267,7,0.5833333333333334,0.0,0.8333333333333334
9904267,6,0.7272727272727273,0.0,0.6321243523316062
9904267,5,0.6086956521739131,87761.0,0.2915800415800416
9904267,2,0.8095238095238095,113202.0,0.5607814761215629
9912585,1,0.5,68687451936.0,0.5773195876288659
9912585,5,0.5789473684210527,35910.0,0.612
9913105,1,1.0,25112.0,0.3590836441129462
9913105,2,0.5,68687451936.0,0.6418181818181818
9913105,3,0.5,0.0,0.6306784660766962
9913105,4,0.25,0.0,0.47123464770523593
9913105,6,0.3333333333333333,0.0,0.4580246913580247
9913105,7,0.3333333333333333,0.0,0.6019292604501608
9913105,5,0.5333333333333333,16115.0,0.7
9914611,1,1.0,25198.0,0.3590836441129462
9914611,2,0.5,68687451936.0,0.6418181818181818
9914611,3,0.5,0.0,0.6306784660766962
9914611,4,0.0,0.0,0.47123464770523593
9914611,5,0.0,46657.0,0.30579531442663377
9914611,6,0.6666666666666666,0.0,0.42663378545006164
9914611,7,0.0,0.0,0.41864951768488745
9923187,1,0.5,28329.0,0.3590836441129462
9923187,3,0.0,0.0,0.6306784660766962
9923187,4,0.25,0.0,0.5533290239172592
9923187,6,0.0,0.0,0.4580246913580247
9923187,7,0.0,0.0,0.6019292604501608
9923187,5,0.6610169491525424,75782.0,0.5466666666666666
9923187,2,0.7704918032786885,33348.0,0.7049180327868853
9940812,1,1.0,658003534.0,0.7896440129449838
9940812,5,0.6373626373626373,415843.0,0.38461538461538464
9940812,2,0.6643356643356644,26477.0,0.5981308411214953
9941825,2,0.6,36653.0,0.9473684210526315
9941825,5,0.45454545454545453,140960.0,0.5384615384615384
9942836,1,0.5,24437.0,0.3590836441129462
9942836,2,0.5,68687451936.0,0.6418181818181818
9942836,3,0.0,0.0,0.6306784660766962
9942836,4,0.125,0.0,0.42857142857142855
9942836,5,0.2,39007.0,0.30579531442663377
9942836,6,0.6666666666666666,0.0,0.47619047619047616
9942836,7,0.3333333333333333,0.0,0.6019292604501608
9943714,5,0.55,59127.0,0.5469387755102041
9947698,1,1.0,27266.0,0.3590836441129462
9947698,3,1.0,0.0,0.6306784660766962
9947698,4,0.125,0.0,0.5533290239172592
9947698,2,1.0,75390.0,0.3655913978494624
9947698,5,0.6,38360.0,0.5199543899657925
9948099,5,0.3888888888888889,18247.0,0.674074074074074
9953905,5,0.5,70321.0,0.6368421052631579
9953905,2,0.6923076923076923,23193.0,0.813953488372093
9954993,1,0.5,24815.0,0.3590836441129462
9954993,3,0.0,0.0,0.1687315634218289
9954993,4,0.375,0.0,0.47123464770523593
9954993,5,0.0,14667.0,0.30579531442663377
9954993,6,0.6666666666666666,0.0,0.47619047619047616
9954993,7,1.0,0.0,0.490032154340836
9954993,2,0.6,24517.0,0.75
9969712,1,0.5,68687451936.0,1.0
9969712,5,0.42105263157894735,51255.0,0.5456431535269709
9969712,2,0.5,68687451936.0,0.4267515923566879
9970282,3,0.9318181818181818,0.0,0.49640287769784175
9970282,5,0.7696335078534031,30674.0,0.8125
9970282,1,0.84,63189.0,0.7136563876651982
9970282,7,0.8647540983606558,0.0,0.76
9970282,4,0.7894736842105263,0.0,0.75
9970282,2,0.7666666666666667,39818.0,0.6058631921824105
9970282,6,0.8362573099415205,0.0,0.8165137614678899
9975571,6,0.3225806451612903,0.0,0.7782608695652173
9975571,1,0.4,47357.0,0.9
9975571,5,0.2,38647.0,0.5972222222222222
9984849,1,1.0,26704.0,0.3590836441129462
9984849,2,0.5,68687451936.0,0.6418181818181818
9984849,3,1.0,0.0,0.1687315634218289
9984849,4,0.5,0.0,0.47123464770523593
9984849,5,0.2,32673.0,0.30579531442663377
9984849,6,0.3333333333333333,0.0,0.42663378545006164
9984849,7,0.3333333333333333,0.0,0.490032154340836
9990828,5,0.5,20085.0,0.578125
9990828,2,0.6,41612.0,0.7195652173913043
9992176,1,0.0,21526.0,0.3590836441129462
9992176,3,0.0,0.0,0.1687315634218289
9992176,4,0.25,0.0,0.42857142857142855
9992176,6,0.3333333333333333,0.0,0.6451914098972923
9992176,7,0.3333333333333333,0.0,0.490032154340836
9992176,2,0.4,42288.0,0.6627450980392157
9992176,5,0.4,64590.0,0.720292504570384
9993113,1,0.5,28012.0,0.3590836441129462
9993113,3,0.5,0.0,0.6306784660766962
9993113,4,0.375,0.0,0.5533290239172592
9993113,6,0.0,0.0,0.2726423902894491
9993113,7,0.0,0.0,0.6019292604501608
9993113,2,0.8095238095238095,30843.0,0.7607361963190185
9993113,5,0.8013468013468014,81765.0,0.6153846153846154
10000316,2,0.3333333333333333,68603.0,0.6032608695652174
10000316,5,0.72,49044.0,0.5344827586206896
10011679,1,0.5,68687451936.0,0.9423076923076923
10011679,2,0.6666666666666666,21995.0,0.9652173913043478
10011679,5,0.6,28536.0,0.8113207547169812
10018141,1,0.5,25621.0,0.3590836441129462
10018141,2,0.5,68687451936.0,0.6418181818181818
10018141,3,0.5,0.0,0.6312684365781711
10018141,4,0.5,0.0,0.42857142857142855
10018141,6,0.0,0.0,0.828395061728395
10018141,7,0.6666666666666666,0.0,0.27138263665594853
10018141,5,0.6666666666666666,45928.0,0.6441558441558441
10018807,7,0.6086956521739131,0.0,0.8571428571428571
10018807,1,0.6981132075471698,289550237.0,0.4594594594594595
10018807,3,0.7608695652173914,0.0,0.8045977011494253
10018807,2,0.6666666666666666,583094496.0,0.616822429906542
10018807,4,0.6728971962616822,0.0,0.7333333333333333
10018807,6,0.82,0.0,0.49740932642487046
10018807,5,0.6527777777777778,28060.0,0.2636363636363636
10023503,5,0.3888888888888889,30634.0,0.48514851485148514
10023503,2,0.25,40824.0,0.8493150684931506
10025098,1,1.0,30276.0,0.3590836441129462
10025098,2,0.5,68687451936.0,0.6418181818181818
10025098,3,1.0,0.0,0.1687315634218289
10025098,4,0.875,0.0,0.47123464770523593
10025098,5,0.8,14589.0,0.30579531442663377
10025098,6,0.6666666666666666,0.0,0.4580246913580247
10025098,7,1.0,0.0,0.41864951768488745
10025677,1,0.0,22436.0,0.3590836441129462
10025677,3,0.0,0.0,0.6312684365781711
10025677,4,0.0,0.0,0.47123464770523593
10025677,5,0.2,2584.0,0.30579531442663377
10025677,6,0.0,0.0,0.43137254901960786
10025677,7,0.3333333333333333,0.0,0.27138263665594853
10025677,2,0.3333333333333333,31864.0,0.7058823529411765
10029828,1,1.0,31821.0,0.3590836441129462
10029828,3,0.5,0.0,0.6306784660766962
10029828,4,0.375,0.0,0.47123464770523593
10029828,6,0.6666666666666666,0.0,0.47619047619047616
10029828,7,0.6666666666666666,0.0,0.490032154340836
10029828,2,0.9,38589.0,0.8484848484848485
10029828,5,0.6,19476.0,0.8142857142857143
10038561,1,0.0,25525.0,0.3590836441129462
10038561,2,0.5,68687451936.0,0.6418181818181818
10038561,3,0.0,0.0,0.6306784660766962
10038561,4,0.375,0.0,0.42857142857142855
10038561,5,0.4,55766.0,0.30579531442663377
10038561,6,0.6666666666666666,0.0,0.2726423902894491
10038561,7,0.6666666666666666,0.0,0.6019292604501608
10047443,6,0.6,0.0,0.7926829268292683
10047443,2,0.5555555555555556,3087675.0,0.873015873015873
10047443,1,0.7704918032786885,7877249397.0,0.6385542168674698
10047443,5,0.6404494382022472,72255.0,0.7669172932330827
10047443,7,0.5652173913043478,0.0,0.5555555555555556
10047443,3,0.5,0.0,0.7592592592592593
10047443,4,0.5769230769230769,0.0,0.3684210526315789
10056955,3,1.0,0.0,0.9310344827586207
10056955,5,0.8070175438596491,61525.0,0.43636363636363634
10056955,6,0.8571428571428571,0.0,0.6484848484848484
10056955,2,0.8888888888888888,28631.0,0.6403269754768393
10056955,7,0.7878787878787878,0.0,0.8148148148148148
10060637,1,0.5,68687451936.0,0.7896440129449838
10060637,5,0.375,104544.0,0.3855421686746988
10060637,2,0.7894736842105263,23034.0,0.8774617067833698
10068564,1,0.0,26782.0,0.3590836441129462
10068564,3,0.0,0.0,0.6312684365781711
10068564,4,0.25,0.0,0.47123464770523593
10068564,6,0.0,0.0,0.42663378545006164
10068564,7,0.3333333333333333,0.0,0.6019292604501608
10068564,2,0.6,50079.0,0.6632302405498282
10068564,5,0.4666666666666667,19982.0,0.40310077519379844
10069858,1,1.0,26453.0,0.3590836441129462
10069858,3,0.5,0.0,0.6306784660766962
10069858,4,0.5,0.0,0.5533290239172592
10069858,6,1.0,0.0,0.4580246913580247
10069858,7,0.6666666666666666,0.0,0.6019292604501608
10069858,2,0.9,26241.0,0.5253164556962026
10069858,5,0.7741935483870968,23944.0,0.75
10071431,1,0.5,22649.0,0.3590836441129462
10071431,3,0.5,0.0,0.6306784660766962
10071431,4,0.125,0.0,0.5533290239172592
10071431,7,0.0,0.0,0.6019292604501608
10071431,6,0.0,0.0,0.2726423902894491
10071431,5,0.48,34964.0,0.7441860465116279
10071431,2,0.525,25489.0,0.8649921507064364
10080704,1,0.4,37576.0,0.5962059620596206
10080704,2,0.6363636363636364,16543.0,0.5722070844686649
10080704,5,0.30303030303030304,27941.0,0.25
10080704,3,0.6428571428571429,0.0,0.4460431654676259
10080704,4,0.6428571428571429,0.0,0.7058823529411765
10086180,1,0.75,52789.0,0.6551724137931034
10086180,5,0.41818181818181815,59382.0,0.6666666666666666
10086180,2,0.6666666666666666,33268.0,0.44
10095003,1,0.5,68687451936.0,0.9795918367346939
10095003,2,0.5,224507.0,0.5380952380952381
10095003,5,0.34210526315789475,133063.0,0.21153846153846154
10103388,1,0.0,25319.0,0.3590836441129462
10103388,3,0.5,0.0,0.6306784660766962
10103388,4,0.125,0.0,0.42857142857142855
10103388,6,0.3333333333333333,0.0,0.828395061728395
10103388,7,0.0,0.0,0.6019292604501608
10103388,2,0.4,32147.0,0.6691176470588235
10103388,5,0.1111111111111111,57674.0,0.6428571428571429
10110118,5,0.8333333333333334,20875.0,0.7272727272727273
10115419,1,1.0,24507.0,0.3590836441129462
10115419,3,1.0,0.0,0.1687315634218289
10115419,4,0.625,0.0,0.42857142857142855
10115419,6,1.0,0.0,0.4580246913580247
10115419,7,0.6666666666666666,0.0,0.27138263665594853
10115419,2,0.8,22415.0,0.4358974358974359
10115419,5,0.6857142857142857,44421.0,0.7480916030534351
10120003,5,0.42857142857142855,13834.0,0.18823529411764706
10120003,2,0.3333333333333333,85405.0,0.7611111111111111
10124472,2,0.5,68687451936.0,0.9065420560747663
10124472,1,0.5,68687451936.0,0.8333333333333334
10124472,5,0.5,52109.0,0.7210682492581603
10135708,5,0.7272727272727273,81862.0,0.3799392097264438
10135708,2,1.0,48723.0,0.7685185185185185
10140382,1,0.8275862068965517,20930.0,0.3608490566037736
10140382,5,1.0,338522071.0,0.6554054054054054
10145168,5,0.5454545454545454,20677.0,0.44594594594594594
10145168,4,0.7142857142857143,0.0,0.7444444444444445
10145168,3,0.14285714285714285,0.0,0.8269230769230769
10145168,7,0.75,0.0,0.43137254901960786
10145168,6,0.6842105263157895,0.0,0.5666666666666667
10151198,1,0.5,32071.0,0.3590836441129462
10151198,3,0.5,0.0,0.6312684365781711
10151198,4,0.5,0.0,0.5533290239172592
10151198,6,0.3333333333333333,0.0,0.6451914098972923
10151198,7,0.3333333333333333,0.0,0.490032154340836
10151198,2,1.0,42632.0,0.7016129032258065
10151198,5,0.6666666666666666,25822.0,0.639344262295082
10158438,1,0.5,25450.0,0.3590836441129462
10158438,2,0.5,68687451936.0,0.6418181818181818
10158438,3,0.0,0.0,0.6306784660766962
10158438,4,0.25,0.0,0.5533290239172592
10158438,5,0.2,15069.0,0.30579531442663377
10158438,6,0.0,0.0,0.2726423902894491
10158438,7,0.0,0.0,0.41864951768488745
10159126,1,0.5,68687451936.0,0.9423076923076923
10159126,5,0.6666666666666666,14373.0,0.3696682464454976
10159126,2,0.5,596850.0,0.7304347826086957
10163142,4,0.5,0.0,0.5533290239172592
10163142,1,0.7894736842105263,35173.0,0.8873873873873874
10163142,6,0.6666666666666666,0.0,0.3125
10163142,3,0.71875,0.0,0.6176470588235294
10163142,5,0.64453125,44205.0,0.48214285714285715
10163142,2,0.7162162162162162,25205.0,0.8947368421052632
10168604,5,0.4,9714.0,0.7156862745098039
10168604,2,0.3333333333333333,25019.0,0.6088709677419355
10169899,2,0.5,68687451936.0,0.756578947368421
10169899,5,0.37037037037037035,34214.0,0.8225806451612904
10178469,1,0.5,68687451936.0,0.7896440129449838
10178469,4,0.28,0.0,0.5825242718446602
10178469,6,0.45454545454545453,0.0,0.695906432748538
10178469,5,0.3333333333333333,19270.0,0.9761904761904762
10178469,2,0.3157894736842105,10585.0,0.5607814761215629
10184658,5,0.6,30582.0,0.16666666666666666
10208459,6,0.8181818181818182,0.0,0.7383512544802867
10208459,7,0.9230769230769231,0.0,0.8924050632911392
10208459,1,0.7142857142857143,31817.0,1.0
10208459,2,1.0,29116.0,0.6496815286624203
10208459,3,1.0,0.0,0.45544554455445546
10208459,4,1.0,0.0,0.9473684210526315
10208459,5,0.6428571428571429,44832.0,0.21153846153846154
10212360,2,0.5,68687451936.0,0.6877470355731226
10212360,5,0.45454545454545453,81023.0,0.8021978021978022
10215645,4,0.375,0.0,0.42857142857142855
10215645,7,0.5,0.0,0.8
10215645,6,0.5263157894736842,0.0,0.5918367346938775
10215645,5,0.5959595959595959,66185.0,0.2
10215645,1,0.796875,42386.0,0.554140127388535
10215645,2,0.7325581395348837,55551.0,0.8431372549019608
10215645,3,0.7428571428571429,0.0,0.6756756756756757
10222130,6,0.5714285714285714,0.0,0.5248618784530387
10222130,1,0.46153846153846156,54045.0,0.782608695652174
10222130,2,0.6,197616.0,0.39185393258426965
10222130,5,0.6150627615062761,97935.0,0.544973544973545
10222130,3,0.21428571428571427,0.0,0.5466666666666666
10223055,7,1.0,0.0,0.6292134831460674
10223055,6,0.48717948717948717,0.0,0.338368580060423
10223055,4,0.423728813559322,0.0,0.8125
10223055,3,0.475,0.0,0.821917808219178
10223055,1,0.6774193548387096,27388.0,0.7857142857142857
10223055,5,0.5229023104985813,413487.0,0.875
10223055,2,0.6554651574106827,169245304.0,0.7016129032258065
10229483,1,0.5,24660.0,0.3590836441129462
10229483,3,1.0,0.0,0.1687315634218289
10229483,4,0.375,0.0,0.42857142857142855
10229483,6,1.0,0.0,0.4580246913580247
10229483,7,0.0,0.0,0.27138263665594853
10229483,5,0.7034482758620689,23241.0,0.5456431535269709
10229483,2,0.7304964539007093,137517.0,0.7087378640776699
10229827,7,0.3333333333333333,0.0,0.20224719101123595
10229827,6,0.6274509803921569,0.0,0.47368421052631576
10229827,4,0.5742574257425742,0.0,0.68
10229827,3,0.7532467532467533,0.0,0.6511627906976745
10229827,1,0.6826923076923077,586798.0,0.3590836441129462
10229827,2,0.7109375,65137.0,0.9117647058823529
10229827,5,0.6179775280898876,41704.0,0.44171779141104295
10237486,5,0.0,355083342.0,0.9354838709677419
10237486,2,0.9333333333333333,33161.0,0.632
10248821,5,0.6,66509.0,0.6097560975609756
10248821,1,0.2,25492.0,0.7215189873417721
10250891,5,0.41379310344827586,56420.0,0.6588235294117647
10250891,2,0.5,26798.0,0.5777777777777777
10254807,1,0.5,29036.0,0.3590836441129462
10254807,2,0.5,68687451936.0,0.6418181818181818
10254807,3,0.5,0.0,0.6312684365781711
10254807,4,0.0,0.0,0.47123464770523593
10254807,5,0.4,46686.0,0.30579531442663377
10254807,6,0.3333333333333333,0.0,0.6451914098972923
10254807,7,0.0,0.0,0.6019292604501608
10261649,5,0.3333333333333333,41238.0,0.6458333333333334
10261649,2,0.8,20398.0,0.5972222222222222
10262149,6,0.0,0.0,0.47619047619047616
10262149,7,0.0,0.0,0.27138263665594853
10262149,5,0.2,39109.0,0.7352941176470589
10262149,3,0.625,0.0,0.3618421052631579
10262149,4,0.4117647058823529,0.0,0.625
10262149,1,0.7777777777777778,39107.0,0.813953488372093
10262149,2,0.5714285714285714,46918.0,0.56353591160221
10268185,1,0.5862068965517241,25786.0,0.3608490566037736
10279435,5,0.5,1308919965.0,0.4626865671641791
10279435,1,0.7857142857142857,103140.0,0.7215189873417721
10279435,4,0.5,0.0,0.3333333333333333
10279435,7,0.7558139534883721,0.0,0.14634146341463414
10279435,3,0.651685393258427,0.0,0.48148148148148145
10279435,2,0.4230769230769231,51967.0,0.5598455598455598
10281765,5,0.3333333333333333,6166.0,0.7417218543046358
10281765,2,0.35714285714285715,75961.0,0.7962264150943397
10303363,1,1.0,26118.0,0.3590836441129462
10303363,2,0.5,68687451936.0,0.6418181818181818
10303363,3,0.0,0.0,0.1687315634218289
10303363,4,0.125,0.0,0.5533290239172592
10303363,5,0.0,18931.0,0.30579531442663377
10303363,6,0.3333333333333333,0.0,0.4580246913580247
10303363,7,0.3333333333333333,0.0,0.41864951768488745
10305024,3,0.0,0.0,0.6306784660766962
10305024,1,0.7692307692307693,32427.0,0.8779661016949153
10305024,5,0.5833333333333334,14884.0,0.8219895287958116
10305024,2,0.5952380952380952,31251.0,0.7435897435897436
10306956,2,0.640625,21672.0,0.4612546125461255
10306956,5,0.4939759036144578,18640.0,0.9574468085106383
10309624,1,0.5,28290.0,0.3590836441129462
10309624,2,0.5,68687451936.0,0.6418181818181818
10309624,3,0.5,0.0,0.1687315634218289
10309624,4,0.25,0.0,0.47123464770523593
10309624,5,0.0,45450.0,0.30579531442663377
10309624,6,0.3333333333333333,0.0,0.47619047619047616
10309624,7,0.3333333333333333,0.0,0.41864951768488745
10309813,5,0.3684210526315789,35525.0,0.7303921568627451
10309813,2,0.3333333333333333,24217.0,0.5772357723577236
10309813,1,0.6666666666666666,672106.0,0.851063829787234
10310222,5,0.3333333333333333,30729.0,0.48484848484848486
10310222,2,0.6086956521739131,140010.0,0.6284153005464481
10310222,1,0.725,42376.0,0.875
10310222,3,0.6896551724137931,0.0,0.6835443037974683
10326382,2,0.5,68687451936.0,0.6418181818181818
10326382,3,0.5,0.0,0.1687315634218289
10326382,4,0.125,0.0,0.47123464770523593
10326382,5,0.4,17617.0,0.30579531442663377
10326382,6,0.3333333333333333,0.0,0.3898305084745763
10326382,7,0.0,0.0,0.6019292604501608
10326382,1,0.3333333333333333,424517.0,0.9241071428571429
10332599,1,0.5,29921.0,0.3590836441129462
10332599,2,0.5,68687451936.0,0.6418181818181818
10332599,3,1.0,0.0,0.1687315634218289
10332599,4,0.625,0.0,0.5533290239172592
10332599,5,0.2,29632.0,0.30579531442663377
10332599,6,0.6666666666666666,0.0,0.828395061728395
10332599,7,0.6666666666666666,0.0,0.6019292604501608
10334108,4,0.7804878048780488,0.0,0.5882352941176471
10334108,3,0.5,0.0,0.9473684210526315
10334108,1,0.8461538461538461,83539.0,0.8412698412698413
10334108,2,0.4782608695652174,9687204.0,0.559228650137741
10334108,5,0.4117647058823529,121861.0,0.196763202725724
10334367,1,1.0,27388.0,0.3590836441129462
10334367,2,0.5,68687451936.0,0.6418181818181818
10334367,3,0.5,0.0,0.6306784660766962
10334367,4,0.25,0.0,0.47123464770523593
10334367,5,0.2,19012.0,0.30579531442663377
10334367,6,0.6666666666666666,0.0,0.4580246913580247
10334367,7,0.3333333333333333,0.0,0.41864951768488745
10337457,7,0.5,0.0,0.6283185840707964
10337457,1,0.8095238095238095,107453.0,0.6968085106382979
10337457,2,0.6744186046511628,99530.0,0.6311475409836066
10337457,3,0.7647058823529411,0.0,0.6521739130434783
10337457,4,0.42857142857142855,0.0,0.4444444444444444
10337457,6,0.6464646464646465,0.0,0.48905109489051096
10337457,5,0.5976331360946746,12478.0,0.66
10343192,2,1.0,93338.0,0.8648648648648649
10343192,5,0.5789473684210527,146076.0,0.6976744186046512
10350407,1,0.5,68687451936.0,0.9423076923076923
10350407,2,0.5,68687451936.0,0.5777777777777777
10350407,5,0.5714285714285714,48299.0,0.7436548223350253
10351805,5,0.75,328659723.0,0.7225950782997763
10353031,7,0.6666666666666666,0.0,0.5576923076923077
10353031,6,0.6382978723404256,0.0,0.5771428571428572
10353031,3,0.6551724137931034,0.0,0.4965034965034965
10353031,2,0.5686274509803921,75686.0,0.5851063829787234
10353031,5,0.625,2105327.0,0.6491228070175439
10353031,4,0.6089385474860335,0.0,0.4117647058823529
10353031,1,0.631578947368421,472067926.0,0.7008547008547008
10356293,1,1.0,38703.0,0.3590836441129462
10356293,2,0.5,68687451936.0,0.6418181818181818
10356293,3,0.0,0.0,0.1687315634218289
10356293,4,0.5,0.0,0.42857142857142855
10356293,5,0.8,25044.0,0.30579531442663377
10356293,6,0.6666666666666666,0.0,0.47619047619047616
10359275,1,0.5,68687451936.0,0.37637362637362637
10359275,5,0.36363636363636365,65326.0,0.6443514644351465
10375929,1,0.5,25347.0,0.3590836441129462
10375929,2,0.5,68687451936.0,0.6418181818181818
10375929,3,0.5,0.0,0.6312684365781711
10375929,4,0.125,0.0,0.42857142857142855
10375929,5,0.4,5618.0,0.30579531442663377
10375929,6,0.6666666666666666,0.0,0.47619047619047616
10375929,7,0.3333333333333333,0.0,0.41864951768488745
10379395,1,0.5,20877.0,0.3590836441129462
10379395,3,1.0,0.0,0.1687315634218289
10379395,5,0.2222222222222222,31753652.0,0.7567567567567568
10379395,2,0.3,6142.0,0.7792207792207793
10379395,4,0.0,0.0,0.23000619962802232
10380104,1,1.0,25544.0,0.3590836441129462
10380104,2,0.5,68687451936.0,0.6418181818181818
10380104,3,0.5,0.0,0.6312684365781711
10380104,4,0.5,0.0,0.5533290239172592
10380104,5,0.4,51617.0,0.30579531442663377
10380104,6,0.0,0.0,0.42663378545006164
10380104,7,0.6666666666666666,0.0,0.41864951768488745
10388112,1,1.0,22307.0,0.3590836441129462
10388112,3,0.5,0.0,0.6306784660766962
10388112,4,0.25,0.0,0.5533290239172592
10388112,6,0.6666666666666666,0.0,0.2726423902894491
10388112,7,0.0,0.0,0.490032154340836
10388112,2,0.6666666666666666,75435.0,0.8387096774193549
10388112,5,0.5714285714285714,124831.0,0.6326530612244898
10394601,1,0.5,68687451936.0,0.6385542168674698
10394601,2,0.9047619047619048,26750.0,0.8649921507064364
10394601,5,0.5675675675675675,42668.0,0.6875
10398894,1,0.5,23703.0,0.3590836441129462
10398894,2,0.5,68687451936.0,0.6418181818181818
10398894,3,0.0,0.0,0.6312684365781711
10398894,4,0.4,0.0,0.23000619962802232
10402424,1,0.5,68687451936.0,0.5773195876288659
10402424,5,0.75,44805.0,0.5454545454545454
10402493,5,0.7142857142857143,89567.0,0.578494623655914
10402493,6,0.7391304347826086,0.0,0.7631578947368421
10402493,2,0.7142857142857143,34099.0,0.6903225806451613
10402493,1,0.9285714285714286,35647.0,0.8472222222222222
10405331,1,0.7666666666666667,33516.0,0.8382978723404255
10405331,2,0.3,49484.0,0.6839378238341969
10405331,5,0.5357142857142857,15798.0,0.8928571428571429
10406018,1,1.0,30107.0,0.3590836441129462
10406018,2,0.5,68687451936.0,0.6418181818181818
10406018,3,0.5,0.0,0.6306784660766962
10406018,4,0.375,0.0,0.42857142857142855
10406018,5,0.2,12568.0,0.30579531442663377
10406018,6,0.6666666666666666,0.0,0.6185185185185185
10406018,7,0.3333333333333333,0.0,0.41864951768488745
10411143,1,0.5,68687451936.0,0.813953488372093
10411143,5,0.5263157894736842,13408.0,0.7682926829268293
10411143,2,0.7075471698113207,17599.0,0.7699115044247787
10411973,1,0.5,18132.0,0.3590836441129462
10411973,2,0.5,68687451936.0,0.6418181818181818
10411973,3,1.0,0.0,0.6312684365781711
10411973,4,0.25,0.0,0.42857142857142855
10411973,5,0.6,37555.0,0.30579531442663377
10411973,6,1.0,0.0,0.42663378545006164
10411973,7,0.0,0.0,0.6019292604501608
10417119,5,0.4375,20156.0,0.8
10417119,2,0.8888888888888888,27579.0,0.7333333333333333
10427408,5,0.08333333333333333,24289.0,0.48514851485148514
10432130,3,0.5714285714285714,0.0,0.39705882352941174
10432130,2,0.6538461538461539,115617.0,0.4830917874396135
10432130,4,0.6551724137931034,0.0,0.85
10432130,5,0.6153846153846154,84190.0,0.49242424242424243
10432130,6,0.7368421052631579,0.0,0.35172413793103446
10432130,1,0.5882352941176471,30722.0,0.8431372549019608
10432130,7,0.625,0.0,0.7272727272727273
10436582,2,0.42857142857142855,31018.0,0.7645985401459854
10436582,5,0.34782608695652173,37524.0,0.4868421052631579
10438676,2,0.6363636363636364,44063.0,0.631578947368421
10438676,3,0.5,0.0,0.8116883116883117
10438676,6,0.391304347826087,0.0,0.5142857142857142
10438676,5,0.5087719298245614,44429.0,0.6934865900383141
10442024,1,0.5,25538.0,0.3590836441129462
10442024,3,0.5,0.0,0.6306784660766962
10442024,4,0.375,0.0,0.42857142857142855
10442024,6,1.0,0.0,0.2726423902894491
10442024,7,0.3333333333333333,0.0,0.27138263665594853
10442024,5,0.4666666666666667,14425.0,0.8181818181818182
10442024,2,0.6363636363636364,29283.0,0.7962264150943397
10442781,1,0.0,4767.0,0.3590836441129462
10442781,2,0.5,68687451936.0,0.6418181818181818
10442781,3,0.0,0.0,0.1687315634218289
10442781,4,0.0,0.0,0.47123464770523593
10442781,5,0.0,4430.0,0.30579531442663377
10442781,6,0.0,0.0,0.6451914098972923
10442781,7,0.3333333333333333,0.0,0.27138263665594853
10453144,1,1.0,25371.0,0.3590836441129462
10453144,3,0.0,0.0,0.1687315634218289
10453144,4,0.375,0.0,0.5533290239172592
10453144,6,0.6666666666666666,0.0,0.43137254901960786
10453144,7,0.0,0.0,0.6019292604501608
10453144,2,0.375,31586.0,0.7470588235294118
10453144,5,0.39271255060728744,27902.0,0.7419354838709677
10459606,1,0.5,68687451936.0,0.6933333333333334
10459606,5,0.6428571428571429,55789.0,0.6923076923076923
10476209,3,0.6,0.0,0.7928571428571428
10476209,6,0.7142857142857143,0.0,0.6370370370370371
10476209,5,0.6666666666666666,27062.0,0.6208955223880597
10476209,2,0.5692307692307692,26674.0,0.631578947368421
10493837,1,1.0,25750.0,0.3590836441129462
10493837,2,0.5,68687451936.0,0.6418181818181818
10493837,3,0.0,0.0,0.1687315634218289
10493837,4,0.125,0.0,0.5533290239172592
10493837,5,0.2,22343.0,0.30579531442663377
10493837,6,0.6666666666666666,0.0,0.43137254901960786
10493837,7,0.0,0.0,0.490032154340836
10498545,1,0.5,68687451936.0,0.4031620553359684
10498545,5,0.42105263157894735,40473.0,0.16216216216216217
10498545,2,0.4375,34053.0,0.5894308943089431
10501540,1,0.0,5775.0,0.3590836441129462
10501540,3,0.5,0.0,0.6306784660766962
10501540,4,0.125,0.0,0.5533290239172592
10501540,5,0.2,5840.0,0.30579531442663377
10501540,6,0.3333333333333333,0.0,0.42663378545006164
10501540,7,0.0,0.0,0.27138263665594853
10501540,2,0.0,28798.0,0.5528846153846154
10501741,1,0.5,76029.0,0.3590836441129462
10501741,2,0.5,68687451936.0,0.6418181818181818
10501741,3,1.0,0.0,0.1687315634218289
10501741,4,0.6,0.0,0.23000619962802232
10515804,2,0.5,68687451936.0,0.7764705882352941
10515804,5,0.43243243243243246,20387.0,0.7
10520944,1,1.0,26664.0,0.7989949748743719
10520944,5,0.25,26327.0,0.8688524590163934
10520944,2,1.0,30050.0,0.8407643312101911
10527188,5,0.3333333333333333,17291.0,0.5428571428571428
10527188,2,0.45454545454545453,47726.0,0.8846153846153846
10527464,1,0.42857142857142855,49952.0,0.641399416909621
10535098,1,0.48717948717948717,28635.0,0.7727272727272727
10551328,1,1.0,27687.0,0.3590836441129462
10551328,3,0.5,0.0,0.1687315634218289
10551328,4,0.25,0.0,0.47123464770523593
10551328,2,0.5,68687451936.0,0.6418181818181818
10551328,6,0.3333333333333333,0.0,0.47619047619047616
10551328,5,0.2,295812.0,0.4486486486486487
10551328,7,0.0,0.0,0.41864951768488745
10558158,5,1.0,35496.0,0.527027027027027
10558158,2,0.5,52790.0,0.7433628318584071
10565109,2,0.5,68687451936.0,0.5777777777777777
10565109,5,0.6111111111111112,64251.0,0.723404255319149
10565718,2,0.5,68687451936.0,0.7608695652173914
10565718,5,0.2,23696.0,0.8575129533678757
10565969,3,0.9411764705882353,0.0,0.703125
10565969,2,0.6875,69616.0,0.5471698113207547
10565969,1,0.6,96851.0,0.4594594594594595
10565969,4,0.6056338028169014,0.0,0.5405405405405406
10565969,5,0.3870967741935484,103223.0,0.5
10565969,6,0.5652173913043478,0.0,0.852112676056338
10568762,5,1.0,186033.0,0.3607843137254902
10568762,2,0.7142857142857143,33433.0,0.8103448275862069
10577345,1,0.5,68687451936.0,0.6633663366336634
10577345,2,0.6419753086419753,35944.0,0.875
10577345,5,0.7009803921568627,48458.0,0.5473684210526316
10580203,5,0.3333333333333333,22638.0,0.43558282208588955
10580203,2,1.0,48488.0,0.8515625
10587340,2,0.5,21693.0,0.8157894736842105
10587340,5,0.25,9661.0,0.5675675675675675
10592257,1,0.5,68687451936.0,0.6688741721854304
10592257,2,0.6363636363636364,61993.0,0.8774617067833698
10592257,5,0.4,67557.0,0.4791666666666667
10594621,1,1.0,27965.0,0.3590836441129462
10594621,2,0.5,68687451936.0,0.6418181818181818
10594621,3,0.5,0.0,0.6312684365781711
10594621,4,0.5,0.0,0.42857142857142855
10594621,5,0.2,41440.0,0.30579531442663377
10594621,6,0.6666666666666666,0.0,0.828395061728395
10594621,7,0.6666666666666666,0.0,0.41864951768488745
10609882,1,0.5,22569.0,0.3590836441129462
10609882,2,0.5,68687451936.0,0.6418181818181818
10609882,3,0.0,0.0,0.1687315634218289
10609882,4,0.375,0.0,0.42857142857142855
10609882,5,0.4,29560.0,0.30579531442663377
10609882,6,0.3333333333333333,0.0,0.2726423902894491
10609882,7,0.0,0.0,0.6019292604501608
10611132,5,0.6585365853658537,208862.0,0.7225950782997763
10611132,2,0.7325581395348837,65141.0,0.6164383561643836
10616781,7,0.5714285714285714,0.0,0.7784810126582279
10616781,4,0.5542168674698795,0.0,0.75
10616781,6,0.5183150183150184,0.0,0.2830188679245283
10616781,5,0.55,132354.0,0.4497444633730835
10616781,2,0.5636704119850188,7123860.0,0.676923076923077
10616781,3,0.5910780669144982,0.0,0.4166666666666667
10616781,1,0.7554585152838428,47152.0,0.8181818181818182
10618789,1,0.5,27090.0,0.3590836441129462
10618789,2,0.5,68687451936.0,0.6418181818181818
10618789,3,0.5,0.0,0.6306784660766962
10618789,4,0.625,0.0,0.5533290239172592
10618789,5,0.6,11350.0,0.30579531442663377
10618789,6,0.6666666666666666,0.0,0.4580246913580247
10618789,7,0.6666666666666666,0.0,0.41864951768488745
10628740,5,0.56,68285.0,0.5
10628740,3,0.6428571428571429,0.0,0.7592592592592593
10628740,1,0.8,109518.0,0.5752212389380531
10628740,4,0.7857142857142857,0.0,0.5357142857142857
10628740,7,0.7372262773722628,0.0,0.9518072289156626
10628740,6,0.7428571428571429,0.0,0.8795180722891566
10629298,1,0.5,210717.0,0.3590836441129462
10629298,2,0.5,68687451936.0,0.6418181818181818
10629298,3,1.0,0.0,0.1687315634218289
10629298,4,0.375,0.0,0.42857142857142855
10629298,5,0.0,14229.0,0.30579531442663377
10629298,6,0.3333333333333333,0.0,0.2726423902894491
10629298,7,0.3333333333333333,0.0,0.41864951768488745
10631838,3,0.6271186440677966,0.0,0.7582417582417582
10631838,1,0.6982758620689655,44807.0,0.8688524590163934
10631838,4,0.5714285714285714,0.0,0.7553191489361702
10631838,2,0.6511627906976745,49274.0,0.74
10631838,6,0.5686274509803921,0.0,0.5493827160493827
10631838,5,0.5675675675675675,68498.0,0.5469387755102041
10633489,1,0.5,68687451936.0,0.9386792452830188
10633489,5,0.5294117647058824,21272.0,0.6238532110091743
10633782,2,0.8,34340.0,0.5722070844686649
10633782,5,0.42105263157894735,23064.0,0.7870036101083032
10635498,1,0.5,30035.0,0.3590836441129462
10635498,2,0.5,68687451936.0,0.6418181818181818
10635498,3,1.0,0.0,0.1687315634218289
10635498,4,0.25,0.0,0.5533290239172592
10635498,5,0.2,11368.0,0.30579531442663377
10635498,6,0.6666666666666666,0.0,0.828395061728395
10635498,7,1.0,0.0,0.27138263665594853
10638514,2,1.0,19031.0,0.5727272727272728
10638514,5,0.11764705882352941,9693.0,0.6502242152466368
10648777,2,1.0,757465671.0,0.6825396825396826
10648777,1,1.0,29811.0,0.8412698412698413
10648777,5,0.5021459227467812,284418.0,0.5609756097560976
10660009,1,0.5128205128205128,38119.0,0.8122977346278317
10660009,2,0.41379310344827586,18826.0,0.5457142857142857
10660009,3,0.125,0.0,0.4578313253012048
10660009,6,0.16129032258064516,0.0,0.580110497237569
10660009,7,0.0,0.0,0.6307692307692307
10660009,5,0.3225806451612903,82811.0,0.52
10660947,1,1.0,81331.0,0.565068493150685
10660947,7,1.0,0.0,0.5833333333333334
10660947,6,0.8947368421052632,0.0,0.580110497237569
10660947,3,1.0,0.0,0.7
10660947,5,0.72,33772.0,0.3185483870967742
10660947,2,0.8695652173913043,23818.0,0.5105740181268882
10660947,4,0.5,0.0,0.7805907172995781
10662025,2,0.5492957746478874,21010.0,0.567032967032967
10662025,1,0.65625,341852390.0,0.5962059620596206
10662025,5,0.6466165413533834,21340.0,0.5091575091575091
10662025,6,0.5585585585585585,0.0,0.3181818181818182
10681882,1,0.8421052631578947,46211.0,0.9433962264150944
10681882,2,0.8064516129032258,71167.0,0.8444444444444444
10681882,3,0.75,0.0,0.8043478260869565
10681882,4,0.5769230769230769,0.0,0.7941176470588235
10681882,5,0.5377358490566038,35402.0,0.816793893129771
10681882,7,0.6086956521739131,0.0,0.6772151898734177
10681882,6,0.6571428571428571,0.0,0.6482213438735178
10686940,1,0.5,63329.0,0.35410764872521244
10686940,2,0.42857142857142855,23145.0,0.7845433255269321
10686940,3,0.5769230769230769,0.0,0.8275862068965517
10686940,4,1.0,0.0,0.5882352941176471
10686940,5,0.6358024691358025,304854.0,0.5
10686940,6,0.6666666666666666,0.0,0.8984771573604061
10686940,7,0.6428571428571429,0.0,0.847457627118644
10695908,2,0.5,68687451936.0,0.7291666666666666
10695908,5,0.5333333333333333,19828.0,0.5074626865671642
10703950,2,0.21739130434782608,29255.0,0.7534246575342466
10703950,5,0.35714285714285715,23387621.0,0.6157407407407407
10704123,7,0.5,0.0,0.7422680412371134
10704123,4,0.5454545454545454,0.0,0.8205128205128205
10704123,3,0.6875,0.0,0.8987341772151899
10704123,1,0.868421052631579,35143.0,0.8109452736318408
10704123,6,0.6363636363636364,0.0,0.7926829268292683
10704123,2,0.8896103896103896,27014.0,0.7836734693877551
10704123,5,0.6505190311418685,22717.0,0.7064220183486238
10704228,1,0.5,19900.0,0.3590836441129462
10704228,2,0.5,68687451936.0,0.6418181818181818
10704228,3,1.0,0.0,0.1687315634218289
10704228,4,0.25,0.0,0.47123464770523593
10704228,5,0.2,17222.0,0.30579531442663377
10704228,6,0.6666666666666666,0.0,0.2726423902894491
10704228,7,0.3333333333333333,0.0,0.6019292604501608
10704404,5,1.0,57085.0,0.43370165745856354
10704404,3,0.4146341463414634,0.0,0.6231884057971014
10704404,4,0.2857142857142857,0.0,0.7758620689655172
10704404,1,0.7714285714285715,51742.0,0.8192771084337349
10704404,2,0.4791666666666667,49566.0,0.48663101604278075
10706559,1,0.0,24067.0,0.3590836441129462
10706559,3,0.0,0.0,0.1687315634218289
10706559,4,0.25,0.0,0.5533290239172592
10706559,6,0.0,0.0,0.43137254901960786
10706559,7,0.6666666666666666,0.0,0.41864951768488745
10706559,2,0.6666666666666666,21398.0,0.7727272727272727
10706559,5,0.37142857142857144,52566.0,0.7931034482758621
10709928,2,0.5,68687451936.0,0.6777493606138107
10709928,1,1.0,116240.0,0.6688741721854304
10709928,5,0.5333333333333333,33771.0,0.531496062992126
10715387,1,1.0,21446.0,0.3590836441129462
10715387,3,1.0,0.0,0.1687315634218289
10715387,4,0.5,0.0,0.5533290239172592
10715387,5,0.4,20639.0,0.30579531442663377
10715387,6,1.0,0.0,0.2726423902894491
10715387,7,0.6666666666666666,0.0,0.6019292604501608
10715387,2,0.9,20074.0,0.6062176165803109
10724199,2,0.5,68687451936.0,0.7857142857142857
10724199,5,0.6,44357.0,0.6073619631901841
10724199,1,0.5,55960.0,0.6515151515151515
10728616,3,0.65,0.0,0.4065934065934066
10728616,7,0.3076923076923077,0.0,0.7540983606557377
10728616,4,0.7457627118644068,0.0,0.972972972972973
10728616,1,0.8181818181818182,54534.0,0.6351351351351351
10728616,5,0.6405228758169934,23443.0,0.6325581395348837
10728616,2,0.7472527472527473,42844.0,0.5727272727272728
10753573,2,0.7037037037037037,31455.0,0.7520661157024794
10753573,5,0.5384615384615384,12734.0,0.803921568627451
10777854,1,0.85,37841.0,0.6356877323420075
10777854,3,0.5,0.0,0.6212121212121212
10777854,4,0.2,0.0,0.5833333333333334
10777854,2,0.4909090909090909,21801.0,0.6896551724137931
10777854,5,0.5136986301369864,84808.0,0.6
10790784,1,0.5,68687451936.0,0.751131221719457
10790784,2,0.5454545454545454,20993.0,0.7254004576659039
10790784,5,0.3684210526315789,15337.0,0.5566037735849056
10795745,5,0.6666666666666666,22027.0,0.5150375939849624
10795745,2,0.6666666666666666,29166.0,0.3655913978494624
10798158,1,0.0,25746.0,0.3590836441129462
10798158,2,0.5,68687451936.0,0.6418181818181818
10798158,3,0.5,0.0,0.1687315634218289
10798158,4,0.25,0.0,0.47123464770523593
10798158,5,0.0,26940.0,0.30579531442663377
10798158,6,0.3333333333333333,0.0,0.2726423902894491
10798158,7,0.0,0.0,0.490032154340836
10799531,1,0.7407407407407407,52432.0,0.6757990867579908
10799531,2,0.5,76230.0,0.567032967032967
10799531,3,0.45454545454545453,0.0,0.8238993710691824
10799531,5,0.5555555555555556,34366.0,0.8219895287958116
10805530,5,0.375,35609.0,0.5566037735849056
10805871,4,0.5714285714285714,0.0,0.7058823529411765
10805871,3,0.5517241379310345,0.0,0.6923076923076923
10805871,1,0.4482758620689655,44603.0,0.32592592592592595
10805871,7,0.5454545454545454,0.0,0.6410256410256411
10805871,6,0.6,0.0,0.7058823529411765
10805871,2,0.569620253164557,4602880.0,0.6666666666666666
10805871,5,0.5421686746987951,53647.0,0.6304347826086957
10814043,1,1.0,2586219126.0,0.9195402298850575
10814043,2,0.6751592356687898,221996.0,0.50199203187251
10814043,5,0.5948717948717949,31431.0,0.7027027027027027
10815411,1,0.0,18220.0,0.3590836441129462
10815411,2,0.5,68687451936.0,0.6418181818181818
10815411,3,0.0,0.0,0.6306784660766962
10815411,4,0.25,0.0,0.42857142857142855
10815411,5,0.0,6140.0,0.30579531442663377
10815411,6,0.0,0.0,0.47619047619047616
10815411,7,0.0,0.0,0.41864951768488745
10820582,1,0.5,28827.0,0.3590836441129462
10820582,2,0.5,68687451936.0,0.6418181818181818
10820582,3,1.0,0.0,0.1687315634218289
10820582,4,0.5,0.0,0.42857142857142855
10820582,5,0.0,20723.0,0.30579531442663377
10820582,6,0.0,0.0,0.6185185185185185
10820582,7,0.6666666666666666,0.0,0.41864951768488745
10821769,1,0.5,26939.0,0.3590836441129462
10821769,2,0.5,68687451936.0,0.6418181818181818
10821769,3,0.5,0.0,0.1687315634218289
10821769,4,0.25,0.0,0.47123464770523593
10821769,5,0.8,17587.0,0.30579531442663377
10821769,6,0.6666666666666666,0.0,0.4067796610169492
10821769,7,0.6666666666666666,0.0,0.41864951768488745
10828969,5,0.5454545454545454,431620.0,0.5969773299748111
10831439,2,0.5,68687451936.0,0.9264705882352942
10831439,6,0.7333333333333333,0.0,0.782051282051282
10831439,5,0.6888888888888889,29333.0,0.6495726495726496
10831720,1,0.0,25344.0,0.3590836441129462
10831720,2,0.5,68687451936.0,0.6418181818181818
10831720,3,0.5,0.0,0.6312684365781711
10831720,4,0.25,0.0,0.42857142857142855
10831720,5,0.6,59542.0,0.30579531442663377
10831720,6,0.6666666666666666,0.0,0.6451914098972923
10831720,7,0.3333333333333333,0.0,0.6019292604501608
10832645,1,0.5,22922.0,0.3590836441129462
10832645,2,0.5,68687451936.0,0.6418181818181818
10832645,3,0.5,0.0,0.6312684365781711
10832645,4,0.25,0.0,0.47123464770523593
10832645,5,0.4,12102.0,0.30579531442663377
10832645,6,0.0,0.0,0.6451914098972923
10832645,7,0.3333333333333333,0.0,0.490032154340836
10837775,7,1.0,0.0,0.4819277108433735
10837775,5,0.6542056074766355,98302.0,0.5469387755102041
10837775,6,0.7142857142857143,0.0,0.8224852071005917
10837775,1,0.9090909090909091,57224.0,0.7216494845360825
10837775,2,0.7692307692307693,34764.0,0.6031746031746031
10837775,3,0.5,0.0,0.5565217391304348
10849414,1,0.5,24043.0,0.3590836441129462
10849414,2,0.5,68687451936.0,0.6418181818181818
10849414,3,0.5,0.0,0.6306784660766962
10849414,4,0.125,0.0,0.47123464770523593
10849414,5,0.0,3200.0,0.30579531442663377
10849414,6,0.3333333333333333,0.0,0.47619047619047616
10849414,7,0.0,0.0,0.6019292604501608
10854346,3,1.0,0.0,0.1687315634218289
10854346,4,0.5,0.0,0.5533290239172592
10854346,7,0.6666666666666666,0.0,0.27138263665594853
10854346,1,0.5714285714285714,31203.0,0.8288288288288288
10854346,2,0.4,32986.0,0.297153024911032
10854346,5,0.475,36630619.0,0.5201793721973094
10854346,6,0.42857142857142855,0.0,0.6243093922651933
10855907,2,0.5,68687451936.0,0.7016129032258065
10855907,1,0.5,68687451936.0,0.8939393939393939
10855907,5,0.25,25743.0,0.7
10857166,1,0.5,22416.0,0.3590836441129462
10857166,2,0.5,68687451936.0,0.6418181818181818
10857166,3,0.5,0.0,0.6312684365781711
10857166,4,0.25,0.0,0.47123464770523593
10857166,5,0.4,38903.0,0.30579531442663377
10857166,6,0.3333333333333333,0.0,0.6451914098972923
10857166,7,0.0,0.0,0.27138263665594853
10857801,2,1.0,24487.0,0.5777777777777777
10857801,5,0.6666666666666666,30969.0,0.634453781512605
10860665,2,0.6865671641791045,134183.0,0.8828828828828829
10860665,3,0.6164383561643836,0.0,0.6041666666666666
10860665,6,0.9090909090909091,0.0,0.8136363636363636
10860665,1,0.715,41900.0,0.7777777777777778
10860665,4,0.592741935483871,0.0,0.8108108108108109
10860665,5,0.5882352941176471,100544.0,0.6486988847583643
10861951,1,0.5,21201.0,0.3590836441129462
10861951,2,0.5,68687451936.0,0.6418181818181818
10861951,3,1.0,0.0,0.6306784660766962
10861951,4,0.375,0.0,0.5533290239172592
10861951,5,0.2,21469.0,0.30579531442663377
10861951,6,0.6666666666666666,0.0,0.6451914098972923
10861951,7,0.3333333333333333,0.0,0.490032154340836
10873212,5,0.7721518987341772,18227.0,0.7831325301204819
10873212,7,0.7407407407407407,0.0,0.4819277108433735
10873212,1,0.5454545454545454,26085.0,0.8288288288288288
10873212,6,0.6518518518518519,0.0,0.5238095238095238
10873212,4,0.7169811320754716,0.0,0.589041095890411
10873212,3,0.8157894736842105,0.0,0.8762376237623762
10873212,2,0.71875,25656.0,0.5607814761215629
10874551,1,0.8,40038.0,0.782608695652174
10874551,2,1.0,22316.0,0.8842975206611571
10874551,7,1.0,0.0,0.9272727272727272
10874551,6,0.8333333333333334,0.0,0.553072625698324
10874551,5,0.7586206896551724,115364.0,0.6486486486486487
10874551,4,0.8,0.0,0.6041666666666666
10876142,2,0.3333333333333333,96665.0,0.8625954198473282
10876142,5,0.2857142857142857,1121575.0,0.4819672131147541
10879629,2,0.75,23653.0,0.6615384615384615
10879629,5,0.5294117647058824,16630.0,0.6760259179265659
10892337,3,0.45454545454545453,0.0,0.5416666666666666
10892337,1,0.3076923076923077,39391.0,0.5899280575539568
10892337,2,0.30985915492957744,24502.0,0.4612546125461255
10892337,5,0.5,56985.0,0.5121951219512195
10895438,1,0.5,32093.0,0.3590836441129462
10895438,2,0.5,68687451936.0,0.6418181818181818
10895438,3,1.0,0.0,0.6306784660766962
10895438,4,0.0,0.0,0.5533290239172592
10895438,5,0.2,21034.0,0.30579531442663377
10895438,6,0.3333333333333333,0.0,0.47619047619047616
10895438,7,0.0,0.0,0.490032154340836
10898041,5,0.21428571428571427,2449454.0,0.3821138211382114
10898041,2,0.5384615384615384,47861.0,0.8958333333333334
10905154,1,1.0,21560.0,0.7684210526315789
10916761,5,0.3333333333333333,24644.0,0.6666666666666666
10916761,2,0.46153846153846156,28239.0,0.6655231560891939
10919712,5,0.47058823529411764,87735.0,0.7096774193548387
10919712,2,0.6197183098591549,114083.0,0.5042735042735043
10922513,1,0.0,25746.0,0.3590836441129462
10922513,2,0.5,68687451936.0,0.6418181818181818
10922513,3,0.0,0.0,0.6312684365781711
10922513,4,0.25,0.0,0.5533290239172592
10922513,5,0.4,2534.0,0.30579531442663377
10922513,6,0.0,0.0,0.2726423902894491
10922513,7,0.0,0.0,0.41864951768488745
10938316,6,0.6373626373626373,0.0,0.8188976377952756
10938316,7,0.7307692307692307,0.0,0.46511627906976744
10938316,5,0.7631578947368421,24436.0,0.7835051546391752
10938316,4,0.7286432160804021,0.0,0.90625
10938316,1,0.8159509202453987,42385.0,0.8148148148148148
10938316,2,0.8051282051282052,27900.0,0.9545454545454546
10938316,3,0.8418604651162791,0.0,0.6436781609195402
10965082,5,0.1875,12031.0,0.8575129533678757
10974103,5,0.47368421052631576,20942.0,0.625
10977629,1,0.5,68687451936.0,0.458041958041958
10977629,5,0.42857142857142855,25013.0,0.7438271604938271
10977629,2,0.9,25838.0,0.8673469387755102
10984198,1,1.0,33443.0,0.6310160427807486
10984198,2,0.6896551724137931,28222.0,0.5604395604395604
10984198,5,0.6925287356321839,43711.0,0.5243243243243243
10985252,2,0.6363636363636364,42111.0,0.528
10985252,5,0.59375,269121.0,0.3108108108108108
10985252,7,0.7786259541984732,0.0,0.7282608695652174
10985252,6,0.7633136094674556,0.0,0.5928571428571429
10987448,2,0.6666666666666666,45226.0,0.7964601769911505
10987448,5,0.5945945945945946,63711.0,0.6596736596736597
10989648,1,0.5,25811.0,0.3590836441129462
10989648,2,0.5,68687451936.0,0.6418181818181818
10989648,3,1.0,0.0,0.6306784660766962
10989648,4,0.625,0.0,0.42857142857142855
10989648,5,0.4,20863.0,0.30579531442663377
10989648,6,0.3333333333333333,0.0,0.6451914098972923
10989648,7,1.0,0.0,0.27138263665594853
11011129,1,0.5,25353.0,0.3590836441129462
11011129,2,0.5,68687451936.0,0.6418181818181818
11011129,3,1.0,0.0,0.6312684365781711
11011129,4,0.75,0.0,0.5533290239172592
11011129,6,0.6666666666666666,0.0,0.828395061728395
11011129,7,0.3333333333333333,0.0,0.490032154340836
11011129,5,0.8,20890.0,0.5551601423487544
11014800,2,1.0,20663.0,0.6777493606138107
11014800,5,0.3333333333333333,25678.0,0.5030581039755352
11020066,1,0.5,68687451936.0,0.37637362637362637
11020066,5,0.8571428571428571,48643.0,0.391304347826087
11020066,2,0.7777777777777778,22766.0,0.7625
11022428,1,0.5,68687451936.0,0.9423076923076923
11022428,2,0.6363636363636364,18417.0,0.9242424242424242
11022428,5,0.6666666666666666,19003.0,0.44656488549618323
11023884,5,0.75,34061.0,0.3984375
11023884,2,0.5,68687451936.0,0.6777493606138107
11023884,6,0.6666666666666666,0.0,0.7514792899408284
11023884,1,0.5,112910.0,0.8163265306122449
11024994,6,1.0,0.0,0.7428571428571429
11024994,5,0.5294117647058824,28355.0,0.5551601423487544
11024994,1,0.8333333333333334,31121.0,0.6538461538461539
11024994,4,0.7142857142857143,0.0,0.5294117647058824
11027892,1,0.5,21081.0,0.3590836441129462
11027892,2,0.5,68687451936.0,0.6418181818181818
11027892,3,0.0,0.0,0.6306784660766962
11027892,4,0.25,0.0,0.47123464770523593
11027892,5,0.2,35058.0,0.30579531442663377
11027892,6,0.3333333333333333,0.0,0.828395061728395
11027892,7,0.0,0.0,0.6019292604501608
11032586,5,0.5,22489.0,0.6197183098591549
11032586,2,0.0,32856.0,0.48576512455516013
11033011,5,0.5135135135135135,26638.0,0.578494623655914
11036207,1,0.5,68687451936.0,0.5773195876288659
11036207,2,0.8888888888888888,62947.0,0.6842105263157895
11036207,5,0.46153846153846156,77175.0,0.6029411764705882
11038066,1,0.5,68687451936.0,0.6688741721854304
11038066,5,0.6030188679245283,22824.0,0.45161290322580644
11038066,2,0.807753164556962,33709.0,0.6666666666666666
11041950,1,0.5,68687451936.0,0.37637362637362637
11041950,2,1.0,16996.0,0.9065420560747663
11041950,5,0.3076923076923077,42882.0,0.6325581395348837
11047546,3,0.5,0.0,0.6312684365781711
11047546,5,0.4,24076.0,0.30579531442663377
11047546,6,0.2,0.0,0.22842639593908629
11047546,7,0.15384615384615385,0.0,0.3173076923076923
11047546,2,0.8,48607.0,0.845360824742268
11047546,4,0.6363636363636364,0.0,0.7350427350427351
11047546,1,0.7647058823529411,62748.0,0.75
11050314,2,0.5,68687451936.0,0.6451612903225806
11050314,5,0.2,24589.0,0.5789473684210527
11056846,1,0.5,68687451936.0,0.7896440129449838
11056846,5,0.6,58821.0,0.2815533980582524
11056846,2,0.8,26728.0,0.7803468208092486
11066454,5,0.2,34805.0,0.30579531442663377
11066454,6,0.5789473684210527,0.0,0.5454545454545454
11066454,2,0.6666666666666666,87238.0,0.36306729264475746
11066454,7,0.4666666666666667,0.0,0.6923076923076923
11066454,3,0.4,0.0,0.6306784660766962
11066454,4,0.36363636363636365,0.0,0.2764811490125673
11066454,1,0.5,45305.0,0.8983050847457628
11066903,2,0.6842105263157895,57482.0,0.8082089552238806
11066903,5,0.5384615384615384,41526.0,0.625
11073017,2,0.6363636363636364,43241.0,0.7217391304347827
11073017,5,0.55,964361.0,0.2920137187653111
11079173,5,0.4444444444444444,56832.0,0.7333333333333333
11079173,1,0.7101449275362319,30854.0,0.8020304568527918
11079173,2,0.5538461538461539,25501.0,0.7125
11084192,1,0.5,30453.0,0.3590836441129462
11084192,3,0.5,0.0,0.1687315634218289
11084192,4,0.125,0.0,0.47123464770523593
11084192,6,0.3333333333333333,0.0,0.6185185185185185
11084192,7,1.0,0.0,0.6019292604501608
11084192,2,0.8042553191489362,15560.0,0.5352112676056338
11084192,5,0.608540925266904,24022.0,0.5609756097560976
11085086,1,0.0,25504.0,0.3590836441129462
11085086,2,0.5,68687451936.0,0.6418181818181818
11085086,3,0.0,0.0,0.6312684365781711
11085086,4,0.125,0.0,0.42857142857142855
11085086,5,0.4,28810.0,0.30579531442663377
11085086,6,0.6666666666666666,0.0,0.47619047619047616
11085086,7,0.0,0.0,0.27138263665594853
11089692,1,0.5,26372.0,0.3590836441129462
11089692,3,0.0,0.0,0.6312684365781711
11089692,4,0.5,0.0,0.42857142857142855
11089692,6,1.0,0.0,0.828395061728395
11089692,7,1.0,0.0,0.41864951768488745
11089692,2,0.8,22766.0,0.7517241379310344
11089692,5,0.5333333333333333,16468.0,0.5199543899657925
11096749,1,0.0,26569.0,0.3590836441129462
11096749,2,0.5,68687451936.0,0.6418181818181818
11096749,3,0.5,0.0,0.6306784660766962
11096749,4,0.25,0.0,0.42857142857142855
11096749,5,0.2,9534.0,0.30579531442663377
11096749,6,0.6666666666666666,0.0,0.6451914098972923
11096749,7,0.0,0.0,0.27138263665594853
11099343,2,0.5,13709.0,0.8148148148148148
11099343,5,0.16666666666666666,41821.0,0.6213333333333333
11101709,2,1.0,23179.0,0.8125
11101709,5,0.42857142857142855,37554.0,0.7083333333333334
11101892,2,0.5,68687451936.0,0.864
11101892,5,0.26666666666666666,24861.0,0.6428571428571429
11106142,7,0.3333333333333333,0.0,0.41864951768488745
11106142,4,0.2727272727272727,0.0,0.8244897959183674
11106142,3,0.375,0.0,0.47619047619047616
11106142,6,0.3157894736842105,0.0,0.782051282051282
11106142,1,0.8113207547169812,41477.0,0.9444444444444444
11106142,5,0.375366568914956,5667.0,0.5629370629370629
11106142,2,0.4166666666666667,98491.0,0.8649921507064364
11113435,2,0.5,68687451936.0,0.8828828828828829
11113435,5,0.6,45850.0,0.5389408099688473
11115728,1,0.5428571428571428,71535.0,0.5923566878980892
11115728,5,0.27586206896551724,8631.0,0.3073286052009456
11129376,1,0.5,27954.0,0.3590836441129462
11129376,3,0.5,0.0,0.1687315634218289
11129376,4,0.375,0.0,0.47123464770523593
11129376,6,0.0,0.0,0.47619047619047616
11129376,7,0.6666666666666666,0.0,0.27138263665594853
11129376,5,0.6666666666666666,42810359.0,0.6596736596736597
11129376,2,0.6818181818181818,41445.0,0.8082089552238806
11133059,2,0.5,68687451936.0,0.7441860465116279
11133059,5,0.25,60648.0,0.8053097345132744
11134899,1,0.0,24845.0,0.3590836441129462
11134899,2,0.5,68687451936.0,0.6418181818181818
11134899,3,0.0,0.0,0.6306784660766962
11134899,4,0.0,0.0,0.47123464770523593
11134899,5,0.0,7037.0,0.30579531442663377
11134899,6,0.6666666666666666,0.0,0.47619047619047616
11134899,7,0.3333333333333333,0.0,0.490032154340836
11135558,1,0.5,68687451936.0,0.5466666666666666
11135558,2,0.7777777777777778,26401.0,0.5763888888888888
11135558,5,0.6,17416.0,0.6306620209059234
11141048,1,1.0,149103.0,0.37637362637362637
11141048,5,0.5,67533.0,0.36666666666666664
11141048,2,0.7777777777777778,23269.0,0.3655913978494624
11142786,1,0.5,19618.0,0.3590836441129462
11142786,2,0.5,68687451936.0,0.6418181818181818
11142786,3,0.0,0.0,0.6306784660766962
11142786,4,0.125,0.0,0.42857142857142855
11142786,5,0.6,13470.0,0.30579531442663377
11142786,6,0.0,0.0,0.6451914098972923
11142786,7,0.6666666666666666,0.0,0.27138263665594853
11153040,5,0.6486486486486487,100626.0,0.17751479289940827
11153040,2,0.782608695652174,86375.0,0.5364583333333334
11155063,5,0.32,45057.0,0.6729559748427673
11155063,1,0.2,26863.0,1.0
11155063,2,0.4166666666666667,30004.0,0.6728395061728395
11161602,1,0.9,28230.0,0.3590836441129462
11161602,3,0.5,0.0,0.6306784660766962
11161602,4,0.25,0.0,0.42857142857142855
11161602,6,0.0,0.0,0.4067796610169492
11161602,7,0.0,0.0,0.41864951768488745
11161602,2,0.7,56011.0,0.6481481481481481
11161602,5,0.4,27955.0,0.4945054945054945
11165144,2,0.7,28168.0,0.7744360902255639
11165144,5,0.5531914893617021,11217.0,0.43209876543209874
11180115,2,0.5,68687451936.0,0.8861386138613861
11180115,5,0.5238095238095238,21443.0,0.62
11202048,1,0.0,114498.0,0.639751552795031
11202048,2,0.25,21315.0,0.5446428571428571
11202048,5,0.6470588235294118,61437.0,0.6415094339622641
11212344,3,0.78125,0.0,0.3493975903614458
11212344,4,0.7272727272727273,0.0,0.8709677419354839
11212344,2,0.8214285714285714,81131.0,0.666030534351145
11212344,1,0.8208955223880597,54347.0,0.5608108108108109
11212344,7,0.6451612903225806,0.0,0.627906976744186
11212344,6,0.6666666666666666,0.0,0.5798816568047337
11212344,5,0.5,49166.0,0.5753012048192772
11224737,5,0.5454545454545454,17708.0,0.25796178343949044
11241108,1,0.5,26350.0,0.3590836441129462
11241108,3,1.0,0.0,0.6306784660766962
11241108,4,0.375,0.0,0.42857142857142855
11241108,6,0.6666666666666666,0.0,0.4580246913580247
11241108,7,0.3333333333333333,0.0,0.41864951768488745
11241108,2,0.8,42109.0,0.7216748768472906
11241108,5,0.68,62681.0,0.7
11254408,1,0.5,24989.0,0.3590836441129462
11254408,2,0.5,68687451936.0,0.6418181818181818
11254408,3,0.5,0.0,0.1687315634218289
11254408,4,0.625,0.0,0.42857142857142855
11254408,5,0.0,11790.0,0.30579531442663377
11254408,6,0.3333333333333333,0.0,0.2726423902894491
11254408,7,0.0,0.0,0.6019292604501608
11257470,1,0.5,68687451936.0,0.7710843373493976
11257470,5,0.7333333333333333,24042.0,0.48120300751879697
11257854,1,1.0,27048.0,0.3590836441129462
11257854,2,0.5,68687451936.0,0.6418181818181818
11257854,3,1.0,0.0,0.6312684365781711
11257854,4,0.6,0.0,0.23000619962802232
11263197,2,0.5,68687451936.0,0.8840579710144928
11263197,5,0.35294117647058826,10057.0,0.8214285714285714
11264856,1,0.5,25118.0,0.3590836441129462
11264856,2,0.5,68687451936.0,0.6418181818181818
11264856,3,0.5,0.0,0.6306784660766962
11264856,4,0.25,0.0,0.42857142857142855
11264856,5,0.4,11961.0,0.30579531442663377
11264856,6,0.6666666666666666,0.0,0.6185185185185185
11264856,7,0.3333333333333333,0.0,0.27138263665594853
11265028,2,0.7777777777777778,42829.0,0.6549295774647887
11265028,5,0.3888888888888889,94221.0,0.8571428571428571
11268916,1,0.5,68687451936.0,0.37637362637362637
11268916,2,0.85,33090.0,0.8774617067833698
11268916,5,0.52,78997.0,0.6274509803921569
11269807,5,0.3333333333333333,38968.0,0.6935483870967742
11269807,2,0.5833333333333334,60826.0,0.6423841059602649
11271313,2,0.0,39766.0,0.7435897435897436
11271313,5,0.7599337748344371,40069.0,0.4444444444444444
11272217,1,0.8,28234.0,0.5608108108108109
11272217,4,0.42857142857142855,0.0,0.6041666666666666
11272217,5,0.6792452830188679,27320.0,0.6428571428571429
11272217,2,0.5714285714285714,25597.0,0.5907990314769975
11272217,3,0.7142857142857143,0.0,0.4032258064516129
11272217,6,0.5106382978723404,0.0,0.7272727272727273
11276433,1,1.0,25730.0,0.3590836441129462
11276433,3,0.5,0.0,0.1687315634218289
11276433,4,0.5,0.0,0.47123464770523593
11276433,6,1.0,0.0,0.47619047619047616
11276433,7,1.0,0.0,0.490032154340836
11276433,2,0.75,23992.0,0.8888888888888888
11276433,5,0.776536312849162,27301.0,0.22033898305084745
11278276,1,0.0,22530.0,0.3590836441129462
11278276,2,0.5,68687451936.0,0.6418181818181818
11278276,3,0.0,0.0,0.6306784660766962
11278276,4,0.125,0.0,0.47123464770523593
11278276,5,0.0,5974.0,0.30579531442663377
11278276,6,0.0,0.0,0.42663378545006164
11278276,7,0.0,0.0,0.27138263665594853
11280905,3,0.78,0.0,0.8351648351648352
11280905,6,0.6451612903225806,0.0,0.29577464788732394
11280905,1,0.875,39069.0,0.554140127388535
11280905,5,0.43333333333333335,25750.0,0.3853211009174312
11280905,2,0.8405797101449275,44076.0,0.7016129032258065
11283316,1,0.7777777777777778,70746.0,0.8181818181818182
11283316,3,0.8,0.0,0.59375
11283316,5,0.5432098765432098,98869.0,0.3639705882352941
11283316,2,0.524390243902439,45299.0,0.6064516129032258
11284218,5,0.3157894736842105,30570.0,0.5333333333333333
11288847,1,1.0,23429.0,0.3590836441129462
11288847,2,0.5,68687451936.0,0.6418181818181818
11288847,3,1.0,0.0,0.1687315634218289
11288847,4,0.25,0.0,0.42857142857142855
11288847,5,0.4,19296.0,0.30579531442663377
11288847,6,0.6666666666666666,0.0,0.47619047619047616
11288847,7,0.6666666666666666,0.0,0.490032154340836
11296458,1,1.0,34543.0,0.3590836441129462
11296458,2,0.5,68687451936.0,0.6418181818181818
11296458,3,1.0,0.0,0.6306784660766962
11296458,4,0.0,0.0,0.2194668319900806
11301660,5,0.719626168224299,42928.0,0.9069767441860465
11301660,2,0.8289473684210527,24449.0,0.684
11308476,1,1.0,28110.0,0.9230769230769231
11308476,2,0.6153846153846154,26961.0,0.5607814761215629
11308476,5,0.782608695652174,35788.0,0.6666666666666666
11312175,6,0.42857142857142855,0.0,0.6918918918918919
11312175,1,0.7272727272727273,115001.0,0.5795454545454546
11312175,5,0.4642857142857143,87487731.0,0.45546218487394957
11312175,2,0.45,59284.0,0.6058631921824105
11312175,3,0.42857142857142855,0.0,0.8686131386861314
11314647,2,1.0,899831.0,0.8888888888888888
11314647,5,0.3333333333333333,37237.0,0.20149253731343283
11316849,6,0.6666666666666666,0.0,0.5529411764705883
11316849,7,0.5098039215686274,0.0,0.75
11316849,4,0.4473684210526316,0.0,0.6902654867256637
11316849,3,0.25,0.0,0.7553956834532374
11316849,5,0.6666666666666666,99065.0,0.4841549295774648
11316849,2,0.46564885496183206,11016773.0,0.6
11316849,1,0.5380116959064327,62072.0,0.7288135593220338
11322910,5,0.6521739130434783,22918.0,0.43010752688172044
11324360,1,0.5,26657.0,0.3590836441129462
11324360,3,0.5,0.0,0.6306784660766962
11324360,4,0.25,0.0,0.42857142857142855
11324360,6,0.0,0.0,0.2726423902894491
11324360,7,0.6666666666666666,0.0,0.490032154340836
11324360,2,0.85,47587.0,0.7296137339055794
11324360,5,0.6552462526766595,77844.0,0.2962962962962963
11326306,2,0.5,68687451936.0,0.6926406926406926
11326306,5,0.5,96290.0,0.7674418604651163
11337066,1,0.5,24696.0,0.3590836441129462
11337066,3,0.5,0.0,0.6306784660766962
11337066,4,0.375,0.0,0.42857142857142855
11337066,6,0.3333333333333333,0.0,0.6451914098972923
11337066,7,0.0,0.0,0.41864951768488745
11337066,2,0.6767241379310345,23027.0,0.6666666666666666
11337066,5,0.5958132045088567,33417.0,0.7142857142857143
11357790,5,0.3448275862068966,11605.0,0.3073286052009456
11358753,5,0.47692307692307695,34131.0,0.6
11358753,2,0.7121212121212122,26810.0,0.8043478260869565
11363022,1,0.0,24009.0,0.3590836441129462
11363022,2,0.5,68687451936.0,0.6418181818181818
11363022,3,0.5,0.0,0.1687315634218289
11363022,4,0.125,0.0,0.47123464770523593
11363022,5,0.3333333333333333,11647.0,0.2920137187653111
11369922,1,0.5,25568.0,0.3590836441129462
11369922,2,0.5,68687451936.0,0.6418181818181818
11369922,3,1.0,0.0,0.1687315634218289
11369922,4,0.125,0.0,0.47123464770523593
11369922,5,0.6,55896.0,0.30579531442663377
11369922,6,0.3333333333333333,0.0,0.6185185185185185
11369922,7,0.3333333333333333,0.0,0.41864951768488745
11380119,2,0.8620689655172413,27819.0,0.7340425531914894
11380119,5,0.4852941176470588,19845539.0,0.6521739130434783
11380873,2,0.5217391304347826,75175.0,0.8774617067833698
11380873,5,0.5777777777777777,73402.0,0.6604938271604939
11394526,2,0.5333333333333333,21641.0,0.6121212121212121
11394526,6,0.3142857142857143,0.0,0.7583892617449665
11394526,1,0.5,32330.0,0.667741935483871
11394526,4,0.42857142857142855,0.0,0.5662650602409639
11394526,5,0.38095238095238093,22581.0,0.2815533980582524
11396918,4,0.8571428571428571,0.0,0.5476190476190477
11396918,3,0.5862068965517241,0.0,0.5625
11396918,1,0.5263157894736842,31842.0,0.7956989247311828
11396918,6,0.7454545454545455,0.0,0.2619047619047619
11396918,5,0.5054945054945055,92553.0,0.32792207792207795
11396918,2,0.5079365079365079,27106.0,0.6173469387755102
11396918,7,0.47368421052631576,0.0,0.42857142857142855
11402667,1,1.0,15782.0,0.6385542168674698
11402667,5,0.8,25244.0,0.2524752475247525
11402667,2,0.8571428571428571,11393.0,0.48663101604278075
11404670,4,0.6470588235294118,0.0,0.9459459459459459
11404670,6,0.8,0.0,0.8
11404670,7,0.3333333333333333,0.0,0.8076923076923077
11404670,3,0.5609756097560976,0.0,0.9555555555555556
11404670,1,0.6363636363636364,25541.0,0.8705882352941177
11404670,2,0.5371428571428571,18892.0,0.8560606060606061
11404670,5,0.46589446589446587,30682.0,0.9166666666666666
11407113,1,1.0,27085.0,0.3590836441129462
11407113,2,0.5,68687451936.0,0.6418181818181818
11407113,3,0.5,0.0,0.6306784660766962
11407113,4,0.5,0.0,0.47123464770523593
11407113,5,0.0,18911.0,0.30579531442663377
11407113,6,1.0,0.0,0.42663378545006164
11407113,7,0.6666666666666666,0.0,0.27138263665594853
11412125,2,0.6410256410256411,68406.0,0.4958217270194986
11412125,4,0.85,0.0,0.5206896551724138
11412125,5,0.6242127361791463,29721.0,0.6666666666666666
11412125,6,0.704225352112676,0.0,0.6028985507246377
11412125,1,0.7469879518072289,30159.0,0.7464788732394366
11412125,3,0.6792452830188679,0.0,0.5079365079365079
11412125,7,0.6899736147757256,0.0,0.75
11413859,1,0.5,25764.0,0.3590836441129462
11413859,2,0.5,68687451936.0,0.6418181818181818
11413859,3,1.0,0.0,0.1687315634218289
11413859,4,0.0,0.0,0.47123464770523593
11413859,5,0.4,26263.0,0.30579531442663377
11413859,6,0.6666666666666666,0.0,0.828395061728395
11413859,7,0.6666666666666666,0.0,0.27138263665594853
11421326,7,0.5,0.0,0.7222222222222222
11421326,4,0.36,0.0,0.3684210526315789
11421326,6,0.5485714285714286,0.0,0.7878787878787878
11421326,3,0.5539568345323741,0.0,0.6097560975609756
11421326,1,0.7539267015706806,46198.0,0.4031620553359684
11421326,2,0.6854066985645934,664284.0,0.7894736842105263
11421326,5,0.6642066420664207,54991.0,0.7647058823529411
11423424,1,0.5,68687451936.0,0.9423076923076923
11423424,5,0.3488372093023256,289569.0,0.48623853211009177
11423424,2,0.7142857142857143,23871.0,0.616822429906542
11434196,1,0.5,24103.0,0.3590836441129462
11434196,3,0.0,0.0,0.6306784660766962
11434196,4,0.25,0.0,0.42857142857142855
11434196,6,0.3333333333333333,0.0,0.47619047619047616
11434196,7,0.6666666666666666,0.0,0.27138263665594853
11434196,2,0.6,23490.0,0.896
11434196,5,0.4117647058823529,13314.0,0.9183673469387755
11439185,1,0.5,58565.0,0.6633663366336634
11439185,3,0.5211267605633803,0.0,0.6351351351351351
11439185,2,0.4375,28995.0,0.8616780045351474
11439185,5,0.3333333333333333,40749.0,0.37623762376237624
11443274,7,0.5882352941176471,0.0,0.9142857142857143
11443274,4,0.625,0.0,0.4857142857142857
11443274,3,0.6578947368421053,0.0,0.8926553672316384
11443274,6,0.7121212121212122,0.0,0.9436619718309859
11443274,2,0.696969696969697,2857384886.0,0.6318181818181818
11443274,5,0.5416666666666666,223654.0,0.5027027027027027
11443274,1,0.574468085106383,168926.0,0.565068493150685
11445249,1,0.5,21465.0,0.3590836441129462
11445249,3,0.5,0.0,0.6312684365781711
11445249,4,0.5,0.0,0.47123464770523593
11445249,6,0.3333333333333333,0.0,0.43137254901960786
11445249,7,0.6666666666666666,0.0,0.27138263665594853
11445249,2,0.6,20171.0,0.8958333333333334
11445249,5,0.6388888888888888,210924.0,0.5019685039370079
11445527,3,0.7,0.0,0.9428571428571428
11445527,2,0.7407407407407407,24020.0,0.9215686274509803
11445527,1,0.75,78720.0,0.6974358974358974
11445527,7,0.21428571428571427,0.0,0.5686274509803921
11445527,6,0.45454545454545453,0.0,0.9132653061224489
11445527,4,0.5915492957746479,0.0,0.8589743589743589
11445527,5,0.5375939849624061,25776.0,0.5026737967914439
11447494,2,0.8095238095238095,22186.0,0.631578947368421
11447494,5,0.6301369863013698,12443.0,0.8431372549019608
11450549,1,0.5,28142.0,0.3590836441129462
11450549,2,0.5,68687451936.0,0.6418181818181818
11450549,3,1.0,0.0,0.1687315634218289
11450549,4,0.25,0.0,0.47123464770523593
11450549,5,0.5,68687451936.0,0.46551724137931033
11457827,2,0.6190476190476191,32122.0,0.8649921507064364
11457827,5,0.6805555555555556,59645.0,0.38461538461538464
11459047,1,1.0,23917.0,0.5962059620596206
11459047,2,0.7142857142857143,25344.0,0.7962264150943397
11459047,5,0.4117647058823529,37967.0,0.5434782608695652
11459815,1,1.0,26249.0,0.3590836441129462
11459815,2,0.5,68687451936.0,0.6418181818181818
11459815,3,0.5,0.0,0.6306784660766962
11459815,4,0.125,0.0,0.47123464770523593
11459815,5,0.4,18225.0,0.30579531442663377
11459815,6,0.6666666666666666,0.0,0.6451914098972923
11460655,1,0.7241379310344828,29295.0,0.3608490566037736
11460655,2,0.6551724137931034,21277.0,0.5457142857142857
11460655,3,0.4827586206896552,0.0,0.1687315634218289
11460655,4,0.3103448275862069,0.0,0.5170556552962298
11460655,6,0.45161290322580644,0.0,0.6243093922651933
11460655,7,0.3,0.0,0.78
11460655,5,0.4358974358974359,125748.0,0.2636363636363636
11461179,5,0.5,41885.0,0.2730496453900709
11461179,1,0.0,97292519.0,0.8122977346278317
11461179,2,1.0,97498707.0,0.6457627118644068
11461179,6,0.14285714285714285,0.0,0.7272727272727273
11461931,1,0.8,31591.0,0.9239766081871345
11461931,5,0.6909090909090909,243328.0,0.3611111111111111
11461931,2,0.8648648648648649,146208.0,0.297153024911032
11463260,1,0.5,68687451936.0,0.819672131147541
11463260,5,0.6,22353.0,0.3717948717948718
11463260,2,0.7777777777777778,46135.0,0.780952380952381
11466515,1,0.0,22948.0,0.3590836441129462
11466515,2,0.5,68687451936.0,0.6418181818181818
11466515,3,1.0,0.0,0.6306784660766962
11466515,4,0.375,0.0,0.47123464770523593
11466515,5,0.2,11503.0,0.30579531442663377
11466515,6,0.0,0.0,0.43137254901960786
11466515,7,0.3333333333333333,0.0,0.6019292604501608
11467815,1,1.0,42655.0,0.3590836441129462
11467815,3,0.5,0.0,0.6306784660766962
11467815,4,0.375,0.0,0.42857142857142855
11467815,6,1.0,0.0,0.6185185185185185
11467815,7,0.6666666666666666,0.0,0.6019292604501608
11467815,5,0.76,98498.0,0.8
11467815,2,0.7352941176470589,22429405.0,0.8469387755102041
11468474,3,0.8,0.0,0.6312684365781711
11468474,4,0.5172413793103449,0.0,0.47123464770523593
11468474,2,0.6231884057971014,185098.0,0.6363636363636364
11468474,1,0.6530612244897959,27436.0,0.8122977346278317
11468474,7,0.5428571428571428,0.0,0.4326923076923077
11468474,6,0.5827814569536424,0.0,0.7017543859649122
11468474,5,0.36187845303867405,45246.0,0.5355871886120996
11474968,1,0.5,25358.0,0.3590836441129462
11474968,2,0.5,68687451936.0,0.6418181818181818
11474968,3,0.5,0.0,0.6306784660766962
11474968,4,0.125,0.0,0.5533290239172592
11474968,5,0.2,33625.0,0.30579531442663377
11474968,6,0.3333333333333333,0.0,0.2726423902894491
11474968,7,0.6666666666666666,0.0,0.41864951768488745
11496316,4,0.25,0.0,0.42857142857142855
11496316,3,0.75,0.0,0.575
11496316,1,0.68,34963.0,0.8446601941747572
11496316,2,0.9375,26583.0,0.8616780045351474
11496316,6,0.5575757575757576,0.0,0.4702702702702703
11496316,5,0.6142372881355932,49339.0,0.8333333333333334
11496316,7,0.6020408163265306,0.0,0.5333333333333333
11502059,1,0.0,28168.0,0.3590836441129462
11502059,2,0.5,68687451936.0,0.6418181818181818
11502059,3,0.5,0.0,0.6306784660766962
11502059,4,0.375,0.0,0.47123464770523593
11502059,5,0.4,26060.0,0.30579531442663377
11502059,6,0.6666666666666666,0.0,0.6185185185185185
11502059,7,0.0,0.0,0.27138263665594853
11513252,1,0.5,23852.0,0.3590836441129462
11513252,3,0.5,0.0,0.6306784660766962
11513252,4,0.5,0.0,0.5533290239172592
11513252,6,0.3333333333333333,0.0,0.42663378545006164
11513252,7,0.0,0.0,0.490032154340836
11513252,5,0.3333333333333333,23773.0,0.6441558441558441
11513252,2,0.3,29119.0,0.8649921507064364
11519266,5,0.4444444444444444,57224.0,0.44545454545454544
11519266,1,0.5833333333333334,36494.0,0.634703196347032
11519266,6,0.41935483870967744,0.0,0.4580246913580247
11524191,2,0.8888888888888888,23617.0,0.7152542372881356
11524191,5,0.48148148148148145,42490.0,0.7142857142857143
11524446,1,1.0,29339.0,0.6385542168674698
11524446,5,0.6428571428571429,17300.0,0.3315018315018315
11526658,1,0.5,29803.0,0.3590836441129462
11526658,2,0.5,68687451936.0,0.6418181818181818
11526658,3,0.5,0.0,0.1687315634218289
11526658,4,0.0,0.0,0.23000619962802232
11535829,4,0.375,0.0,0.42857142857142855
11535829,6,0.3333333333333333,0.0,0.42663378545006164
11535829,7,0.0,0.0,0.41864951768488745
11535829,1,0.6730769230769231,16289.0,0.813953488372093
11535829,3,0.35,0.0,0.5086206896551724
11535829,2,0.6595744680851063,6822655822.0,0.8125
11535829,5,0.375,82621.0,0.3018867924528302
11539214,7,0.7640449438202247,0.0,0.7692307692307693
11539214,6,0.7666666666666667,0.0,0.5416666666666666
11539214,4,0.7113702623906706,0.0,0.9361702127659575
11539214,3,0.7525773195876289,0.0,0.6666666666666666
11539214,1,0.8211920529801324,31909.0,0.8518518518518519
11539214,2,0.7686746987951807,833061.0,0.95
11539214,5,0.7050653594771242,38537.0,0.45454545454545453
11546785,1,0.0,26556.0,0.3590836441129462
11546785,2,0.5,68687451936.0,0.6418181818181818
11546785,3,0.0,0.0,0.6306784660766962
11546785,4,0.125,0.0,0.5533290239172592
11546785,5,0.0,23559.0,0.30579531442663377
11546785,6,0.3333333333333333,0.0,0.6451914098972923
11546785,7,0.6666666666666666,0.0,0.490032154340836
11548999,5,0.42105263157894735,31970.0,0.324
11549662,1,0.5,68687451936.0,0.659919028340081
11549662,2,0.5454545454545454,25833.0,0.5619834710743802
11549662,5,0.3157894736842105,15770.0,0.7090163934426229
11564883,1,0.5,24560.0,0.3590836441129462
11564883,3,0.5,0.0,0.1687315634218289
11564883,4,0.0,0.0,0.47123464770523593
11564883,6,0.0,0.0,0.2726423902894491
11564883,7,0.0,0.0,0.490032154340836
11564883,5,0.16666666666666666,2066699.0,0.6435643564356436
11564883,2,0.5454545454545454,28893.0,0.7962264150943397
11568330,2,0.6470588235294118,33521.0,0.8
11579218,1,1.0,25416.0,0.3590836441129462
11579218,2,0.5,68687451936.0,0.6418181818181818
11579218,3,1.0,0.0,0.6306784660766962
11579218,4,0.625,0.0,0.5533290239172592
11579218,5,0.4,11823.0,0.30579531442663377
11579218,6,0.6666666666666666,0.0,0.47619047619047616
11579218,7,0.6666666666666666,0.0,0.6019292604501608
11581045,3,0.5,0.0,0.6306784660766962
11581045,4,0.25,0.0,0.47123464770523593
11581045,6,0.0,0.0,0.43137254901960786
11581045,7,0.0,0.0,0.6019292604501608
11581045,2,0.14285714285714285,12550.0,0.660377358490566
11581045,1,0.46153846153846156,3972470933.0,0.8122977346278317
11581045,5,0.16666666666666666,32025.0,0.6610169491525424
11591810,5,0.4,31369.0,0.8074074074074075
11597864,1,0.0,22023.0,0.3590836441129462
11597864,2,0.5,68687451936.0,0.6418181818181818
11597864,3,0.0,0.0,0.6312684365781711
11597864,4,0.375,0.0,0.5533290239172592
11597864,5,0.2,3064.0,0.30579531442663377
11597864,6,0.3333333333333333,0.0,0.43137254901960786
11597864,7,0.0,0.0,0.490032154340836
11606454,1,0.5,24229.0,0.3590836441129462
11606454,3,0.0,0.0,0.6306784660766962
11606454,4,0.375,0.0,0.42857142857142855
11606454,6,0.6666666666666666,0.0,0.828395061728395
11606454,7,0.6666666666666666,0.0,0.6019292604501608
11606454,2,1.0,21524.0,0.8031746031746032
11606454,5,0.7333333333333333,30579.0,0.811965811965812
11609977,1,0.0,27626.0,0.3590836441129462
11609977,4,0.375,0.0,0.42857142857142855
11609977,7,0.3333333333333333,0.0,0.6019292604501608
11609977,6,0.7966101694915254,0.0,0.6606334841628959
11609977,5,0.660958904109589,169696734.0,0.516504854368932
11609977,2,0.6892655367231638,73428.0,0.676923076923077
11609977,3,0.8026315789473685,0.0,0.7
11610328,3,0.8448979591836735,0.0,0.821917808219178
11610328,7,0.8479381443298969,0.0,0.6702127659574468
11610328,2,0.8364341085271317,17186.0,0.8421052631578947
11610328,5,0.6785123966942149,31287.0,0.6060606060606061
11610328,6,0.8040244969378828,0.0,0.7678571428571429
11610328,1,0.8478260869565217,37416.0,0.6891891891891891
11610328,4,0.8193916349809885,0.0,0.5471698113207547
11615317,5,0.5,2190320654.0,0.7058823529411765
11615317,2,0.5,1151940112.0,0.7153846153846154
11615662,5,0.75,45205.0,0.5477941176470589
11615662,2,0.7777777777777778,46461.0,0.297153024911032
11623840,2,0.7894736842105263,46227.0,0.8082089552238806
11623840,5,0.6055045871559633,4466391237.0,0.7307692307692307
11626416,5,0.75,41066.0,0.7083333333333334
11626416,1,0.5,68687451936.0,0.7896440129449838
11626416,2,0.5263157894736842,23017.0,0.7591240875912408
11627372,5,0.47368421052631576,11447.0,0.9
11627372,2,0.4482758620689655,7261.0,0.4272300469483568
11627372,1,0.5333333333333333,10100.0,0.32592592592592595
11627372,7,0.6341463414634146,0.0,0.490032154340836
11627372,6,0.5542857142857143,0.0,0.921875
11627372,4,0.3825503355704698,0.0,0.8532110091743119
11635461,5,0.4,20493.0,0.5074626865671642
11637089,7,0.5813953488372093,0.0,0.45161290322580644
11637089,3,0.5869565217391305,0.0,0.6386138613861386
11637089,5,0.5405405405405406,46393.0,0.5397727272727273
11637089,6,0.2571428571428571,0.0,0.39622641509433965
11637089,2,0.7525773195876289,19019.0,0.7857142857142857
11637089,4,0.6,0.0,0.8518518518518519
11637482,2,0.7575757575757576,222886.0,0.4787234042553192
11637482,5,0.574468085106383,682048.0,0.65
11640019,1,0.5,27807.0,0.3590836441129462
11640019,2,0.5,68687451936.0,0.6418181818181818
11640019,3,0.0,0.0,0.6312684365781711
11640019,4,0.0,0.0,0.5533290239172592
11640019,5,0.2,19704.0,0.30579531442663377
11640019,6,0.3333333333333333,0.0,0.828395061728395
11640019,7,0.6666666666666666,0.0,0.41864951768488745
11652495,1,0.5,7726.0,0.3590836441129462
11652495,2,0.5,68687451936.0,0.6418181818181818
11652495,3,0.5,0.0,0.1687315634218289
11652495,4,0.375,0.0,0.47123464770523593
11652495,5,0.4,11010.0,0.30579531442663377
11652495,6,0.0,0.0,0.42663378545006164
11652495,7,0.3333333333333333,0.0,0.41864951768488745
11652691,1,0.5,68687451936.0,0.6385542168674698
11652691,5,0.3888888888888889,125020.0,0.6934865900383141
11661575,1,1.0,29437.0,0.6575342465753424
11661575,2,0.7777777777777778,33350.0,0.6058631921824105
11661575,5,0.5,29809.0,0.5447154471544715
11667147,5,0.631578947368421,14006.0,0.4772727272727273
11671171,1,0.7619047619047619,25944.0,0.4174336762317271
11671171,3,0.7857142857142857,0.0,0.7241379310344828
11671171,4,0.6896551724137931,0.0,0.9
11671171,7,0.6956521739130435,0.0,0.7647058823529411
11671171,6,0.5454545454545454,0.0,0.7916666666666666
11671171,2,0.7580645161290323,30940.0,0.5060728744939271
11671171,5,0.5773195876288659,29065.0,0.6957831325301205
11678566,2,0.5454545454545454,25339.0,0.5735294117647058
11678566,5,0.6153846153846154,37912.0,0.47685185185185186
11678867,2,0.5094339622641509,26338.0,0.5981308411214953
11678867,5,0.5,6785026252.0,0.782608695652174
11681542,2,0.5,68687451936.0,0.6830601092896175
11681542,1,0.0,108281.0,0.458041958041958
11681542,5,0.7692307692307693,46642.0,0.751412429378531
11690010,1,1.0,29499.0,0.3590836441129462
11690010,3,0.5,0.0,0.6312684365781711
11690010,4,0.5,0.0,0.5533290239172592
11690010,6,1.0,0.0,0.4580246913580247
11690010,7,0.3333333333333333,0.0,0.41864951768488745
11690010,2,0.8,36782.0,0.782051282051282
11690010,5,0.8,33267.0,0.6976744186046512
11692354,5,0.0,69562.0,0.34831460674157305
11692354,2,0.64,29505.0,0.7611111111111111
11693271,5,0.7202072538860104,93589.0,0.6666666666666666
11693271,2,0.6529411764705882,33942.0,0.6391752577319587
11693759,1,0.5,23971.0,0.3590836441129462
11693759,3,0.5,0.0,0.6312684365781711
11693759,4,0.375,0.0,0.5533290239172592
11693759,6,0.6666666666666666,0.0,0.43137254901960786
11693759,7,1.0,0.0,0.41864951768488745
11693759,2,0.7,28154.0,0.6607142857142857
11693759,5,0.44,87963.0,0.4444444444444444
11702371,4,0.6,0.0,0.6712328767123288
11702371,7,0.7054263565891473,0.0,0.6181818181818182
11702371,1,0.5373134328358209,76030.0,0.32229580573951433
11702371,2,0.6428571428571429,120728.0,0.3875968992248062
11702371,6,0.5845648604269293,0.0,0.7931034482758621
11702371,3,0.5423728813559322,0.0,0.4084507042253521
11702371,5,0.4192982456140351,135291.0,0.55
11703342,2,0.5,68687451936.0,0.7472527472527473
11703342,5,0.6785714285714286,44578.0,0.6
11705275,2,0.7485380116959064,34126.0,0.7454545454545455
11705275,5,0.7251184834123223,16067.0,0.49074074074074076
11710648,1,0.5,24240.0,0.3590836441129462
11710648,2,0.5,68687451936.0,0.6418181818181818
11710648,3,0.0,0.0,0.1687315634218289
11710648,4,0.125,0.0,0.47123464770523593
11710648,5,0.4,52813.0,0.30579531442663377
11710648,6,0.6666666666666666,0.0,0.2726423902894491
11710648,7,0.3333333333333333,0.0,0.27138263665594853
11720703,1,1.0,24884.0,0.3590836441129462
11720703,3,0.5,0.0,0.6306784660766962
11720703,4,0.125,0.0,0.47123464770523593
11720703,5,0.2,24312.0,0.30579531442663377
11720703,6,0.3333333333333333,0.0,0.47619047619047616
11720703,7,0.0,0.0,0.41864951768488745
11720703,2,0.9,24017.0,0.6088709677419355
11726601,5,0.5238095238095238,44742.0,0.751412429378531
11729054,1,0.5,68687451936.0,0.6575342465753424
11729054,2,0.71875,51879.0,0.8279569892473119
11729054,5,0.5609756097560976,27127.0,0.7111111111111111
11729348,1,0.5,30553.0,0.3590836441129462
11729348,2,0.5,68687451936.0,0.6418181818181818
11729348,3,0.5,0.0,0.6312684365781711
11729348,4,0.25,0.0,0.5533290239172592
11729348,5,0.0,80294.0,0.30579531442663377
11729348,6,0.3333333333333333,0.0,0.43137254901960786
11729348,7,0.0,0.0,0.6019292604501608
11732482,1,0.5,27983.0,0.3590836441129462
11732482,2,0.5,68687451936.0,0.6418181818181818
11732482,3,0.5,0.0,0.6306784660766962
11732482,4,0.25,0.0,0.5533290239172592
11732482,6,0.3333333333333333,0.0,0.6185185185185185
11732482,7,0.3333333333333333,0.0,0.41864951768488745
11732482,5,0.6,59894.0,0.5673469387755102
11734349,2,0.5,68687451936.0,0.6777493606138107
11734349,5,0.6666666666666666,28249.0,0.6957831325301205
11735896,2,0.5,23651.0,0.7845433255269321
11735896,5,0.23076923076923078,58580.0,0.7142857142857143
11736174,5,0.625,26678.0,0.6516129032258065
11736174,2,0.8888888888888888,27206.0,0.6521739130434783
11755186,1,0.0,4651.0,0.3590836441129462
11755186,2,0.5,68687451936.0,0.6418181818181818
11755186,3,0.5,0.0,0.6312684365781711
11755186,4,0.125,0.0,0.5533290239172592
11755186,5,0.0,3763.0,0.30579531442663377
11755186,6,0.3333333333333333,0.0,0.47619047619047616
11755186,7,0.0,0.0,0.6019292604501608
11759235,2,0.5,68687451936.0,0.5747800586510264
11759235,1,0.5,68687451936.0,0.32229580573951433
11759235,5,0.5333333333333333,22566.0,0.8
11762609,5,0.5294117647058824,16942.0,0.7610619469026548
11762609,2,0.7142857142857143,34389.0,0.8649921507064364
11776342,1,0.8275862068965517,26031.0,0.3608490566037736
11776342,2,0.8888888888888888,20382.0,0.6831683168316832
11776342,3,1.0,0.0,0.1687315634218289
11776342,4,0.375,0.0,0.42857142857142855
11776342,6,1.0,0.0,0.43137254901960786
11776342,7,0.8461538461538461,0.0,0.27138263665594853
11776342,5,0.5888324873096447,14772.0,0.5074626865671642
11780370,1,0.5,32764.0,0.3590836441129462
11780370,2,0.5,68687451936.0,0.6418181818181818
11780370,3,0.0,0.0,0.6306784660766962
11780370,4,0.5,0.0,0.5533290239172592
11780370,5,0.6,32126.0,0.30579531442663377
11780370,6,1.0,0.0,0.4580246913580247
11780370,7,1.0,0.0,0.41864951768488745
11785734,5,0.5352112676056338,20818.0,1.0
11785734,2,0.6451612903225806,31083.0,0.8666666666666667
11800197,6,0.3333333333333333,0.0,0.852112676056338
11800197,1,0.5882352941176471,43687.0,0.8604651162790697
11800197,4,0.5538461538461539,0.0,0.4444444444444444
11800197,3,0.43478260869565216,0.0,0.7440476190476191
11800197,2,0.5654205607476636,36200.0,0.7734375
11800197,5,0.5979020979020979,66226.0,0.4675324675324675
11801423,3,0.0,0.0,0.6306784660766962
11801423,4,0.5,0.0,0.5533290239172592
11801423,7,0.6666666666666666,0.0,0.27138263665594853
11801423,6,0.45454545454545453,0.0,0.9069767441860465
11801423,2,0.5,43106651.0,0.5428571428571428
11801423,5,0.6896551724137931,765884546.0,0.8709677419354839
11801423,1,0.816,1374295002.0,0.8505747126436781
11806132,1,0.0,195658.0,0.5466666666666666
11806132,2,0.7777777777777778,44470.0,0.8020833333333334
11806132,5,0.6111111111111112,31373.0,0.8292682926829268
11807060,5,0.5789473684210527,20198.0,0.7956521739130434
11807060,2,0.8,32491.0,0.6875
11809406,3,0.42857142857142855,0.0,0.8740740740740741
11809406,2,0.46153846153846156,16816.0,0.7962962962962963
11809406,4,0.3050847457627119,0.0,0.7534246575342466
11809406,5,0.23776223776223776,27683.0,0.3698630136986301
11809406,6,0.2631578947368421,0.0,0.695906432748538
11809406,1,0.6774193548387096,4843.0,0.751131221719457
11809406,7,0.35714285714285715,0.0,0.8888888888888888
11812242,1,1.0,26355.0,0.3590836441129462
11812242,2,0.5,68687451936.0,0.6418181818181818
11812242,3,0.5,0.0,0.6312684365781711
11812242,4,0.25,0.0,0.5533290239172592
11812242,5,0.2,27978.0,0.30579531442663377
11812242,6,0.6666666666666666,0.0,0.42663378545006164
11812242,7,0.3333333333333333,0.0,0.27138263665594853
11814217,1,1.0,26414.0,0.3590836441129462
11814217,2,0.5,68687451936.0,0.6418181818181818
11814217,3,1.0,0.0,0.1687315634218289
11814217,4,1.0,0.0,0.5533290239172592
11814217,6,1.0,0.0,0.828395061728395
11814217,7,0.6666666666666666,0.0,0.41864951768488745
11814217,5,0.7333333333333333,64634.0,0.7623762376237624
11814782,5,0.0,6285.0,0.8571428571428571
11814782,1,0.5,68687451936.0,0.7884615384615384
11815631,3,0.7080745341614907,0.0,0.9433962264150944
11815631,6,0.6103896103896104,0.0,0.5869565217391305
11815631,4,0.6554878048780488,0.0,0.6323529411764706
11815631,7,0.5769230769230769,0.0,0.9
11815631,1,0.7088607594936709,53222.0,0.864406779661017
11815631,2,0.7670454545454546,59314.0,0.8426966292134831
11815631,5,0.6141078838174274,96280.0,0.6756756756756757
11817171,6,0.7172413793103448,0.0,0.9336283185840708
11817171,7,0.7696335078534031,0.0,0.7784810126582279
11817171,2,0.6441351888667992,83849.0,0.9038461538461539
11817171,3,0.7598475222363406,0.0,0.35185185185185186
11817171,4,0.7230443974630021,0.0,0.9076923076923077
11817171,5,0.6682692307692307,58504.0,0.4362017804154303
11817171,1,0.92,200610.0,0.565068493150685
11820045,1,1.0,27668.0,0.3590836441129462
11820045,3,0.5,0.0,0.1687315634218289
11820045,4,0.5,0.0,0.47123464770523593
11820045,6,1.0,0.0,0.47619047619047616
11820045,7,1.0,0.0,0.27138263665594853
11820045,5,1.0,16965.0,0.5201305767138193
11820045,2,0.875,30374.0,0.5607814761215629
11821169,1,0.5,24123.0,0.3590836441129462
11821169,2,0.5,68687451936.0,0.6418181818181818
11821169,3,0.5,0.0,0.1687315634218289
11821169,4,0.25,0.0,0.47123464770523593
11821169,5,0.2,14045.0,0.30579531442663377
11821169,6,0.6666666666666666,0.0,0.47619047619047616
11821169,7,0.3333333333333333,0.0,0.41864951768488745
11823773,1,0.5,68687451936.0,0.7896440129449838
11823773,2,0.7857142857142857,5660179384.0,0.7484848484848485
11823773,5,0.6071428571428571,5142477896.0,0.5274390243902439
11826644,1,0.5,23865.0,0.3590836441129462
11826644,3,1.0,0.0,0.1687315634218289
11826644,4,0.625,0.0,0.42857142857142855
11826644,6,1.0,0.0,0.2726423902894491
11826644,7,0.3333333333333333,0.0,0.6019292604501608
11826644,2,0.7272727272727273,869424474.0,0.7107750472589792
11826644,5,0.5702479338842975,122527.0,0.35555555555555557
11853420,1,0.4358974358974359,64106.0,0.35714285714285715
11861804,7,1.0,0.0,0.8952380952380953
11861804,1,0.9259259259259259,39558.0,0.8653846153846154
11861804,3,0.875,0.0,0.8333333333333334
11861804,4,0.625,0.0,0.9264705882352942
11861804,5,0.5405405405405406,86328.0,0.4444444444444444
11861804,2,0.5434782608695652,73627.0,0.8114754098360656
11861804,6,0.42105263157894735,0.0,0.8415492957746479
11863194,1,0.5,53431816.0,0.3590836441129462
11863194,2,0.5,68687451936.0,0.6418181818181818
11863194,3,0.0,0.0,0.6306784660766962
11863194,4,0.125,0.0,0.42857142857142855
11876197,5,0.8888888888888888,135753.0,0.5620915032679739
11876197,6,0.5,0.0,0.8984771573604061
11876197,1,0.6666666666666666,95976.0,0.684971098265896
11876197,3,0.5365853658536586,0.0,0.6474358974358975
11876197,2,0.449438202247191,770900.0,0.5688888888888889
11878982,1,0.5,27975.0,0.3590836441129462
11878982,2,0.5,68687451936.0,0.6418181818181818
11878982,3,0.5,0.0,0.6306784660766962
11878982,4,0.375,0.0,0.42857142857142855
11878982,6,0.6666666666666666,0.0,0.42663378545006164
11878982,7,0.0,0.0,0.41864951768488745
11878982,5,0.6666666666666666,30650.0,0.6111111111111112
11888053,6,0.5714285714285714,0.0,0.6290322580645161
11888053,7,0.25,0.0,0.42857142857142855
11888053,1,0.58,31837.0,0.8392857142857143
11888053,2,0.6265822784810127,26125.0,0.7857142857142857
11888053,4,0.3902439024390244,0.0,0.6521739130434783
11888053,3,0.6164383561643836,0.0,0.8333333333333334
11888053,5,0.5267489711934157,41282.0,0.8095238095238095
11893599,2,0.6,30149.0,0.8031496062992126
11893599,5,0.5833333333333334,20237.0,0.7796610169491526
11899332,4,0.375,0.0,0.47123464770523593
11899332,7,0.625,0.0,0.5727272727272728
11899332,6,0.5714285714285714,0.0,0.6295081967213115
11899332,3,0.36363636363636365,0.0,0.9310344827586207
11899332,2,0.7560975609756098,304085.0,0.5688888888888889
11899332,1,0.8389261744966443,147619.0,0.7869822485207101
11899332,5,0.6555066079295154,584656427.0,0.5813953488372093
11902071,5,0.6390243902439025,46372.0,0.6428571428571429
11902071,1,0.8571428571428571,21987.0,0.8157894736842105
11902071,2,0.84,47047.0,0.8484848484848485
11902071,3,0.6,0.0,0.9318181818181818
11902071,4,0.5652173913043478,0.0,0.8695652173913043
11902071,6,0.6521739130434783,0.0,0.4017094017094017
11902071,7,0.875,0.0,0.9230769230769231
11904596,2,0.5454545454545454,35746.0,0.7836734693877551
11904596,1,0.7083333333333334,22975.0,0.4594594594594595
11904596,3,0.5142857142857142,0.0,0.8055555555555556
11904596,5,0.47019867549668876,137850.0,0.5551601423487544
11904813,1,0.5,27280.0,0.3590836441129462
11904813,2,0.5,68687451936.0,0.6418181818181818
11904813,3,0.5,0.0,0.6306784660766962
11904813,4,0.375,0.0,0.47123464770523593
11904813,6,0.3333333333333333,0.0,0.2726423902894491
11904813,7,0.6666666666666666,0.0,0.27138263665594853
11904813,5,0.2,22297.0,0.7410358565737052
11907505,1,0.0,21608.0,0.3590836441129462
11907505,2,0.5,68687451936.0,0.6418181818181818
11907505,3,0.0,0.0,0.1687315634218289
11907505,4,0.0,0.0,0.5533290239172592
11907505,6,0.6666666666666666,0.0,0.47619047619047616
11907505,7,0.0,0.0,0.27138263665594853
11907505,5,0.26666666666666666,89684.0,0.5469387755102041
11910614,1,0.8383838383838383,27219.0,0.782608695652174
11910614,3,0.76171875,0.0,0.8904109589041096
11910614,4,0.6129032258064516,0.0,0.7692307692307693
11910614,6,0.6916299559471366,0.0,0.6528497409326425
11910614,7,0.6421052631578947,0.0,0.4076923076923077
11910614,2,0.7342657342657343,18109.0,0.9313725490196079
11910614,5,0.6345833333333334,362004.0,0.9333333333333333
11911507,5,0.6,27487.0,0.3375
11911507,1,0.5,68687451936.0,0.5923566878980892
11911507,2,0.4,61483.0,0.7844827586206896
11915710,1,0.5,25938.0,0.3590836441129462
11915710,3,0.5,0.0,0.1687315634218289
11915710,4,0.375,0.0,0.47123464770523593
11915710,6,0.0,0.0,0.828395061728395
11915710,7,0.3333333333333333,0.0,0.6019292604501608
11915710,2,0.8,26854.0,0.8649921507064364
11915710,5,0.6666666666666666,14318.0,0.8450704225352113
11922927,1,0.5,19673.0,0.3590836441129462
11922927,3,0.0,0.0,0.6306784660766962
11922927,4,0.125,0.0,0.47123464770523593
11922927,6,0.3333333333333333,0.0,0.43137254901960786
11922927,7,0.3333333333333333,0.0,0.6019292604501608
11922927,5,0.4666666666666667,67590.0,0.76
11922927,2,0.7333333333333333,19683.0,0.8355263157894737
11926489,5,0.37037037037037035,55239.0,0.7192982456140351
11930486,1,0.5,23877.0,0.3590836441129462
11930486,3,0.0,0.0,0.6306784660766962
11930486,4,0.125,0.0,0.47123464770523593
11930486,5,0.4,25321.0,0.30579531442663377
11930486,6,0.3333333333333333,0.0,0.2726423902894491
11930486,7,0.0,0.0,0.41864951768488745
11930486,2,0.6,31408.0,0.7954545454545454
11932360,1,0.5,32475.0,0.3590836441129462
11932360,3,0.5,0.0,0.1687315634218289
11932360,4,0.5,0.0,0.5533290239172592
11932360,6,1.0,0.0,0.4580246913580247
11932360,7,0.6666666666666666,0.0,0.6019292604501608
11932360,5,0.5730337078651685,17558.0,0.5294117647058824
11932360,2,0.743421052631579,20991.0,0.8092105263157895
11934592,1,0.5,68687451936.0,0.7896440129449838
11934592,5,0.7419354838709677,68620.0,0.7659574468085106
11934592,2,0.8421052631578947,68196.0,0.7962264150943397
11938837,2,0.9431818181818182,17915.0,0.7685185185185185
11938837,6,0.7797356828193832,0.0,0.7573221757322176
11938837,7,0.8837209302325582,0.0,0.7777777777777778
11938837,5,0.7894736842105263,1286012475.0,0.6162790697674418
11938837,4,0.8596112311015118,0.0,0.3645833333333333
11938837,3,0.896551724137931,0.0,0.5882352941176471
11938837,1,0.8829787234042553,1436969104.0,0.6515151515151515
11943657,5,0.42857142857142855,33717.0,0.7962962962962963
11944074,5,0.5,21454.0,0.47580645161290325
11944074,2,0.5,20591.0,0.7945205479452054
11945677,1,0.5,27417.0,0.3590836441129462
11945677,3,0.0,0.0,0.1687315634218289
11945677,4,0.25,0.0,0.5533290239172592
11945677,6,0.6666666666666666,0.0,0.2726423902894491
11945677,7,0.0,0.0,0.27138263665594853
11945677,5,0.5151515151515151,141425.0,0.7029702970297029
11945677,2,0.6,42968.0,0.549618320610687
11970194,1,0.8,41501.0,0.896551724137931
11970194,4,0.5652173913043478,0.0,0.4126984126984127
11970194,5,0.5686274509803921,27708.0,0.6083333333333333
11970194,2,0.8333333333333334,20855.0,0.9047619047619048
11984073,2,0.3333333333333333,41998.0,0.6403269754768393
11984073,5,0.27586206896551724,73914.0,0.5
11989546,1,0.5,68687451936.0,0.946236559139785
11989546,2,0.5,38142.0,0.7611111111111111
11989546,5,0.5,544583.0,0.6505747126436782
11990236,2,0.0,2227411.0,0.7435897435897436
11990236,5,0.5,28156.0,0.6582278481012658
11990398,6,0.7486338797814208,0.0,0.7542857142857143
11990398,7,0.8421052631578947,0.0,0.7359550561797753
11990398,2,0.7777777777777778,23034.0,0.4612546125461255
11990398,1,0.8245614035087719,60702.0,0.7008547008547008
11990398,4,0.7727272727272727,0.0,0.7272727272727273
11990398,3,0.8372093023255814,0.0,0.45161290322580644
11990398,5,0.6900584795321637,50083.0,0.44594594594594594
11995878,1,0.0,20179.0,0.3590836441129462
11995878,3,0.0,0.0,0.6306784660766962
11995878,4,0.25,0.0,0.5533290239172592
11995878,5,0.0,12842.0,0.30579531442663377
11995878,6,0.3333333333333333,0.0,0.6451914098972923
11995878,7,0.3333333333333333,0.0,0.27138263665594853
11995878,2,0.4,45483.0,0.7171314741035857
12002096,1,0.5,51227.0,0.3590836441129462
12002096,2,0.5,68687451936.0,0.6418181818181818
12002096,3,0.0,0.0,0.1687315634218289
12002096,4,0.25,0.0,0.42857142857142855
12002096,6,0.3333333333333333,0.0,0.43137254901960786
12002096,7,0.3333333333333333,0.0,0.41864951768488745
12002096,5,0.4,79103.0,0.78
12010144,1,1.0,40908.0,0.5679012345679012
12010144,5,0.8235294117647058,23445.0,0.6729559748427673
12010144,6,0.6666666666666666,0.0,0.7323943661971831
12010144,4,0.7307692307692307,0.0,0.75
12010144,2,0.7872340425531915,42659.0,0.58
12010144,3,0.8235294117647058,0.0,0.6436781609195402
12013849,1,0.0,10089.0,0.3590836441129462
12013849,3,0.0,0.0,0.6306784660766962
12013849,4,0.125,0.0,0.42857142857142855
12013849,5,0.2,14603.0,0.30579531442663377
12013849,6,0.0,0.0,0.6451914098972923
12013849,7,0.3333333333333333,0.0,0.27138263665594853
12013849,2,0.4,73388.0,0.925
12019527,1,0.0,66022.0,0.7896440129449838
12019527,2,0.7894736842105263,40561.0,0.8774617067833698
12019527,5,0.75,34452.0,0.6470588235294118
12023534,1,0.5,22637.0,0.3590836441129462
12023534,2,0.5,68687451936.0,0.6418181818181818
12023534,3,0.0,0.0,0.6306784660766962
12023534,4,0.5,0.0,0.47123464770523593
12023534,5,0.6,60874.0,0.30579531442663377
12023534,6,0.3333333333333333,0.0,0.47619047619047616
12023534,7,1.0,0.0,0.490032154340836
12023569,1,0.5,35065.0,0.3590836441129462
12023569,3,0.5,0.0,0.6306784660766962
12023569,4,0.625,0.0,0.42857142857142855
12023569,6,1.0,0.0,0.43137254901960786
12023569,7,0.6666666666666666,0.0,0.490032154340836
12023569,5,0.6666666666666666,10141.0,0.5436893203883495
12023569,2,0.6,36371.0,0.56353591160221
12024138,2,0.5,68687451936.0,0.7580645161290323
12024138,5,0.35714285714285715,82654.0,0.2636363636363636
12024726,5,0.125,28087.0,0.7916666666666666
12024726,2,0.5,4890866522.0,0.5179282868525896
12024726,1,0.8,4563407.0,0.725
12024726,6,0.3228346456692913,0.0,0.7272727272727273
12027210,3,0.0,0.0,0.6923076923076923
12027210,1,0.5,68687451936.0,0.716012084592145
12027210,2,0.6060606060606061,54264270.0,0.7945205479452054
12027210,5,0.56,119784.0,0.717852684144819
12035738,1,0.5,68687451936.0,0.6831683168316832
12035738,2,1.0,43606.0,0.7016129032258065
12035738,5,0.5671641791044776,26749.0,0.3495575221238938
12050281,1,0.5,22421.0,0.3590836441129462
12050281,3,1.0,0.0,0.6312684365781711
12050281,4,0.375,0.0,0.42857142857142855
12050281,6,0.0,0.0,0.6451914098972923
12050281,7,0.3333333333333333,0.0,0.27138263665594853
12050281,2,0.7,31235.0,0.8789808917197452
12050281,5,0.4,15994.0,0.835820895522388
12066626,2,0.8108108108108109,23001.0,0.5907990314769975
12066626,5,0.4791666666666667,23734.0,0.6444444444444445
12068762,1,0.5,16708.0,0.3590836441129462
12068762,2,0.5,68687451936.0,0.6418181818181818
12068762,3,0.5,0.0,0.6306784660766962
12068762,4,0.0,0.0,0.5533290239172592
12068762,5,0.4,35543.0,0.30579531442663377
12068762,6,0.3333333333333333,0.0,0.47619047619047616
12068762,7,0.3333333333333333,0.0,0.27138263665594853
12069895,1,0.5,68687451936.0,0.7660818713450293
12069895,2,0.25,8203.0,0.8905109489051095
12069895,5,0.5,37873.0,0.421875
12069895,6,0.8181818181818182,0.0,0.7796610169491526
12069985,5,0.5932203389830508,11912.0,0.5348837209302325
12069985,2,0.7846153846153846,16017.0,0.7333333333333333
12076936,1,0.6153846153846154,39081.0,0.6515151515151515
12076936,2,0.7142857142857143,48874.0,0.631578947368421
12076936,5,0.44,64842.0,0.5643939393939394
12081912,1,0.5,30105.0,0.3590836441129462
12081912,3,0.5,0.0,0.1687315634218289
12081912,4,0.375,0.0,0.5533290239172592
12081912,6,1.0,0.0,0.42663378545006164
12081912,7,1.0,0.0,0.27138263665594853
12081912,2,0.8,26292.0,0.9242424242424242
12081912,5,0.5333333333333333,60863.0,0.8181818181818182
12089333,2,0.7517241379310344,4749.0,0.8082089552238806
12089333,5,0.5825825825825826,49789.0,0.2909090909090909
12092959,1,0.6052631578947368,25675.0,0.751131221719457
12092959,5,0.35,135908376.0,0.3315018315018315
12107870,5,0.25,38992.0,0.5753012048192772
12107870,2,0.8181818181818182,42813.0,0.7516778523489933
12110119,2,0.8,67218.0,0.8134328358208955
12110119,5,0.7857142857142857,40174.0,0.5454545454545454
12112212,1,1.0,26986.0,0.3590836441129462
12112212,2,0.5,68687451936.0,0.6418181818181818
12112212,3,0.5,0.0,0.6312684365781711
12112212,4,0.375,0.0,0.47123464770523593
12112212,5,0.4,17405.0,0.30579531442663377
12112212,6,1.0,0.0,0.2726423902894491
12112212,7,1.0,0.0,0.27138263665594853
12126109,3,1.0,0.0,0.576271186440678
12126109,5,0.6239316239316239,345048778.0,0.7216981132075472
12126109,2,0.755741127348643,225960.0,0.8095238095238095
12138080,1,0.5,68687451936.0,0.9423076923076923
12138080,2,0.7272727272727273,23139.0,0.48868175765645805
12138080,5,0.5849056603773585,21277.0,0.3055555555555556
12138564,5,0.3333333333333333,20048.0,0.625
12138564,2,0.18181818181818182,27767.0,0.7962264150943397
12140183,2,0.7777777777777778,27302.0,0.6792452830188679
12140183,5,0.5,35733.0,0.5150375939849624
12140636,1,1.0,121258.0,0.5
12140636,2,0.6666666666666666,24238.0,0.7477477477477478
12140636,5,0.3125,17349.0,0.284688995215311
12141902,2,1.0,51799.0,0.4612546125461255
12141902,5,0.8,41082.0,0.7352941176470589
12150835,5,0.25,19693.0,0.8571428571428571
12150835,2,0.7272727272727273,30531.0,0.8031746031746032
12172461,1,0.7142857142857143,31081.0,0.9863013698630136
12172461,7,0.5,0.0,0.6909090909090909
12172461,6,0.5789473684210527,0.0,0.7518248175182481
12172461,3,0.6363636363636364,0.0,0.6666666666666666
12172461,2,0.5670498084291188,55031.0,0.7685185185185185
12172461,5,0.40266222961730447,61245.0,0.6721311475409836
12175597,2,0.6,29403.0,0.6457627118644068
12175597,5,0.5652173913043478,15748.0,0.475
12179746,1,0.5,200668695.0,0.3590836441129462
12179746,2,0.5,68687451936.0,0.6418181818181818
12179746,3,0.0,0.0,0.1687315634218289
12179746,4,0.5,0.0,0.5533290239172592
12179746,5,0.4,62110.0,0.30579531442663377
12179746,6,0.6666666666666666,0.0,0.6185185185185185
12179746,7,0.0,0.0,0.6019292604501608
12192068,1,1.0,62218.0,0.7625
12192068,5,0.5555555555555556,245646.0,0.7948717948717948
12197982,1,0.5,35499.0,0.3590836441129462
12197982,3,0.0,0.0,0.1687315634218289
12197982,4,0.125,0.0,0.42857142857142855
12197982,6,0.0,0.0,0.47619047619047616
12197982,7,0.6666666666666666,0.0,0.41864951768488745
12197982,2,0.7,87763.0,0.7611111111111111
12197982,5,0.45454545454545453,102796.0,0.5971223021582733
12198252,5,0.5294117647058824,20714.0,0.7658959537572254
12206271,1,0.5,22656.0,0.3590836441129462
12206271,2,0.5,68687451936.0,0.6418181818181818
12206271,3,0.5,0.0,0.6306784660766962
12206271,4,0.75,0.0,0.47123464770523593
12206271,5,0.6,15499.0,0.30579531442663377
12206271,6,0.3333333333333333,0.0,0.6451914098972923
12206271,7,0.3333333333333333,0.0,0.27138263665594853
12207568,5,0.44573643410852715,22278.0,0.7272727272727273
12207568,2,0.5843881856540084,23558.0,0.6229508196721312
12213160,1,0.8333333333333334,30564.0,0.6810344827586207
12213160,4,0.6585365853658537,0.0,0.7444444444444445
12213160,6,0.8148148148148148,0.0,0.52046783625731
12213160,3,0.8208955223880597,0.0,0.8554216867469879
12213160,2,0.722007722007722,40616.0,0.8857142857142857
12213160,5,0.6883561643835616,44744.0,0.324
12217333,5,0.4166666666666667,21462.0,0.47540983606557374
12217333,2,0.6190476190476191,22728.0,0.5333333333333333
12222335,1,0.5,28098.0,0.3590836441129462
12222335,2,0.5,68687451936.0,0.6418181818181818
12222335,3,0.0,0.0,0.6306784660766962
12222335,4,0.125,0.0,0.42857142857142855
12222335,5,1.0,35211.0,0.30579531442663377
12222335,6,0.6666666666666666,0.0,0.2726423902894491
12222335,7,0.6666666666666666,0.0,0.6019292604501608
12226292,1,0.5,23788.0,0.3590836441129462
12226292,3,0.0,0.0,0.1687315634218289
12226292,4,0.0,0.0,0.47123464770523593
12226292,6,1.0,0.0,0.6451914098972923
12226292,7,0.6666666666666666,0.0,0.490032154340836
12226292,2,0.5,81541198.0,0.6242038216560509
12226292,5,0.7012222725215029,78454.0,0.5263157894736842
12231826,2,1.0,16750.0,0.7304347826086957
12231826,1,0.5,68687451936.0,0.37637362637362637
12231826,5,0.42857142857142855,17706.0,0.5633802816901409
12231826,7,1.0,0.0,0.9090909090909091
12235625,5,0.0,22227.0,0.47685185185185186
12235625,2,0.75,33203.0,0.8425925925925926
12241912,5,0.21428571428571427,26381.0,0.5675675675675675
12241912,2,0.7272727272727273,24783.0,0.7136752136752137
12242396,1,0.7777777777777778,40177.0,0.7878787878787878
12242396,4,0.58,0.0,0.7169811320754716
12242396,6,0.6129032258064516,0.0,0.5555555555555556
12242396,3,0.6475409836065574,0.0,0.8775510204081632
12242396,2,0.780952380952381,38692.0,0.7239669421487603
12242396,5,0.4811320754716981,18946.0,0.7692307692307693
12254476,3,0.9,0.0,0.4918032786885246
12254476,2,0.6666666666666666,29353.0,0.6587301587301587
12254476,1,0.71875,37245.0,0.7937219730941704
12254476,6,0.5517241379310345,0.0,0.9166666666666666
12254476,4,0.78125,0.0,0.6339869281045751
12254476,5,0.5844155844155844,14853.0,0.6666666666666666
12257711,1,1.0,42178.0,0.3590836441129462
12257711,2,0.5,68687451936.0,0.6418181818181818
12257711,3,0.5,0.0,0.6312684365781711
12257711,4,0.25,0.0,0.5533290239172592
12257711,5,0.0,2276.0,0.30579531442663377
12257711,6,0.0,0.0,0.6451914098972923
12257711,7,0.0,0.0,0.490032154340836
12269716,1,0.5,20724.0,0.3590836441129462
12269716,2,0.5,68687451936.0,0.6418181818181818
12269716,3,0.5,0.0,0.6312684365781711
12269716,4,0.125,0.0,0.47123464770523593
12269716,6,0.3333333333333333,0.0,0.6451914098972923
12269716,7,0.3333333333333333,0.0,0.490032154340836
12269716,5,0.7727272727272727,42488.0,0.6225
12273755,6,0.8045977011494253,0.0,0.5903614457831325
12273755,3,0.8181818181818182,0.0,0.9148936170212766
12273755,2,0.631578947368421,306492.0,0.628099173553719
12273755,1,0.4827586206896552,439477.0,0.5954415954415955
12273755,5,0.6751361161524501,5457629.0,0.5504587155963303
12274944,5,1.0,34449.0,0.6363636363636364
12274944,2,0.42857142857142855,92474.0,0.7363636363636363
12284682,3,0.5428571428571428,0.0,0.75
12284682,1,0.65,42302.0,0.667741935483871
12284682,2,0.6986301369863014,37657.0,0.5619834710743802
12284682,4,0.5181818181818182,0.0,0.7969924812030075
12284682,7,0.5806451612903226,0.0,0.6772151898734177
12284682,5,0.484304932735426,49237.0,0.44193548387096776
12284682,6,0.559322033898305,0.0,0.6122448979591837
12286945,1,0.5,34605.0,0.3590836441129462
12286945,3,0.5,0.0,0.6306784660766962
12286945,4,0.25,0.0,0.5533290239172592
12286945,6,0.6666666666666666,0.0,0.6185185185185185
12286945,7,0.0,0.0,0.6019292604501608
12286945,5,0.5333333333333333,18602.0,0.7307692307692307
12286945,2,0.9,24524.0,0.6074766355140186
12289792,1,0.5,27363.0,0.3590836441129462
12289792,2,0.5,68687451936.0,0.6418181818181818
12289792,3,0.0,0.0,0.6306784660766962
12289792,4,0.0,0.0,0.47123464770523593
12289792,5,0.6,21194.0,0.30579531442663377
12289792,6,0.0,0.0,0.828395061728395
12289792,7,0.6666666666666666,0.0,0.27138263665594853
12290099,6,0.7605633802816901,0.0,0.49740932642487046
12290099,7,0.7238805970149254,0.0,0.75
12290099,3,0.6875,0.0,0.8870056497175142
12290099,5,0.575,68069.0,0.4851063829787234
12290099,4,0.7167487684729064,0.0,0.75
12290099,1,0.7121212121212122,123303.0,0.5962059620596206
12290099,2,0.695,81488.0,1.0
12291329,5,0.4,9834.0,0.7086614173228346
12291329,2,0.3333333333333333,20791.0,0.8017241379310345
12292008,2,0.5,68687451936.0,0.6926406926406926
12292008,5,0.4117647058823529,66527.0,0.7005347593582888
12295810,5,0.6666666666666666,81171.0,0.7083333333333334
12295810,2,0.8181818181818182,23264.0,0.8230088495575221
12295810,1,0.0,29180.0,0.7184466019417476
12303461,1,0.5,68687451936.0,0.37637362637362637
12303461,2,0.8409090909090909,32478.0,0.7195652173913043
12303461,5,0.7525773195876289,39639.0,0.8
12325342,1,1.0,70877.0,0.37637362637362637
12325342,5,0.5272727272727272,52521.0,0.2992125984251969
12325342,2,0.5555555555555556,25246.0,0.3875968992248062
12338457,4,0.6631578947368421,0.0,0.7444444444444445
12338457,6,0.7057761732851986,0.0,0.6567164179104478
12338457,7,0.7872340425531915,0.0,0.7575757575757576
12338457,3,0.7237762237762237,0.0,0.5789473684210527
12338457,1,0.7990196078431373,32437.0,0.8571428571428571
12338457,2,0.6064981949458483,101803.0,0.5493562231759657
12338457,5,0.6477683956574186,39231.0,0.6363636363636364
12341952,3,0.0,0.0,0.6312684365781711
12341952,4,0.375,0.0,0.47123464770523593
12341952,7,0.6666666666666666,0.0,0.41864951768488745
12341952,1,0.8285714285714286,23815.0,0.9291338582677166
12341952,2,0.8,24030.0,0.816793893129771
12341952,6,0.8421052631578947,0.0,0.7926829268292683
12341952,5,0.6666666666666666,144161.0,0.6641221374045801
12345759,1,0.5,23749.0,0.3590836441129462
12345759,2,0.5,68687451936.0,0.6418181818181818
12345759,3,0.5,0.0,0.1687315634218289
12345759,4,0.375,0.0,0.42857142857142855
12345759,6,0.3333333333333333,0.0,0.47619047619047616
12345759,7,0.0,0.0,0.41864951768488745
12345759,5,0.3333333333333333,59011.0,0.8333333333333334
12345864,1,0.5,26455.0,0.3590836441129462
12345864,2,0.5,68687451936.0,0.6418181818181818
12345864,3,0.5,0.0,0.6312684365781711
12345864,4,0.125,0.0,0.42857142857142855
12345864,5,0.2,21946.0,0.30579531442663377
12345864,6,0.0,0.0,0.42663378545006164
12345864,7,0.0,0.0,0.490032154340836
12350738,1,0.5,27184.0,0.3590836441129462
12350738,3,0.0,0.0,0.6306784660766962
12350738,4,0.25,0.0,0.5533290239172592
12350738,6,0.3333333333333333,0.0,0.4580246913580247
12350738,7,0.3333333333333333,0.0,0.41864951768488745
12350738,2,0.9,87568.0,0.7293233082706767
12350738,5,0.4666666666666667,25676.0,0.7316017316017316
12359012,2,0.6666666666666666,31237.0,0.6753246753246753
12359012,5,0.4375,59721.0,0.5625
12360275,3,0.5,0.0,0.6312684365781711
12360275,6,0.6666666666666666,0.0,0.4580246913580247
12360275,7,0.6666666666666666,0.0,0.41864951768488745
12360275,2,0.7777777777777778,49354.0,0.782608695652174
12360275,1,0.3333333333333333,7096520037.0,0.3590836441129462
12360275,4,0.5,0.0,0.47123464770523593
12360275,5,0.5714285714285714,314105.0,0.5333333333333333
12362084,1,0.5,68687451936.0,0.9423076923076923
12362084,2,0.36363636363636365,81214.0,0.8828828828828829
12362084,5,0.4090909090909091,49245.0,0.7608695652173914
12373427,6,0.7142857142857143,0.0,0.867595818815331
12373427,1,0.9166666666666666,45770.0,0.638095238095238
12373427,5,0.41304347826086957,118653.0,0.4841549295774648
12373427,2,0.7543859649122807,19088.0,0.6746031746031746
12373427,3,0.6363636363636364,0.0,0.6987179487179487
12379697,7,0.7666666666666667,0.0,0.62
12379697,1,0.75,28579.0,0.8873873873873874
12379697,3,0.8723404255319149,0.0,0.8406593406593407
12379697,4,0.7647058823529411,0.0,0.9322916666666666
12379697,5,0.6,56222.0,0.304
12380882,7,0.6666666666666666,0.0,0.27138263665594853
12380882,3,0.5178571428571429,0.0,0.33043478260869563
12380882,1,0.825,48247.0,0.7647058823529411
12380882,2,0.7567567567567568,49362.0,0.7757009345794392
12380882,4,0.6,0.0,0.85
12380882,5,0.4368932038834951,38650.0,0.6588235294117647
12380882,6,0.7272727272727273,0.0,0.7767857142857143
12397365,1,1.0,25221.0,0.3590836441129462
12397365,2,0.5,68687451936.0,0.6418181818181818
12397365,3,1.0,0.0,0.1687315634218289
12397365,4,0.25,0.0,0.47123464770523593
12397365,5,0.0,42747.0,0.30579531442663377
12397365,6,0.3333333333333333,0.0,0.47619047619047616
12397365,7,0.3333333333333333,0.0,0.41864951768488745
12397925,7,0.5384615384615384,0.0,0.8636363636363636
12397925,4,0.5,0.0,0.7735849056603774
12397925,1,0.6190476190476191,30316.0,0.8983050847457628
12397925,3,0.8571428571428571,0.0,0.8227848101265823
12397925,2,0.42857142857142855,21018.0,0.6595744680851063
12397925,6,0.36036036036036034,0.0,0.8148148148148148
12397925,5,0.19148936170212766,16318.0,0.3614457831325301
12401589,5,0.6057692307692307,38829.0,0.85
12401589,1,0.7894736842105263,31607.0,1.0
12401589,2,0.6774193548387096,26028.0,0.8861386138613861
12401589,3,0.2,0.0,0.5858585858585859
12408973,1,1.0,90896.0,0.3590836441129462
12408973,2,0.5,68687451936.0,0.6418181818181818
12408973,3,0.5,0.0,0.6306784660766962
12408973,4,0.5,0.0,0.47123464770523593
12408973,6,0.6666666666666666,0.0,0.6451914098972923
12408973,7,0.6666666666666666,0.0,0.41864951768488745
12408973,5,0.6666666666666666,54362.0,0.6585365853658537
12412524,5,0.6166666666666667,15675.0,0.3405994550408719
12416683,2,0.625,65963.0,0.7152542372881356
12416683,5,0.45,173529.0,0.6736641221374046
12420488,1,1.0,31543.0,0.7625
12420488,2,0.8333333333333334,24541.0,0.4358974358974359
12420488,5,0.6862745098039216,11597.0,0.5840220385674931
12420488,7,0.9047619047619048,0.0,0.5277777777777778
12420488,6,0.8604651162790697,0.0,0.7862068965517242
12420488,4,0.7123287671232876,0.0,0.7297297297297297
12420488,3,0.7931034482758621,0.0,0.67
12430812,7,0.6823529411764706,0.0,0.7029702970297029
12430812,4,0.6485013623978202,0.0,0.5294117647058824
12430812,6,0.6037735849056604,0.0,0.6666666666666666
12430812,5,0.6130790190735694,26543.0,0.5595238095238095
12430812,1,0.7172995780590717,33246.0,0.8700564971751412
12430812,2,0.6063569682151589,33990.0,0.5714285714285714
12430812,3,0.6746166950596252,0.0,1.0
12439940,2,0.5637982195845698,23611.0,0.5447154471544715
12439940,5,0.5629820051413882,26349.0,0.34959349593495936
12440162,7,0.5,0.0,0.391304347826087
12440162,4,0.7104247104247104,0.0,0.8648648648648649
12440162,6,0.6871508379888268,0.0,0.5894039735099338
12440162,5,0.6496598639455783,19736.0,0.8431372549019608
12440162,1,0.8273809523809523,17165.0,0.7843137254901961
12440162,2,0.7794117647058824,12163.0,0.6956521739130435
12440162,3,0.7653429602888087,0.0,0.821917808219178
12444197,1,0.5,68687451936.0,0.7914691943127962
12444197,2,0.7777777777777778,27646.0,0.6933333333333334
12444197,5,0.6666666666666666,17490.0,0.5199543899657925
12449542,1,0.5,30579.0,0.3590836441129462
12449542,3,0.5,0.0,0.6312684365781711
12449542,4,0.375,0.0,0.42857142857142855
12449542,5,0.4,36201.0,0.30579531442663377
12449542,6,0.3333333333333333,0.0,0.43137254901960786
12449542,7,0.0,0.0,0.6019292604501608
12449542,2,0.8,20166.0,0.855072463768116
12454482,3,1.0,0.0,0.1687315634218289
12454482,4,0.25,0.0,0.42857142857142855
12454482,6,0.3333333333333333,0.0,0.47619047619047616
12454482,7,0.6666666666666666,0.0,0.27138263665594853
12454482,2,0.5813953488372093,197582364.0,0.5380952380952381
12454482,1,1.0,56636762920.0,0.3590836441129462
12454482,5,0.6554621848739496,59824.0,0.8431372549019608
12457242,2,0.8,24913.0,0.8045112781954887
12457242,5,0.375,61616.0,0.6746031746031746
12461492,1,0.5,68687451936.0,0.6385542168674698
12461492,5,0.5152439024390244,213678.0,0.32456140350877194
12461492,2,0.5829596412556054,245873.0,0.6461538461538462
12463480,1,1.0,37613.0,0.3590836441129462
12463480,4,0.625,0.0,0.5533290239172592
12463480,7,0.6666666666666666,0.0,0.27138263665594853
12463480,3,0.6,0.0,0.1687315634218289
12463480,6,0.42857142857142855,0.0,0.4580246913580247
12463480,2,0.9076923076923077,42127.0,0.65
12463480,5,0.7681159420289855,91423.0,0.5111111111111111
12463724,1,0.5,31586.0,0.3590836441129462
12463724,3,1.0,0.0,0.6312684365781711
12463724,4,0.625,0.0,0.5533290239172592
12463724,6,1.0,0.0,0.828395061728395
12463724,7,1.0,0.0,0.6019292604501608
12463724,2,0.8,37032.0,0.6524590163934426
12463724,5,0.6666666666666666,54297.0,0.196763202725724
12464832,2,0.647887323943662,284787.0,0.6175298804780877
12464832,6,0.6363636363636364,0.0,0.31958762886597936
12464832,5,0.6060606060606061,44489.0,0.6832298136645962
12469540,1,0.5,25678.0,0.3590836441129462
12469540,3,0.5,0.0,0.6312684365781711
12469540,4,0.125,0.0,0.42857142857142855
12469540,6,0.6666666666666666,0.0,0.4580246913580247
12469540,7,0.3333333333333333,0.0,0.27138263665594853
12469540,5,0.2222222222222222,52555.0,0.711864406779661
12469540,2,0.5,25337.0,0.6777493606138107
12483972,2,0.3333333333333333,25374.0,0.7816593886462883
12483972,5,0.3,13585.0,0.5566037735849056
12488090,1,0.7662337662337663,27374.0,0.6865671641791045
12488090,2,0.7567567567567568,27179.0,0.7436708860759493
12488090,3,0.94,0.0,0.8789808917197452
12488090,7,0.8064516129032258,0.0,0.6875
12488090,4,0.6842105263157895,0.0,0.5849056603773585
12488090,5,0.6410256410256411,24734.0,0.5969773299748111
12488090,6,0.7333333333333333,0.0,0.7428571428571429
12493772,2,0.7857142857142857,49217.0,0.7710280373831776
12493772,4,0.6428571428571429,0.0,0.8518518518518519
12493772,3,0.35714285714285715,0.0,0.4578313253012048
12493772,1,0.0,37683.0,0.634703196347032
12493772,7,0.5301204819277109,0.0,0.550561797752809
12493772,5,0.6116504854368932,349683.0,0.7446808510638298
12493772,6,0.49473684210526314,0.0,0.7037037037037037
12497062,7,0.6071428571428571,0.0,0.550561797752809
12497062,4,0.5643564356435643,0.0,0.36
12497062,3,0.6428571428571429,0.0,0.821917808219178
12497062,6,0.5918367346938775,0.0,0.7758620689655172
12497062,5,0.6284779050736498,48767.0,0.5979381443298969
12497062,2,0.6820987654320988,21300.0,0.7142857142857143
12497062,1,0.696969696969697,64967.0,0.6633663366336634
12502122,2,0.5,68687451936.0,0.6175298804780877
12502122,1,0.5,68687451936.0,0.6385542168674698
12502122,5,0.2857142857142857,16562.0,0.8292682926829268
12504616,2,0.5,68687451936.0,0.592964824120603
12504616,5,0.3157894736842105,31041.0,0.6760259179265659
12506283,1,0.6521739130434783,45393.0,0.4594594594594595
12506283,4,0.5,0.0,0.8493150684931506
12506283,5,0.36363636363636365,54277.0,0.3405994550408719
12506328,1,0.5,68687451936.0,0.6385542168674698
12506328,5,0.64,25111.0,0.375
12508481,1,0.5,68687451936.0,0.8941176470588236
12508481,5,0.3333333333333333,14826.0,0.3090909090909091
12508481,2,0.75,31647.0,0.6821192052980133
12511453,1,0.5,24944.0,0.3590836441129462
12511453,2,0.5,68687451936.0,0.6418181818181818
12511453,3,1.0,0.0,0.1687315634218289
12511453,4,0.375,0.0,0.42857142857142855
12511453,6,0.6666666666666666,0.0,0.47619047619047616
12511453,7,0.6666666666666666,0.0,0.27138263665594853
12511453,5,0.5869565217391305,37443.0,0.7231404958677686
12524898,1,0.5,26040.0,0.3590836441129462
12524898,2,0.5,68687451936.0,0.6418181818181818
12524898,3,1.0,0.0,0.6312684365781711
12524898,4,0.125,0.0,0.42857142857142855
12524898,6,0.0,0.0,0.43137254901960786
12524898,7,0.3333333333333333,0.0,0.490032154340836
12524898,5,0.6444444444444445,71567.0,0.5081967213114754
12525096,1,0.5,68687451936.0,0.3383458646616541
12525096,5,0.5,35125.0,0.44193548387096776
12530864,1,0.5,100023.0,0.3590836441129462
12530864,2,0.5,68687451936.0,0.6418181818181818
12530864,3,0.0,0.0,0.1687315634218289
12530864,4,0.5,0.0,0.47123464770523593
12530864,6,0.0,0.0,0.4580246913580247
12530864,7,0.6666666666666666,0.0,0.27138263665594853
12530864,5,0.1891891891891892,54105.0,0.47474747474747475
12531287,1,0.5,25433.0,0.3590836441129462
12531287,2,0.5,68687451936.0,0.6418181818181818
12531287,3,0.5,0.0,0.1687315634218289
12531287,4,0.375,0.0,0.5533290239172592
12531287,5,0.0,17464.0,0.30579531442663377
12531287,6,0.3333333333333333,0.0,0.42663378545006164
12531287,7,0.0,0.0,0.27138263665594853
12532897,1,0.4358974358974359,130549.0,0.6071428571428571
12541283,3,1.0,0.0,0.6312684365781711
12541283,4,0.75,0.0,0.47123464770523593
12541283,2,0.8,25794.0,0.7962264150943397
12541283,6,0.8181818181818182,0.0,0.592436974789916
12541283,7,0.8333333333333334,0.0,0.8076923076923077
12541283,1,0.9411764705882353,29878.0,0.819672131147541
12541283,5,0.8076923076923077,17336.0,0.7333333333333333
12549245,4,0.6585365853658537,0.0,0.8709677419354839
12549245,7,0.6842105263157895,0.0,0.7843137254901961
12549245,2,0.35714285714285715,37001.0,0.5419354838709678
12549245,3,0.5408163265306123,0.0,0.6388888888888888
12549245,5,0.40625,173263.0,0.2896865520728008
12549245,1,0.4,73874.0,0.8596491228070176
12556267,1,0.6333333333333333,207364.0,0.4951923076923077
12556267,2,1.0,5859102700.0,0.6418181818181818
12556267,3,0.5,0.0,0.1687315634218289
12556267,4,0.25,0.0,0.5533290239172592
12556267,6,0.0,0.0,0.6451914098972923
12556267,7,0.0,0.0,0.490032154340836
12556267,5,0.42857142857142855,89244.0,0.7894736842105263
12560682,1,0.5,32211.0,0.3590836441129462
12560682,4,0.25,0.0,0.47123464770523593
12560682,7,0.3333333333333333,0.0,0.27138263665594853
12560682,6,0.7272727272727273,0.0,0.7926829268292683
12560682,3,0.6470588235294118,0.0,0.7934782608695652
12560682,5,0.6428571428571429,98284584.0,0.7685185185185185
12560682,2,0.6285714285714286,174198.0,0.7645985401459854
12563485,1,0.5555555555555556,559687.0,0.554140127388535
12563485,4,0.7321428571428571,0.0,0.5294117647058824
12563485,7,0.75,0.0,0.7714285714285715
12563485,6,0.7058823529411765,0.0,0.5857988165680473
12563485,3,0.7636363636363637,0.0,0.9166666666666666
12563485,2,0.7222222222222222,258878.0,0.7464788732394366
12563485,5,0.6836734693877551,101088.0,0.5441176470588235
12565766,1,0.5,25229.0,0.3590836441129462
12565766,2,0.5,68687451936.0,0.6418181818181818
12565766,3,1.0,0.0,0.1687315634218289
12565766,4,0.0,0.0,0.2194668319900806
12571386,1,0.5,21343.0,0.3590836441129462
12571386,3,1.0,0.0,0.1687315634218289
12571386,4,0.625,0.0,0.42857142857142855
12571386,6,0.6666666666666666,0.0,0.6451914098972923
12571386,7,0.6666666666666666,0.0,0.27138263665594853
12571386,5,0.7532467532467533,20202.0,0.5699481865284974
12571386,2,0.8687782805429864,38553.0,0.7433628318584071
12574061,1,0.8,35325.0,0.5608108108108109
12574061,6,0.37037037037037035,0.0,0.49122807017543857
12574061,4,0.5,0.0,0.43902439024390244
12574061,2,0.4230769230769231,37151.0,0.7176470588235294
12574061,5,0.35555555555555557,38982.0,0.5026737967914439
12574061,3,0.27586206896551724,0.0,0.7373737373737373
12574061,7,0.25,0.0,0.7108433734939759
12579104,4,0.6363636363636364,0.0,0.9069767441860465
12579104,5,0.7575757575757576,41537.0,0.5355871886120996
12590261,1,0.6666666666666666,27666.0,0.8270676691729323
12610167,1,1.0,31724.0,0.3590836441129462
12610167,2,0.5,68687451936.0,0.6418181818181818
12610167,3,0.5,0.0,0.6312684365781711
12610167,4,0.75,0.0,0.5533290239172592
12610167,5,0.2,12321.0,0.30579531442663377
12610167,6,0.6666666666666666,0.0,0.4580246913580247
12610167,7,1.0,0.0,0.27138263665594853
12612172,1,1.0,32741.0,0.3590836441129462
12612172,2,0.5,68687451936.0,0.6418181818181818
12612172,3,0.0,0.0,0.6306784660766962
12612172,4,0.375,0.0,0.47123464770523593
12612172,6,0.3333333333333333,0.0,0.828395061728395
12612172,7,0.3333333333333333,0.0,0.490032154340836
12612172,5,0.8,67142.0,0.8666666666666667
12616469,6,0.8666666666666667,0.0,0.6686746987951807
12616469,5,0.6896551724137931,21899.0,0.5707070707070707
12616469,1,0.8148148148148148,38515.0,0.6571428571428571
12616469,2,0.6875,29907.0,0.4787234042553192
12622150,2,0.4166666666666667,23648.0,0.7611111111111111
12622150,5,0.26666666666666666,19014.0,0.717852684144819
12634156,2,0.851063829787234,17282.0,0.9605263157894737
12634156,5,0.7913669064748201,78302.0,0.6125
12635020,1,0.5,34266.0,0.3590836441129462
12635020,2,0.5,68687451936.0,0.6418181818181818
12635020,3,0.5,0.0,0.6306784660766962
12635020,4,0.25,0.0,0.42857142857142855
12635020,5,0.4,30030.0,0.30579531442663377
12635020,6,0.3333333333333333,0.0,0.43137254901960786
12635020,7,0.3333333333333333,0.0,0.490032154340836
12638457,1,0.0,25684.0,0.3590836441129462
12638457,2,0.5,68687451936.0,0.6418181818181818
12638457,3,0.5,0.0,0.6312684365781711
12638457,4,0.5,0.0,0.5533290239172592
12638457,5,0.2,31024.0,0.30579531442663377
12638457,6,0.3333333333333333,0.0,0.6451914098972923
12638457,7,0.3333333333333333,0.0,0.41864951768488745
12644586,2,0.6559139784946236,21906.0,0.7645631067961165
12644586,5,0.5410628019323671,18008.0,0.6382978723404256
12646238,1,0.5,28130.0,0.3590836441129462
12646238,2,0.5,68687451936.0,0.6418181818181818
12646238,3,0.5,0.0,0.6306784660766962
12646238,4,0.125,0.0,0.5533290239172592
12646238,5,0.2,27911.0,0.30579531442663377
12646238,6,0.6666666666666666,0.0,0.2726423902894491
12646238,7,1.0,0.0,0.6019292604501608
12657026,1,0.5,25715.0,0.3590836441129462
12657026,2,0.5,68687451936.0,0.6418181818181818
12657026,3,0.0,0.0,0.6312684365781711
12657026,4,0.25,0.0,0.42857142857142855
12657026,5,0.0,2296.0,0.30579531442663377
12671153,1,0.7272727272727273,47221.0,0.5697674418604651
12671153,2,0.6964285714285714,43115.0,0.5446428571428571
12671153,5,0.5483870967741935,726791616.0,0.2896865520728008
12673181,2,0.5,68687451936.0,0.7435897435897436
12673181,5,0.4,15259.0,0.5201305767138193
12675023,1,0.5,20599.0,0.3590836441129462
12675023,3,0.5,0.0,0.6306784660766962
12675023,4,0.25,0.0,0.5533290239172592
12675023,6,0.0,0.0,0.6451914098972923
12675023,7,0.0,0.0,0.490032154340836
12675023,2,0.0,1327794.0,0.6564102564102564
12675023,5,0.4857142857142857,161528.0,0.7551020408163265
12676655,5,0.625,16652.0,0.591044776119403
12676655,2,0.42857142857142855,45343.0,0.8082089552238806
12677107,1,0.5,25786.0,0.3590836441129462
12677107,2,0.5,68687451936.0,0.6418181818181818
12677107,3,0.5,0.0,0.6306784660766962
12677107,4,0.0,0.0,0.47123464770523593
12677107,5,0.0,13944.0,0.30579531442663377
12677107,6,0.6666666666666666,0.0,0.47619047619047616
12677107,7,0.3333333333333333,0.0,0.6019292604501608
12680635,2,0.7289719626168224,22422.0,0.8814814814814815
12680635,5,0.6223404255319149,28633.0,0.5208333333333334
12685530,1,0.5,68687451936.0,0.7896440129449838
12685530,5,0.6666666666666666,37737.0,0.3088235294117647
12685530,2,0.5,25009.0,0.4787234042553192
12687722,1,1.0,26851.0,0.3590836441129462
12687722,2,0.5,68687451936.0,0.6418181818181818
12687722,3,1.0,0.0,0.1687315634218289
12687722,4,0.125,0.0,0.5533290239172592
12687722,5,0.0,31226.0,0.30579531442663377
12687722,6,0.6666666666666666,0.0,0.6451914098972923
12687722,7,0.6666666666666666,0.0,0.41864951768488745
12689054,6,0.14285714285714285,0.0,0.828395061728395
12689054,5,0.4,31968.0,0.5517241379310345
12689054,7,0.6875,0.0,0.8571428571428571
12689054,1,0.675,1376597.0,0.4174336762317271
12689054,3,0.6,0.0,0.1687315634218289
12689054,4,0.11764705882352941,0.0,0.47123464770523593
12689054,2,0.42424242424242425,27583.0,0.7962264150943397
12691815,1,0.5,26880.0,0.3590836441129462
12691815,2,0.5,68687451936.0,0.6418181818181818
12691815,3,0.0,0.0,0.6312684365781711
12691815,4,0.125,0.0,0.5533290239172592
12691815,6,0.6666666666666666,0.0,0.828395061728395
12691815,7,0.6666666666666666,0.0,0.41864951768488745
12691815,5,0.45,34462.0,0.6153846153846154
12694447,2,0.43478260869565216,36782.0,0.6792452830188679
12694447,7,0.5,0.0,0.6086956521739131
12694447,5,0.5,22928.0,0.18823529411764706
12694447,1,0.7272727272727273,27001.0,0.641399416909621
12694447,6,0.8571428571428571,0.0,0.7272727272727273
12702702,2,0.5,21890.0,0.8014705882352942
12702702,6,1.0,0.0,0.6759581881533101
12702702,5,0.7142857142857143,70951.0,0.5753012048192772
12718123,1,0.25,355692.0,0.5608108108108109
12718123,2,0.7236842105263158,33443.0,0.3655913978494624
12718123,5,0.675990675990676,38978.0,0.5979381443298969
12723408,6,0.7606837606837606,0.0,0.36220472440944884
12723408,7,0.6901408450704225,0.0,0.6739130434782609
12723408,4,0.6068601583113457,0.0,0.9
12723408,1,0.832807570977918,133956.0,1.0
12723408,2,0.6988636363636364,129445.0,0.5851063829787234
12723408,5,0.7349137931034483,72433.0,0.6632653061224489
12723408,3,0.7132867132867133,0.0,0.6666666666666666
12730696,4,0.6268656716417911,0.0,0.6567164179104478
12730696,3,0.7321428571428571,0.0,0.8
12730696,2,0.7638888888888888,570055.0,0.5684647302904564
12730696,1,0.8263888888888888,631534089.0,0.8472222222222222
12730696,6,0.7378640776699029,0.0,0.3687150837988827
12730696,5,0.6445783132530121,51931.0,0.375
12730696,7,0.7800546448087432,0.0,0.4
12732110,1,1.0,27608.0,0.3590836441129462
12732110,3,1.0,0.0,0.1687315634218289
12732110,4,0.25,0.0,0.47123464770523593
12732110,5,0.4,30635.0,0.30579531442663377
12732110,6,0.0,0.0,0.828395061728395
12732110,7,0.3333333333333333,0.0,0.41864951768488745
12732110,2,0.7,22747.0,0.9038461538461539
12747165,2,0.6619718309859155,28224.0,0.8787878787878788
12747165,1,0.6363636363636364,32140.0,0.6302083333333334
12747165,6,0.0,0.0,0.8047337278106509
12747165,5,0.5515151515151515,32110.0,0.7518796992481203
12748867,1,1.0,24298.0,0.3590836441129462
12748867,2,0.5,68687451936.0,0.6418181818181818
12748867,3,0.5,0.0,0.6306784660766962
12748867,4,0.0,0.0,0.5533290239172592
12748867,5,0.4,14509.0,0.30579531442663377
12748867,6,0.0,0.0,0.6451914098972923
12748867,7,1.0,0.0,0.6019292604501608
12765350,2,0.5384615384615384,21947.0,0.4358974358974359
12765350,5,0.35714285714285715,30435.0,0.7870036101083032
12765350,1,0.8,157081.0,0.5608108108108109
12766567,1,1.0,28829.0,0.3590836441129462
12766567,3,0.5,0.0,0.6306784660766962
12766567,4,0.5,0.0,0.5533290239172592
12766567,6,0.6666666666666666,0.0,0.47619047619047616
12766567,7,1.0,0.0,0.27138263665594853
12766567,2,0.8533333333333334,78142.0,0.6101694915254238
12766567,5,0.7696969696969697,24276.0,0.6783625730994152
12771996,5,0.3,26834.0,0.6097560975609756
12771996,2,0.3333333333333333,42100749.0,0.8616780045351474
12774412,1,0.5,29960.0,0.3590836441129462
12774412,2,0.5,68687451936.0,0.6418181818181818
12774412,3,0.5,0.0,0.6306784660766962
12774412,4,0.25,0.0,0.5533290239172592
12774412,5,0.2,22446.0,0.30579531442663377
12774412,6,0.3333333333333333,0.0,0.828395061728395
12774412,7,0.3333333333333333,0.0,0.41864951768488745
12782123,2,0.5,68687451936.0,0.7441860465116279
12782123,1,0.5,68687451936.0,0.8211382113821138
12782123,5,0.3888888888888889,169056.0,0.7692307692307693
12793875,1,0.5,31019.0,0.3590836441129462
12793875,3,0.5,0.0,0.6312684365781711
12793875,4,0.5,0.0,0.47123464770523593
12793875,6,0.3333333333333333,0.0,0.2726423902894491
12793875,7,1.0,0.0,0.27138263665594853
12793875,5,0.65,302445253.0,0.5201305767138193
12793875,2,0.7151898734177216,14086.0,0.7844827586206896
12800851,1,0.0,28290.0,0.3590836441129462
12800851,2,0.5,68687451936.0,0.6418181818181818
12800851,3,0.0,0.0,0.1687315634218289
12800851,4,0.125,0.0,0.5533290239172592
12800851,5,0.0,41908.0,0.30579531442663377
12800851,6,0.0,0.0,0.4580246913580247
12800851,7,0.0,0.0,0.27138263665594853
12801916,1,0.0,25170.0,0.3590836441129462
12801916,2,0.5,68687451936.0,0.6418181818181818
12801916,3,0.0,0.0,0.6306784660766962
12801916,4,0.375,0.0,0.42857142857142855
12801916,5,0.2,18677.0,0.30579531442663377
12801916,6,0.3333333333333333,0.0,0.6451914098972923
12801916,7,0.6666666666666666,0.0,0.27138263665594853
12815439,2,0.8333333333333334,26063.0,0.3655913978494624
12815439,5,0.37037037037037035,31144.0,0.5555555555555556
12819449,6,0.8888888888888888,0.0,0.9642857142857143
12819449,1,0.7777777777777778,33166.0,0.751131221719457
12819449,2,0.6976744186046512,61125.0,0.610223642172524
12819449,5,0.6979166666666666,146736.0,0.5469387755102041
12826848,1,0.5,68687451936.0,0.9423076923076923
12826848,2,0.8095238095238095,32306.0,0.8082089552238806
12826848,5,0.5614035087719298,36811.0,0.6893939393939394
12830812,2,0.6796875,26073.0,0.9545454545454546
12830812,5,0.5833333333333334,24020.0,0.625
12832367,2,0.85,27104.0,0.8082089552238806
12832367,5,0.52,20651.0,0.58
12834484,1,0.6727272727272727,174926.0,0.41697416974169743
12834484,3,0.7307692307692307,0.0,0.7241379310344828
12834484,6,0.5392156862745098,0.0,0.7447698744769874
12834484,4,0.6,0.0,0.9084967320261438
12834484,2,0.7534246575342466,22109.0,0.65
12834484,7,0.4666666666666667,0.0,0.7916666666666666
12834484,5,0.6043290043290044,30681.0,0.717948717948718
12838501,5,0.625,31600.0,0.6857142857142857
12838683,1,1.0,33188.0,0.3590836441129462
12838683,2,0.5,68687451936.0,0.6418181818181818
12838683,3,0.0,0.0,0.6306784660766962
12838683,4,0.25,0.0,0.42857142857142855
12838683,5,0.4,25832.0,0.30579531442663377
12838683,6,1.0,0.0,0.42663378545006164
12838683,7,1.0,0.0,0.27138263665594853
12847787,3,0.8181818181818182,0.0,0.6884057971014492
12847787,6,0.8241758241758241,0.0,0.5275590551181102
12847787,7,0.7948717948717948,0.0,0.7784810126582279
12847787,4,0.7071428571428572,0.0,0.7735849056603774
12847787,1,0.8395061728395061,42212.0,0.8823529411764706
12847787,2,0.7711442786069652,37952.0,0.4830917874396135
12847787,5,0.6901709401709402,377860901.0,0.7631578947368421
12849069,1,0.0,23286.0,0.3590836441129462
12849069,2,0.5,68687451936.0,0.6418181818181818
12849069,3,0.5,0.0,0.1687315634218289
12849069,4,0.25,0.0,0.47123464770523593
12849069,5,0.4,13849.0,0.30579531442663377
12849069,6,0.0,0.0,0.2726423902894491
12849069,7,1.0,0.0,0.27138263665594853
12858610,4,0.25,0.0,0.42857142857142855
12858610,6,0.6666666666666666,0.0,0.4580246913580247
12858610,1,0.52,58225.0,0.7815533980582524
12858610,3,0.45454545454545453,0.0,0.5964912280701754
12858610,7,0.6,0.0,0.6428571428571429
12858610,5,0.4444444444444444,44672.0,0.6733333333333333
12858610,2,0.72,47136.0,0.7591240875912408
12863734,1,0.5,31216.0,0.8122977346278317
12863734,2,0.6923076923076923,29469.0,0.5523809523809524
12863734,6,0.7333333333333333,0.0,0.17543859649122806
12863734,5,0.6333333333333333,50023.0,0.324
12868689,2,0.6,141186.0,0.7191011235955056
12868689,5,0.15384615384615385,254885278.0,0.7213622291021672
12881807,1,1.0,33842.0,0.3590836441129462
12881807,2,0.5,68687451936.0,0.6418181818181818
12881807,3,0.5,0.0,0.6312684365781711
12881807,4,0.375,0.0,0.5533290239172592
12881807,5,0.4,17345.0,0.30579531442663377
12881807,6,0.0,0.0,0.47619047619047616
12881807,7,0.3333333333333333,0.0,0.6019292604501608
12887539,1,0.5,28466.0,0.3590836441129462
12887539,2,0.5,68687451936.0,0.6418181818181818
12887539,3,0.5,0.0,0.1687315634218289
12887539,4,0.375,0.0,0.42857142857142855
12887539,6,0.3333333333333333,0.0,0.6185185185185185
12887539,7,0.6666666666666666,0.0,0.41864951768488745
12887539,5,0.6,44962.0,0.7933884297520661
12889965,2,0.7,1158007191.0,0.7848837209302325
12889965,5,0.575,61449.0,0.5384615384615384
12908124,2,0.5,68687451936.0,0.7699115044247787
12908124,5,0.4,16661.0,0.7121212121212122
12909482,5,0.6428571428571429,10251.0,0.2896865520728008
12913593,2,0.5454545454545454,27860.0,0.36306729264475746
12913593,5,0.5161290322580645,269420.0,0.5201305767138193
12917084,1,1.0,26647.0,0.3590836441129462
12917084,3,0.0,0.0,0.6306784660766962
12917084,4,0.375,0.0,0.5533290239172592
12917084,6,0.6666666666666666,0.0,0.47619047619047616
12917084,7,0.6666666666666666,0.0,0.6019292604501608
12917084,5,0.6666666666666666,26275.0,0.6138392857142857
12917084,2,0.5263157894736842,28215.0,0.8043478260869565
12917733,6,0.36363636363636365,0.0,0.5903614457831325
12917733,5,0.18518518518518517,25686.0,0.717852684144819
12917733,1,0.6411483253588517,35623.0,0.864406779661017
12917733,2,0.3497536945812808,31829.0,0.666030534351145
12917733,4,0.3291139240506329,0.0,0.6274509803921569
12917733,3,0.2919254658385093,0.0,0.7454545454545455
12917733,7,0.24,0.0,0.7272727272727273
12920789,1,0.8823529411764706,314431145.0,0.8068181818181818
12920789,2,0.8333333333333334,26598.0,0.5703125
12920789,3,0.5,0.0,0.32407407407407407
12920789,5,0.5733333333333334,31954.0,0.7865168539325843
12920789,6,0.7450980392156863,0.0,0.6363636363636364
12928027,1,0.6551724137931034,23511.0,0.3608490566037736
12928027,2,0.5172413793103449,19231.0,0.5457142857142857
12928027,3,0.5172413793103449,0.0,0.6312684365781711
12938124,1,0.5,68687451936.0,0.6688741721854304
12938124,5,0.8333333333333334,60188.0,0.24829931972789115
12938124,2,0.5454545454545454,42980.0,0.74
12951464,1,1.0,215074.0,0.3590836441129462
12951464,5,1.0,67165.0,0.4766355140186916
12953252,5,0.2857142857142857,25092.0,0.516504854368932
12953252,2,0.6666666666666666,23092.0,0.8728813559322034
12957263,2,0.8888888888888888,29976.0,0.7388781431334622
12957263,5,0.4444444444444444,31073.0,0.6861471861471862
12957263,6,0.7142857142857143,0.0,0.17543859649122806
12957263,4,0.6,0.0,0.68
12957263,1,0.5,37695.0,0.41697416974169743
12957263,3,0.6,0.0,0.7228915662650602
12957562,1,0.0,25352.0,0.3590836441129462
12957562,3,0.5,0.0,0.1687315634218289
12957562,4,0.375,0.0,0.42857142857142855
12957562,6,1.0,0.0,0.2726423902894491
12957562,7,1.0,0.0,0.27138263665594853
12957562,2,0.6,62870.0,0.7962264150943397
12957562,5,0.725,386793.0,0.8076923076923077
12957750,1,1.0,36753.0,0.3590836441129462
12957750,2,0.5,68687451936.0,0.6418181818181818
12957750,3,0.0,0.0,0.6312684365781711
12957750,4,0.125,0.0,0.42857142857142855
12957750,6,0.6666666666666666,0.0,0.2726423902894491
12957750,7,0.3333333333333333,0.0,0.490032154340836
12957750,5,0.6444444444444445,25217.0,0.704225352112676
12962043,1,0.5,25890.0,0.3590836441129462
12962043,2,0.5,68687451936.0,0.6418181818181818
12962043,3,0.5,0.0,0.6306784660766962
12962043,4,0.5,0.0,0.47123464770523593
12962043,5,0.8,17986.0,0.30579531442663377
12962043,6,1.0,0.0,0.4580246913580247
12962043,7,1.0,0.0,0.41864951768488745
12962168,1,0.5,68687451936.0,0.7787610619469026
12962168,5,0.3333333333333333,193186.0,0.49242424242424243
12962168,2,1.0,2169568.0,0.7436708860759493
12962819,1,0.5,21326.0,0.3590836441129462
12962819,2,0.5,68687451936.0,0.6418181818181818
12962819,3,0.0,0.0,0.6312684365781711
12962819,4,0.25,0.0,0.42857142857142855
12962819,5,0.2,16296.0,0.30579531442663377
12962819,6,1.0,0.0,0.6451914098972923
12962819,7,0.6666666666666666,0.0,0.41864951768488745
12968369,1,0.5,28637.0,0.3590836441129462
12968369,3,0.0,0.0,0.6306784660766962
12968369,4,0.25,0.0,0.47123464770523593
12968369,6,0.6666666666666666,0.0,0.828395061728395
12968369,7,0.0,0.0,0.27138263665594853
12968369,5,0.4444444444444444,54607.0,0.38
12968369,2,0.75,42388.0,0.7962264150943397
12973983,1,0.5,24860.0,0.3590836441129462
12973983,2,0.5,68687451936.0,0.6418181818181818
12973983,3,0.5,0.0,0.6312684365781711
12973983,4,0.375,0.0,0.47123464770523593
12973983,6,1.0,0.0,0.4580246913580247
12973983,7,0.6666666666666666,0.0,0.41864951768488745
12973983,5,0.68,20532.0,0.9782608695652174
12975989,1,0.5,27252.0,0.3590836441129462
12975989,2,0.5,68687451936.0,0.6418181818181818
12975989,3,0.0,0.0,0.6306784660766962
12975989,4,0.125,0.0,0.5533290239172592
12975989,5,0.0,35971.0,0.30579531442663377
12975989,6,0.0,0.0,0.43137254901960786
12975989,7,0.0,0.0,0.41864951768488745
12978796,2,0.8888888888888888,12989.0,0.9313725490196079
12978796,5,0.7692307692307693,31267.0,0.8070175438596491
12982499,6,0.7435897435897436,0.0,0.8481012658227848
12982499,7,0.84,0.0,0.7058823529411765
12982499,2,0.8064516129032258,42797.0,0.6064516129032258
12982499,5,0.6229508196721312,32686.0,0.5689655172413793
12982499,3,0.8490566037735849,0.0,0.4523809523809524
12982499,4,0.8421052631578947,0.0,0.4626865671641791
12982499,1,0.7916666666666666,28025.0,0.659919028340081
13005118,5,0.2727272727272727,26990.0,0.3405994550408719
13005318,2,0.5,68687451936.0,0.7435897435897436
13005318,5,0.5306122448979592,44308.0,0.9523809523809523
13010177,1,0.5,25918.0,0.3590836441129462
13010177,2,0.5,68687451936.0,0.6418181818181818
13010177,3,0.5,0.0,0.6312684365781711
13010177,4,0.5,0.0,0.47123464770523593
13010177,5,0.4,14413.0,0.30579531442663377
13010177,6,0.6666666666666666,0.0,0.4580246913580247
13010177,7,0.0,0.0,0.6019292604501608
13031371,2,1.0,20847.0,0.8117647058823529
13031371,5,0.4,22801.0,0.43333333333333335
13032100,1,1.0,607951442.0,0.9423076923076923
13032100,2,0.4666666666666667,203591.0,0.8082089552238806
13032100,5,0.3783783783783784,37464.0,0.803030303030303
13036682,3,1.0,0.0,0.1687315634218289
13036682,4,0.25,0.0,0.42857142857142855
13036682,6,0.6666666666666666,0.0,0.47619047619047616
13036682,7,1.0,0.0,0.6019292604501608
13036682,2,1.0,26003.0,0.6175298804780877
13036682,5,0.6206896551724138,6308305.0,0.5348837209302325
13036682,1,0.375,206559947.0,0.864406779661017
13052084,2,0.0,42315.0,0.7358490566037735
13052084,5,0.14285714285714285,17245.0,0.6153846153846154
13055881,1,1.0,25079.0,0.3590836441129462
13055881,3,0.5,0.0,0.6312684365781711
13055881,4,0.75,0.0,0.47123464770523593
13055881,5,0.2,45699.0,0.30579531442663377
13055881,6,0.3333333333333333,0.0,0.828395061728395
13055881,7,0.6666666666666666,0.0,0.6019292604501608
13055881,2,0.875,28303.0,0.8649921507064364
13063148,2,0.5,68687451936.0,0.6777493606138107
13063148,5,0.6666666666666666,12525.0,0.2815533980582524
13063148,6,0.8333333333333334,0.0,0.510548523206751
13063148,1,0.8888888888888888,67138.0,0.6831683168316832
13074165,1,0.5,26974.0,0.3590836441129462
13074165,2,0.5,68687451936.0,0.6418181818181818
13074165,3,0.0,0.0,0.6306784660766962
13074165,4,0.625,0.0,0.5533290239172592
13074165,6,0.0,0.0,0.43137254901960786
13074165,7,0.6666666666666666,0.0,0.27138263665594853
13074165,5,0.4,39291.0,0.7635135135135135
13076908,1,0.5,68687451936.0,0.8382978723404255
13076908,2,1.0,98181.0,0.6777493606138107
13076908,5,0.574468085106383,33983.0,0.7857142857142857
13080486,2,0.5454545454545454,314790.0,0.744
13080486,5,0.35294117647058826,81012.0,0.8165137614678899
13080747,1,1.0,23663.0,0.3590836441129462
13080747,2,0.5,68687451936.0,0.6418181818181818
13080747,3,0.5,0.0,0.1687315634218289
13080747,4,0.5,0.0,0.42857142857142855
13080747,5,0.4,26299.0,0.30579531442663377
13080747,6,0.3333333333333333,0.0,0.43137254901960786
13080747,7,0.6666666666666666,0.0,0.490032154340836
13094420,1,0.5,25904.0,0.3590836441129462
13094420,2,0.5,68687451936.0,0.6418181818181818
13094420,3,0.0,0.0,0.6306784660766962
13094420,4,0.625,0.0,0.47123464770523593
13094420,5,0.4,11605.0,0.30579531442663377
13094420,6,0.6666666666666666,0.0,0.4580246913580247
13094420,7,0.6666666666666666,0.0,0.490032154340836
13097961,1,0.5,1691811919.0,0.3590836441129462
13097961,3,1.0,0.0,0.6312684365781711
13097961,4,0.0,0.0,0.47123464770523593
13097961,6,0.6666666666666666,0.0,0.6185185185185185
13097961,7,0.6666666666666666,0.0,0.41864951768488745
13097961,5,0.7205882352941176,27403.0,0.7442748091603053
13097961,2,0.8260869565217391,59693.0,0.9222222222222223
13100521,1,0.5,28092.0,0.3590836441129462
13100521,2,0.5,68687451936.0,0.6418181818181818
13100521,3,0.0,0.0,0.6312684365781711
13100521,4,0.375,0.0,0.42857142857142855
13100521,6,0.3333333333333333,0.0,0.6185185185185185
13100521,7,0.3333333333333333,0.0,0.41864951768488745
13100521,5,0.26666666666666666,63663.0,0.85
13101824,1,0.5833333333333334,43810.0,0.7397260273972602
13101824,2,0.6666666666666666,37740.0,0.8774617067833698
13101824,5,0.5555555555555556,76646.0,0.8688524590163934
13106097,5,0.5478260869565217,13854.0,0.6829268292682927
13106097,2,0.7894736842105263,224263.0,0.9451219512195121
13109171,2,0.9,26593.0,0.7696969696969697
13109171,5,0.4666666666666667,104196.0,0.7669172932330827
13111016,1,0.5,23614.0,0.3590836441129462
13111016,2,0.5,68687451936.0,0.6418181818181818
13111016,3,0.0,0.0,0.6306784660766962
13111016,4,0.5,0.0,0.5533290239172592
13111016,6,0.3333333333333333,0.0,0.6451914098972923
13111016,7,0.3333333333333333,0.0,0.41864951768488745
13111016,5,0.6111111111111112,5320926339.0,0.7019230769230769
13112150,5,0.75,22439.0,0.2032520325203252
13112150,2,0.6363636363636364,28274.0,0.5128205128205128
13123423,5,0.5555555555555556,51378.0,0.5199543899657925
13126869,7,0.5151515151515151,0.0,0.5
13126869,3,0.6612903225806451,0.0,0.8544303797468354
13126869,6,0.6148148148148148,0.0,0.6863905325443787
13126869,1,0.7934782608695652,20584.0,0.6981818181818182
13126869,2,0.8018018018018018,32595.0,0.4429657794676806
13126869,4,0.5930232558139535,0.0,0.9146919431279621
13126869,5,0.6549865229110512,14212.0,0.718562874251497
13138439,1,1.0,82590.0,0.6385542168674698
13138439,5,0.3,107659.0,0.6466876971608833
13138439,2,0.5,68687451936.0,0.7710280373831776
13139593,2,0.5,68687451936.0,0.55
13139593,5,0.7407407407407407,16444.0,0.8166666666666667
13145511,2,0.7272727272727273,28366.0,0.610223642172524
13145511,5,0.6078431372549019,53233.0,0.6529209621993127
13149581,6,0.6179104477611941,0.0,0.42857142857142855
13149581,1,0.6395348837209303,40293.0,0.8272727272727273
13149581,4,0.5526315789473685,0.0,0.5441176470588235
13149581,5,0.6214128035320088,57782.0,0.6089108910891089
13149581,7,0.5384615384615384,0.0,0.9230769230769231
13149581,2,0.6513888888888889,23169.0,0.6794871794871795
13149581,3,0.6688102893890675,0.0,0.813953488372093
13155010,5,0.44148936170212766,17665.0,0.6382978723404256
13155010,2,0.5,14764.0,0.5352112676056338
13155490,1,0.7575757575757576,74085.0,0.6633663366336634
13155490,6,0.627906976744186,0.0,0.8717948717948718
13155490,2,0.8333333333333334,35712295.0,0.8691588785046729
13155490,7,0.7368421052631579,0.0,0.7851851851851852
13155490,5,0.6266094420600858,34146.0,0.7548387096774194
13163325,1,1.0,23447.0,0.3590836441129462
13163325,2,0.5,68687451936.0,0.6418181818181818
13163325,3,0.5,0.0,0.6306784660766962
13163325,4,0.5,0.0,0.47123464770523593
13163325,5,0.4,18353.0,0.30579531442663377
13163325,6,0.6666666666666666,0.0,0.47619047619047616
13163325,7,0.3333333333333333,0.0,0.41864951768488745
13174962,1,1.0,25716.0,0.5949367088607594
13174962,5,0.19230769230769232,40752.0,0.2857142857142857
13181685,5,0.3888888888888889,14354.0,0.7090909090909091
13181685,2,0.5454545454545454,29670.0,0.8649921507064364
13187215,2,0.5,68687451936.0,0.4585152838427948
13187215,1,0.5,68687451936.0,0.6385542168674698
13187215,5,0.25,17596.0,0.5581395348837209
13187215,6,0.5217391304347826,0.0,0.4660633484162896
13190690,1,1.0,20484.0,0.3590836441129462
13190690,3,0.5,0.0,0.6306784660766962
13190690,4,0.375,0.0,0.42857142857142855
13190690,6,0.3333333333333333,0.0,0.4580246913580247
13190690,7,1.0,0.0,0.41864951768488745
13190690,2,0.95,24077.0,0.5607814761215629
13190690,5,0.8,33010.0,0.6622516556291391
13192390,3,0.8314606741573034,0.0,0.5483870967741935
13192390,5,0.7137681159420289,108861.0,0.6931407942238267
13192390,7,0.9166666666666666,0.0,0.4166666666666667
13192390,2,0.8681318681318682,49736.0,0.8518518518518519
13192390,1,0.8818181818181818,57502.0,0.32229580573951433
13192390,6,0.6946107784431138,0.0,0.7835051546391752
13192390,4,0.7785234899328859,0.0,0.8706896551724138
13199037,1,1.0,27600.0,0.3590836441129462
13199037,3,0.0,0.0,0.6312684365781711
13199037,4,0.125,0.0,0.5533290239172592
13199037,6,0.3333333333333333,0.0,0.6451914098972923
13199037,7,0.0,0.0,0.27138263665594853
13199037,5,0.32,33103.0,0.532258064516129
13199037,2,0.75,26874.0,0.8774617067833698
13199933,1,0.5,26376.0,0.3590836441129462
13199933,3,0.0,0.0,0.6312684365781711
13199933,4,0.0,0.0,0.47123464770523593
13199933,6,0.0,0.0,0.43137254901960786
13199933,7,0.0,0.0,0.6019292604501608
13199933,2,0.4,101550.0,0.75
13199933,5,0.2,13530.0,0.6
13221061,2,1.0,1214097279.0,0.42997198879551823
13221061,5,0.47058823529411764,19999.0,0.6484375
13223476,3,0.35,0.0,0.7
13223476,7,0.5909090909090909,0.0,0.7108433734939759
13223476,5,0.45161290322580644,17772288458.0,0.5
13223476,2,0.8,486999878.0,0.6477272727272727
13223476,1,0.8333333333333334,489169143.0,0.9342105263157895
13223476,4,0.41379310344827586,0.0,0.4838709677419355
13223476,6,0.4838709677419355,0.0,0.6482213438735178
13224096,2,0.5714285714285714,31487.0,0.5607814761215629
13224096,5,0.3181818181818182,20357.0,0.8448275862068966
13233173,5,0.5714285714285714,24218.0,0.5283018867924528
13233173,4,0.65625,0.0,0.14814814814814814
13233349,1,0.5,68687451936.0,0.7
13233349,2,0.5833333333333334,263499.0,0.8548387096774194
13233349,5,0.3888888888888889,30863.0,0.5843373493975904
13253952,2,1.0,16057.0,0.9516129032258065
13253952,5,0.42857142857142855,12025.0,0.6333333333333333
13269315,1,0.5,26150.0,0.3590836441129462
13269315,3,0.5,0.0,0.6312684365781711
13269315,4,0.25,0.0,0.47123464770523593
13269315,6,0.3333333333333333,0.0,0.6185185185185185
13269315,7,0.3333333333333333,0.0,0.490032154340836
13269315,5,0.4594594594594595,25463.0,0.8433734939759037
13269315,2,0.7333333333333333,21097.0,0.7217391304347827
13269535,7,0.3333333333333333,0.0,0.490032154340836
13269535,6,0.5135135135135135,0.0,0.555
13269535,1,0.8648648648648649,32573.0,0.9291338582677166
13269535,2,0.7037037037037037,23837.0,0.9294117647058824
13269535,3,0.7272727272727273,0.0,0.75
13269535,4,0.4117647058823529,0.0,0.8985507246376812
13269535,5,0.2857142857142857,34399.0,0.196763202725724
13273571,1,0.5,68687451936.0,0.6071428571428571
13273571,2,0.5,68687451936.0,0.6777493606138107
13273571,5,0.5833333333333334,24255.0,0.46616541353383456
13275347,5,0.4782608695652174,127353.0,0.47477744807121663
13275347,2,0.75,25288.0,0.7244897959183674
13277570,2,0.5555555555555556,326391.0,0.5939086294416244
13277570,5,0.5813953488372093,32051.0,0.7692307692307693
13285606,2,0.7948717948717948,24812.0,0.7894736842105263
13285606,5,0.6235294117647059,53407.0,0.24
13288121,7,0.3888888888888889,0.0,0.6190476190476191
13288121,6,0.6571428571428571,0.0,0.17543859649122806
13288121,4,0.6538461538461539,0.0,0.6881720430107527
13288121,3,0.5896551724137931,0.0,0.7093023255813954
13288121,5,0.542016806722689,571065.0,0.6028880866425993
13288121,1,0.7185185185185186,124517.0,0.5466666666666666
13288121,2,0.6456140350877193,63224.0,0.5076923076923077
13291899,1,1.0,25104.0,0.3590836441129462
13291899,2,0.5,68687451936.0,0.6418181818181818
13291899,3,0.5,0.0,0.1687315634218289
13291899,4,0.25,0.0,0.5533290239172592
13291899,5,0.6,65958.0,0.30579531442663377
13291899,6,0.6666666666666666,0.0,0.4580246913580247
13291899,7,0.3333333333333333,0.0,0.41864951768488745
13298911,6,0.6727272727272727,0.0,0.7383512544802867
13298911,3,0.7804878048780488,0.0,0.26666666666666666
13298911,1,0.9743589743589743,63177.0,0.9795918367346939
13298911,2,0.7922077922077922,45943.0,0.6349206349206349
13298911,5,0.734375,38508.0,0.4888888888888889
13303765,1,0.5,27879.0,0.3590836441129462
13303765,2,0.5,68687451936.0,0.6418181818181818
13303765,3,0.5,0.0,0.6312684365781711
13303765,4,0.125,0.0,0.5533290239172592
13303765,6,0.3333333333333333,0.0,0.43137254901960786
13303765,7,0.3333333333333333,0.0,0.27138263665594853
13303765,5,0.3333333333333333,909086.0,0.5454545454545454
13313641,5,0.7100591715976331,38973.0,0.6529209621993127
13313641,2,0.7276995305164319,24002.0,0.6454545454545455
13320180,2,0.5,21198.0,0.6097560975609756
13320180,5,0.6470588235294118,2291259.0,0.7685185185185185
13322055,2,0.9090909090909091,102362.0,0.3655913978494624
13322055,5,0.6666666666666666,119966.0,0.8297872340425532
13322901,2,0.693069306930693,59311.0,0.47058823529411764
13322901,5,0.6346153846153846,64945.0,0.8823529411764706
13326355,2,0.9090909090909091,24834.0,0.8828828828828829
13326355,5,0.525,547365.0,0.6346153846153846
13327863,6,0.7333333333333333,0.0,0.7681159420289855
13327863,2,0.5,33863.0,0.4358974358974359
13327863,1,0.07692307692307693,44288.0,0.6356877323420075
13327863,5,0.4166666666666667,72172.0,0.2915800415800416
13328543,2,0.6862745098039216,21727.0,0.8888888888888888
13328543,5,0.6410256410256411,39317.0,0.7636363636363637
13331805,3,1.0,0.0,0.4507042253521127
13331805,2,0.8571428571428571,29148.0,0.7867647058823529
13331805,4,0.65,0.0,0.5892857142857143
13331805,1,0.896551724137931,35225.0,0.7582417582417582
13331805,6,0.6,0.0,0.3076923076923077
13331805,7,0.7368421052631579,0.0,0.8175182481751825
13331805,5,0.5789473684210527,100067.0,0.21153846153846154
13337217,2,0.42105263157894735,52811.0,0.3655913978494624
13337217,4,0.42857142857142855,0.0,0.9818181818181818
13337217,6,0.3225806451612903,0.0,0.6779661016949152
13337217,1,0.4473684210526316,29727.0,0.5679012345679012
13337217,5,0.2711864406779661,288611888.0,0.6495726495726496
13337217,3,0.36363636363636365,0.0,0.8771929824561403
13355321,1,1.0,26335.0,0.3590836441129462
13355321,3,0.5,0.0,0.6312684365781711
13355321,4,0.125,0.0,0.47123464770523593
13355321,6,0.0,0.0,0.6451914098972923
13355321,7,0.3333333333333333,0.0,0.490032154340836
13355321,2,1.0,189357238.0,0.9342105263157895
13355321,5,0.6666666666666666,28631.0,0.585635359116022
13361026,1,0.0,28042.0,0.3590836441129462
13361026,2,0.5,68687451936.0,0.6418181818181818
13361026,3,0.5,0.0,0.6312684365781711
13361026,4,0.25,0.0,0.5533290239172592
13361026,5,0.2,2157.0,0.30579531442663377
13361026,6,0.3333333333333333,0.0,0.6451914098972923
13361026,7,0.3333333333333333,0.0,0.41864951768488745
13365414,5,0.5,22354.0,0.4
13365414,1,0.0,82727.0,0.32229580573951433
13365414,2,0.09090909090909091,48882.0,0.5598455598455598
13378104,5,0.3333333333333333,68659.0,0.4362017804154303
13378104,2,0.8260869565217391,232429848.0,0.7591240875912408
13378598,1,0.8775510204081632,51847.0,0.32229580573951433
13383099,4,0.375,0.0,0.42857142857142855
13383099,7,0.14285714285714285,0.0,0.41864951768488745
13383099,6,0.48148148148148145,0.0,0.6065573770491803
13383099,1,0.7027027027027027,144026517.0,0.7896440129449838
13383099,3,0.40458015267175573,0.0,0.5512820512820513
13383099,2,0.562753036437247,27914.0,0.8515625
13383099,5,0.5473251028806584,9540.0,0.612
13391218,5,0.0,13338.0,0.8275862068965517
13391218,2,0.0,65389.0,0.7435897435897436
13391218,1,0.6,41493.0,0.8507462686567164
13392386,1,0.5,27293.0,0.3590836441129462
13392386,2,0.5,68687451936.0,0.6418181818181818
13392386,3,1.0,0.0,0.6306784660766962
13392386,4,0.25,0.0,0.47123464770523593
13392386,5,0.8,23320.0,0.30579531442663377
13392386,6,0.6666666666666666,0.0,0.47619047619047616
13392386,7,0.0,0.0,0.6019292604501608
13397643,1,0.0,68062.0,0.9423076923076923
13397643,2,1.0,193998.0,0.7289972899728997
13397643,5,0.42105263157894735,29154659.0,0.5294117647058824
13401374,2,0.38461538461538464,26787.0,0.8588235294117647
13401374,5,0.5833333333333334,46104.0,0.8292682926829268
13409950,1,0.0,24554.0,0.3590836441129462
13409950,2,0.5,68687451936.0,0.6418181818181818
13409950,3,0.0,0.0,0.1687315634218289
13409950,4,0.375,0.0,0.47123464770523593
13409950,5,0.0,10636.0,0.30579531442663377
13409950,6,0.6666666666666666,0.0,0.4580246913580247
13409950,7,0.3333333333333333,0.0,0.6019292604501608
13411077,1,0.5,68687451936.0,0.37637362637362637
13411077,5,0.6875,34857.0,0.5726872246696035
13411077,2,0.6153846153846154,83435.0,0.48868175765645805
13426135,7,0.3333333333333333,0.0,0.27138263665594853
13426135,4,0.53125,0.0,0.8771929824561403
13426135,3,0.67,0.0,0.4166666666666667
13426135,1,0.8846153846153846,32081.0,0.946236559139785
13426135,2,0.8132780082987552,23039.0,0.7289972899728997
13426135,6,0.5714285714285714,0.0,0.373134328358209
13426135,5,0.5785714285714286,121987.0,0.7058823529411765
13447062,6,0.6303030303030303,0.0,0.90625
13447062,2,0.6747787610619469,36574.0,0.7322834645669292
13447062,3,0.6002475247524752,0.0,0.896551724137931
13447062,4,0.5121293800539084,0.0,0.68
13447062,7,0.5335968379446641,0.0,0.8275862068965517
13447062,1,0.6784741144414169,61073.0,1.0
13447062,5,0.6750972762645915,54590.0,0.7177914110429447
13448030,2,0.0,23575.0,0.6097560975609756
13448030,5,0.25,39161.0,0.5843373493975904
13449060,1,1.0,32173.0,0.3590836441129462
13449060,3,0.0,0.0,0.6312684365781711
13449060,4,0.25,0.0,0.47123464770523593
13449060,6,0.6666666666666666,0.0,0.47619047619047616
13449060,7,0.3333333333333333,0.0,0.27138263665594853
13449060,5,0.6363636363636364,48020.0,0.8333333333333334
13449060,2,0.8,21632.0,0.7430167597765364
13449710,1,0.0,30988.0,0.3590836441129462
13449710,3,0.0,0.0,0.6306784660766962
13449710,4,0.375,0.0,0.47123464770523593
13449710,5,0.2,57108.0,0.30579531442663377
13449710,6,0.3333333333333333,0.0,0.47619047619047616
13449710,7,0.6666666666666666,0.0,0.490032154340836
13449710,2,0.6,31597.0,0.8421052631578947
13452504,2,0.0,36426.0,0.4117647058823529
13452504,5,0.8620689655172413,28023.0,0.6666666666666666
13455558,1,0.5,21413.0,0.3590836441129462
13455558,2,0.5,68687451936.0,0.6418181818181818
13455558,3,0.5,0.0,0.6306784660766962
13455558,4,0.5,0.0,0.42857142857142855
13455558,5,0.4,18553.0,0.30579531442663377
13455558,6,0.6666666666666666,0.0,0.6451914098972923
13455558,7,0.0,0.0,0.27138263665594853
13455942,1,0.0,24756.0,0.3590836441129462
13455942,2,0.5,68687451936.0,0.6418181818181818
13455942,3,0.5,0.0,0.6306784660766962
13455942,4,0.5,0.0,0.47123464770523593
13455942,6,0.3333333333333333,0.0,0.6185185185185185
13455942,7,0.0,0.0,0.490032154340836
13455942,5,0.5428571428571428,25678.0,0.4486486486486487
13463515,7,1.0,0.0,0.5882352941176471
13463515,1,0.75,48615.0,0.3381294964028777
13463515,4,0.875,0.0,0.9583333333333334
13463515,3,0.7894736842105263,0.0,0.7205882352941176
13463515,5,0.6428571428571429,24615.0,0.5769230769230769
13463515,2,0.625,46992.0,0.46842105263157896
13468438,1,0.5,25716.0,0.3590836441129462
13468438,3,0.5,0.0,0.6306784660766962
13468438,4,0.625,0.0,0.47123464770523593
13468438,6,1.0,0.0,0.42663378545006164
13468438,7,0.6666666666666666,0.0,0.490032154340836
13468438,2,0.5454545454545454,242588.0,0.39185393258426965
13468438,5,0.7333333333333333,14091.0,0.5199543899657925
13475643,1,0.8,585033.0,0.5608108108108109
13475643,2,0.9180327868852459,264388.0,0.5501730103806228
13475643,5,0.873144399460189,12354.0,0.8333333333333334
13477568,6,0.4,0.0,0.4738675958188153
13477568,5,0.4225352112676056,285944.0,0.47477744807121663
13477568,1,0.6446280991735537,41403.0,0.684971098265896
13477568,3,0.2,0.0,0.7710843373493976
13477568,4,0.46153846153846156,0.0,0.3469387755102041
13477568,2,0.3673469387755102,8841109409.0,0.63
13478915,1,0.5,68687451936.0,0.6071428571428571
13478915,5,0.6666666666666666,12439.0,0.9019607843137255
13483292,1,0.5,6572.0,0.3590836441129462
13483292,2,0.5,68687451936.0,0.6418181818181818
13483292,3,0.0,0.0,0.1687315634218289
13483292,4,0.25,0.0,0.42857142857142855
13483292,5,0.2,2823.0,0.30579531442663377
13483292,6,0.0,0.0,0.6451914098972923
13483292,7,0.0,0.0,0.490032154340836
13492134,1,1.0,24956.0,0.3590836441129462
13492134,2,0.5,68687451936.0,0.6418181818181818
13492134,3,0.5,0.0,0.6306784660766962
13492134,4,0.5,0.0,0.47123464770523593
13492134,6,0.6666666666666666,0.0,0.828395061728395
13492134,7,0.3333333333333333,0.0,0.6019292604501608
13492134,5,0.3333333333333333,23386.0,0.7352941176470589
13492870,5,0.5786516853932584,38895429.0,0.5555555555555556
13501567,4,0.25,0.0,0.47123464770523593
13501567,7,0.6666666666666666,0.0,0.27138263665594853
13501567,5,0.6857142857142857,10849.0,0.5022222222222222
13501567,6,0.7104247104247104,0.0,0.48905109489051096
13501567,1,0.7468354430379747,32568.0,0.639751552795031
13501567,3,0.6413043478260869,0.0,0.5565217391304348
13501567,2,0.8165467625899281,43050.0,0.7152542372881356
13506301,5,0.5,83464.0,0.6368421052631579
13506301,1,0.4,67171.0,0.6385542168674698
13506301,2,0.5,51322.0,0.7803468208092486
13509985,2,0.5,68687451936.0,0.55
13509985,5,0.4444444444444444,14344.0,0.8575129533678757
13514547,1,0.5,26793.0,0.3590836441129462
13514547,3,0.5,0.0,0.1687315634218289
13514547,4,0.125,0.0,0.47123464770523593
13514547,6,0.6666666666666666,0.0,0.42663378545006164
13514547,7,0.3333333333333333,0.0,0.490032154340836
13514547,2,0.7666666666666667,419192.0,0.8064516129032258
13514547,5,0.4117647058823529,14844.0,0.4070175438596491
13519761,2,0.47058823529411764,43466.0,0.7388781431334622
13519761,5,0.528,26509.0,0.7142857142857143
13528508,1,0.5,26320.0,0.3590836441129462
13528508,3,1.0,0.0,0.1687315634218289
13528508,4,0.875,0.0,0.42857142857142855
13528508,6,0.6666666666666666,0.0,0.42663378545006164
13528508,7,1.0,0.0,0.27138263665594853
13528508,2,0.7294117647058823,25581.0,0.5907990314769975
13528508,5,0.65,18312.0,0.7272727272727273
13530732,1,0.5,27053.0,0.3590836441129462
13530732,3,0.5,0.0,0.6306784660766962
13530732,4,0.375,0.0,0.47123464770523593
13530732,6,0.6666666666666666,0.0,0.4580246913580247
13530732,7,1.0,0.0,0.41864951768488745
13530732,5,0.72,38587.0,0.6875
13530732,2,0.5454545454545454,26173.0,0.8774617067833698
13543047,1,0.5,23089.0,0.3590836441129462
13543047,3,0.5,0.0,0.6312684365781711
13543047,4,0.125,0.0,0.5533290239172592
13543047,6,0.6666666666666666,0.0,0.6451914098972923
13543047,7,0.0,0.0,0.490032154340836
13543047,5,0.4,26640.0,0.7734375
13543047,2,1.0,29932.0,0.9238095238095239
13549263,5,0.4444444444444444,28917.0,0.6785714285714286
13549263,2,0.7777777777777778,36057.0,0.6175298804780877
13550278,2,0.7252559726962458,31439.0,0.583941605839416
13550278,5,0.5016722408026756,24352.0,0.7853403141361257
13551353,1,0.0,27229.0,0.3590836441129462
13551353,3,0.5,0.0,0.6312684365781711
13551353,4,0.0,0.0,0.5170556552962298
13551353,2,0.5714285714285714,30723.0,0.8082089552238806
13551353,5,0.6774193548387096,15722.0,0.6151315789473685
13553456,5,0.4666666666666667,13322.0,0.5068493150684932
13553456,1,0.0,857706.0,0.768
13560842,2,0.5,68687451936.0,0.7964601769911505
13560842,5,0.3125,26565.0,0.7833333333333333
13563616,1,0.5,30203.0,0.3590836441129462
13563616,3,1.0,0.0,0.1687315634218289
13563616,4,0.125,0.0,0.5533290239172592
13563616,6,0.6666666666666666,0.0,0.6451914098972923
13563616,7,0.3333333333333333,0.0,0.490032154340836
13563616,5,0.6,42388.0,0.6967741935483871
13563616,2,0.9,25561.0,0.8155339805825242
13565165,3,0.5,0.0,0.6306784660766962
13565165,4,0.0,0.0,0.5533290239172592
13565165,6,0.6666666666666666,0.0,0.43137254901960786
13565165,7,0.6666666666666666,0.0,0.490032154340836
13565165,1,0.8181818181818182,36172.0,0.7896440129449838
13565165,2,0.8285714285714286,50392.0,0.7962264150943397
13565165,5,0.5581395348837209,27676.0,0.812206572769953
13572758,2,1.0,19174.0,0.5777777777777777
13572758,5,0.5,13533.0,0.5945945945945946
13579093,1,0.0,24532.0,0.3590836441129462
13579093,2,0.5,68687451936.0,0.6418181818181818
13579093,3,0.0,0.0,0.6306784660766962
13579093,4,0.0,0.0,0.47123464770523593
13579093,5,0.2,55645.0,0.30579531442663377
13579093,6,0.3333333333333333,0.0,0.4580246913580247
13579093,7,0.0,0.0,0.490032154340836
13583271,5,0.2,9392.0,0.8418604651162791
13583271,2,0.0,78410.0,0.4358974358974359
13583271,1,0.2857142857142857,40882.0,0.5954415954415955
13587708,1,0.5,24867.0,0.3590836441129462
13587708,2,0.5,68687451936.0,0.6418181818181818
13587708,3,0.0,0.0,0.1687315634218289
13587708,4,0.125,0.0,0.47123464770523593
13587708,5,0.0,15896.0,0.30579531442663377
13587708,6,0.0,0.0,0.6451914098972923
13587708,7,0.3333333333333333,0.0,0.41864951768488745
13600972,1,0.5,68687451936.0,0.9423076923076923
13600972,2,1.0,20253.0,0.8125
13600972,5,0.5263157894736842,95465.0,0.688715953307393
13604549,1,0.8275862068965517,26749.0,0.3608490566037736
13604549,3,0.5,0.0,0.6312684365781711
13604549,4,0.6,0.0,0.23000619962802232
13604549,2,1.0,14565188326.0,0.7685185185185185
13604549,5,0.6666666666666666,27447.0,0.7142857142857143
13612330,2,0.5,68687451936.0,0.6830601092896175
13612330,5,0.1,24037.0,0.45982142857142855
13614232,2,0.46153846153846156,41517.0,0.8774617067833698
13614232,5,0.5769230769230769,54786.0,0.5176470588235295
13617649,5,0.7272727272727273,14741.0,0.2920137187653111
13618846,1,0.5263157894736842,32052.0,0.8688524590163934
13618846,2,0.5,30535.0,0.5573033707865168
13618846,3,0.25,0.0,0.4578313253012048
13618846,5,0.375,44748.0,0.6576271186440678
13619998,1,0.8275862068965517,87917.0,0.6981818181818182
13619998,6,0.6842105263157895,0.0,0.8106060606060606
13619998,2,0.9166666666666666,38205.0,0.6030534351145038
13619998,5,0.47058823529411764,61253.0,0.4666666666666667
13621957,5,0.6219512195121951,40979.0,0.731404958677686
13624632,2,0.6518987341772152,24295.0,0.8053097345132744
13624632,5,0.6010362694300518,24663.0,0.7090301003344481
13627119,1,0.0,33327.0,0.3590836441129462
13627119,3,0.0,0.0,0.6306784660766962
13627119,4,0.0,0.0,0.47123464770523593
13627119,6,0.3333333333333333,0.0,0.2726423902894491
13627119,7,0.3333333333333333,0.0,0.27138263665594853
13627119,2,0.8,31091.0,0.8308823529411765
13627119,5,0.4666666666666667,84560.0,0.6225
13630701,2,0.5,68687451936.0,0.6190476190476191
13630701,1,0.5,68687451936.0,0.7896440129449838
13630701,5,0.46153846153846156,69187.0,0.7623762376237624
13637966,3,1.0,0.0,0.1687315634218289
13637966,6,1.0,0.0,0.43137254901960786
13637966,7,0.5714285714285714,0.0,0.490032154340836
13637966,1,0.7142857142857143,785844.0,0.3590836441129462
13637966,4,0.36363636363636365,0.0,0.5170556552962298
13637966,5,0.7480818414322251,36885.0,0.48
13637966,2,0.8308823529411765,24670.0,0.7580645161290323
13638051,2,0.7368421052631579,24340.0,0.7962264150943397
13638051,5,0.6410256410256411,103489.0,0.5469387755102041
13643556,5,0.6205035971223022,23197.0,0.7638888888888888
13643556,6,0.7289719626168224,0.0,0.7272727272727273
13643556,2,0.6776119402985075,30561.0,0.6318181818181818
13643556,3,0.7357512953367875,0.0,0.7857142857142857
13643556,4,0.6931818181818182,0.0,0.55
13643556,1,0.734375,417555328.0,0.6974358974358974
13654924,1,1.0,23354.0,0.3590836441129462
13654924,2,0.5,68687451936.0,0.6418181818181818
13654924,3,1.0,0.0,0.1687315634218289
13654924,4,0.375,0.0,0.42857142857142855
13654924,5,0.4,32356.0,0.30579531442663377
13654924,6,0.6666666666666666,0.0,0.2726423902894491
13654924,7,0.3333333333333333,0.0,0.490032154340836
13657564,1,0.5,22524.0,0.3590836441129462
13657564,3,0.0,0.0,0.6312684365781711
13657564,4,0.375,0.0,0.47123464770523593
13657564,6,0.3333333333333333,0.0,0.47619047619047616
13657564,7,0.6666666666666666,0.0,0.27138263665594853
13657564,2,0.825,29708.0,0.856
13657564,5,0.5522388059701493,20637.0,0.9302325581395349
13663181,5,0.5294117647058824,55886.0,0.8333333333333334
13671123,1,0.5,26525.0,0.3590836441129462
13671123,2,0.5,68687451936.0,0.6418181818181818
13671123,3,0.0,0.0,0.1687315634218289
13671123,4,0.125,0.0,0.5533290239172592
13671123,5,0.2,17788.0,0.30579531442663377
13671123,6,0.0,0.0,0.2726423902894491
13671123,7,0.6666666666666666,0.0,0.6019292604501608
13674276,7,0.7708333333333334,0.0,0.8679245283018868
13674276,3,0.8137931034482758,0.0,0.8333333333333334
13674276,4,0.8156424581005587,0.0,0.9818181818181818
13674276,6,0.7489177489177489,0.0,0.4789473684210526
13674276,1,0.8251748251748252,99061.0,0.7368421052631579
13674276,2,0.8096385542168675,29266.0,0.4772727272727273
13674276,5,0.6699751861042184,50351.0,0.620253164556962
13685887,1,0.5,68687451936.0,0.8131868131868132
13685887,2,0.6,69183.0,0.583941605839416
13685887,5,0.6756756756756757,35976.0,0.6383928571428571
13689849,2,0.5,68687451936.0,0.6418181818181818
13689849,3,0.0,0.0,0.6306784660766962
13689849,4,0.375,0.0,0.47123464770523593
13689849,6,0.3333333333333333,0.0,0.47619047619047616
13689849,7,0.0,0.0,0.27138263665594853
13689849,5,0.39215686274509803,4914669930.0,0.4851063829787234
13689849,1,0.5714285714285714,48267.0,0.7937219730941704
13695166,1,0.5,30062.0,0.3590836441129462
13695166,2,0.5,68687451936.0,0.6418181818181818
13695166,3,0.0,0.0,0.6312684365781711
13695166,4,0.125,0.0,0.5533290239172592
13695166,6,0.3333333333333333,0.0,0.828395061728395
13695166,7,0.0,0.0,0.6019292604501608
13695166,5,0.14285714285714285,982881.0,0.7045454545454546
13699824,7,0.3333333333333333,0.0,0.6019292604501608
13699824,1,0.8,59243.0,0.35410764872521244
13699824,6,0.48936170212765956,0.0,0.8285714285714286
13699824,5,0.6081370449678801,479108.0,0.5081967213114754
13699824,3,0.43478260869565216,0.0,0.5
13699824,4,0.5974025974025974,0.0,0.7890295358649789
13699824,2,0.7580246913580246,213157.0,0.6666666666666666
13700715,1,0.5,20063.0,0.3590836441129462
13700715,3,0.0,0.0,0.1687315634218289
13700715,4,0.125,0.0,0.5533290239172592
13700715,6,0.6666666666666666,0.0,0.43137254901960786
13700715,7,0.0,0.0,0.27138263665594853
13700715,2,0.7,16646.0,0.6311475409836066
13700715,5,0.5384615384615384,69430.0,0.46808510638297873
13704438,1,0.5,25377.0,0.3590836441129462
13704438,2,0.5,68687451936.0,0.6418181818181818
13704438,3,0.5,0.0,0.1687315634218289
13704438,4,0.125,0.0,0.42857142857142855
13704438,6,0.6666666666666666,0.0,0.828395061728395
13704438,7,0.0,0.0,0.490032154340836
13704438,5,0.3333333333333333,20637.0,0.7682926829268293
13719495,2,0.782608695652174,30070.0,0.5555555555555556
13719495,5,0.46296296296296297,18196.0,0.6568047337278107
13723328,2,0.5,68687451936.0,0.7441860465116279
13723328,5,0.5986622073578596,45453.0,0.7469879518072289
13731039,1,0.0,29484.0,0.3590836441129462
13731039,2,0.5,68687451936.0,0.6418181818181818
13731039,3,0.0,0.0,0.1687315634218289
13731039,4,0.2,0.0,0.23000619962802232
13757870,5,0.6,57173.0,0.5957446808510638
13757870,2,0.6831683168316832,33329892.0,0.6923076923076923
13757870,6,0.6153846153846154,0.0,0.5690376569037657
13762687,5,0.5,28698.0,0.43558282208588955
13762687,2,0.7777777777777778,50354.0,0.8308823529411765
13768652,2,0.3333333333333333,22456.0,0.7441860465116279
13768652,5,0.5,35360.0,0.680365296803653
13770295,3,0.8620689655172413,0.0,0.1687315634218289
13770295,4,0.6551724137931034,0.0,0.2770795930580491
13770295,6,0.7096774193548387,0.0,0.580110497237569
13770295,1,0.9117647058823529,31030.0,0.46
13770295,2,0.7352941176470589,29534.0,0.3655913978494624
13770295,7,1.0,0.0,0.27138263665594853
13770295,5,0.6666666666666666,30415.0,0.5076252723311547
13777965,1,0.5,30528.0,0.3590836441129462
13777965,2,0.5,68687451936.0,0.6418181818181818
13777965,3,0.5,0.0,0.6306784660766962
13777965,4,0.25,0.0,0.42857142857142855
13777965,5,0.2,32559.0,0.30579531442663377
13777965,6,0.3333333333333333,0.0,0.6451914098972923
13777965,7,0.3333333333333333,0.0,0.6019292604501608
13783198,1,0.5,68687451936.0,0.3590836441129462
13783198,5,0.47619047619047616,93205.0,0.6417910447761194
13786415,4,0.4883720930232558,0.0,0.4146341463414634
13786415,2,0.5434782608695652,35790.0,0.8173913043478261
13786415,6,0.5161290322580645,0.0,0.9036144578313253
13786415,7,0.4927536231884058,0.0,0.918918918918919
13786415,3,0.39285714285714285,0.0,0.8333333333333334
13786415,1,0.6153846153846154,719429209.0,0.8556701030927835
13786415,5,0.4226190476190476,23464.0,0.7662337662337663
13786420,4,0.0,0.0,0.8
13786420,5,0.6298773690078038,30507.0,1.0
13786420,2,0.8123620309050773,57885.0,0.8
13793952,2,0.5,68687451936.0,0.5939086294416244
13793952,5,0.7142857142857143,30655.0,0.2636363636363636
13812656,2,0.9,64733.0,0.759075907590759
13812656,5,0.5666666666666667,46677.0,0.7384615384615385
13814663,1,0.5,20377.0,0.3590836441129462
13814663,2,0.5,68687451936.0,0.6418181818181818
13814663,3,0.0,0.0,0.1687315634218289
13814663,4,0.625,0.0,0.42857142857142855
13814663,5,0.2,29299.0,0.30579531442663377
13814663,6,0.3333333333333333,0.0,0.43137254901960786
13814663,7,0.3333333333333333,0.0,0.27138263665594853
13818771,1,0.0,6384.0,0.3590836441129462
13818771,2,0.5,68687451936.0,0.6418181818181818
13818771,3,0.5,0.0,0.6306784660766962
13818771,4,0.25,0.0,0.42857142857142855
13818771,5,0.4,5357.0,0.30579531442663377
13819158,1,1.0,3278.0,0.3590836441129462
13819158,2,0.5,68687451936.0,0.6418181818181818
13819158,3,0.0,0.0,0.6306784660766962
13819158,4,0.0,0.0,0.42857142857142855
13819158,6,0.3333333333333333,0.0,0.828395061728395
13819158,7,0.0,0.0,0.41864951768488745
13819158,5,0.2,7465.0,0.5566037735849056
13821552,1,0.5,68687451936.0,0.8905109489051095
13821552,2,0.7272727272727273,66832.0,0.8224852071005917
13821552,5,0.7692307692307693,45223.0,0.3799392097264438
13822254,5,0.40476190476190477,13677899.0,0.39622641509433965
13822254,1,0.5555555555555556,97990.0,0.4594594594594595
13822254,3,0.8260869565217391,0.0,0.7928571428571428
13822254,7,0.5802469135802469,0.0,0.38095238095238093
13822254,2,0.36363636363636365,61298.0,0.5684647302904564
13822254,4,0.592814371257485,0.0,0.7777777777777778
13822254,6,0.6666666666666666,0.0,0.7424242424242424
13822515,1,1.0,36126.0,0.3590836441129462
13822515,2,0.5,68687451936.0,0.6418181818181818
13822515,3,0.5,0.0,0.1687315634218289
13822515,4,0.75,0.0,0.5533290239172592
13822515,6,0.6666666666666666,0.0,0.42663378545006164
13822515,7,1.0,0.0,0.6019292604501608
13822515,5,0.6,51152.0,0.5615384615384615
13823217,2,0.8,41463.0,0.7389162561576355
13823217,5,0.68,28791.0,0.6470588235294118
13827776,1,1.0,31053.0,0.3590836441129462
13827776,2,0.5,68687451936.0,0.6418181818181818
13827776,3,0.5,0.0,0.6306784660766962
13827776,4,0.625,0.0,0.47123464770523593
13827776,5,0.0,40766.0,0.30579531442663377
13827776,6,1.0,0.0,0.828395061728395
13827776,7,0.6666666666666666,0.0,0.490032154340836
13832598,5,0.4050632911392405,48072.0,0.196763202725724
13832598,1,0.8620689655172413,31245.0,0.7008547008547008
13832598,2,0.6888888888888889,22038.0,0.6877470355731226
13832598,3,0.43478260869565216,0.0,0.7021276595744681
13832598,4,0.5,0.0,0.7286821705426356
13832598,6,0.8571428571428571,0.0,0.7272727272727273
13832598,7,0.14285714285714285,0.0,0.6292134831460674
13842140,2,0.5,68687451936.0,0.7622950819672131
13842140,5,0.6666666666666666,23587.0,0.813953488372093
13846472,1,0.5,26524.0,0.3590836441129462
13846472,3,0.5,0.0,0.6306784660766962
13846472,4,0.5,0.0,0.42857142857142855
13846472,6,1.0,0.0,0.4580246913580247
13846472,7,0.6666666666666666,0.0,0.41864951768488745
13846472,5,0.7692307692307693,31966.0,0.4819672131147541
13846472,2,0.8059701492537313,28494.0,0.592964824120603
13847375,2,0.45,48305.0,0.8333333333333334
13847375,5,0.5172413793103449,24343.0,0.75
13852778,1,0.5,22437.0,0.3590836441129462
13852778,3,0.5,0.0,0.6306784660766962
13852778,4,0.125,0.0,0.42857142857142855
13852778,5,0.0,19954.0,0.30579531442663377
13852778,6,0.3333333333333333,0.0,0.47619047619047616
13852778,7,0.0,0.0,0.6019292604501608
13852778,2,0.0,51511.0,0.6349206349206349
13853322,1,1.0,26257.0,0.3590836441129462
13853322,2,0.5,68687451936.0,0.6418181818181818
13853322,3,1.0,0.0,0.1687315634218289
13853322,4,0.5,0.0,0.5533290239172592
13853322,5,0.2,13746.0,0.30579531442663377
13853322,6,0.6666666666666666,0.0,0.4580246913580247
13853322,7,0.3333333333333333,0.0,0.6019292604501608
13854070,5,0.5555555555555556,15076.0,0.8125
13854070,2,0.6363636363636364,23633.0,0.6287425149700598
13854307,5,0.25,18302.0,0.6041666666666666
13854307,4,0.35714285714285715,0.0,0.8024691358024691
13854307,2,0.18181818181818182,35275.0,0.42997198879551823
13854307,7,0.375,0.0,0.7413793103448276
13854307,1,0.4,32534.0,0.725
13854307,3,0.34285714285714286,0.0,0.7727272727272727
13867460,2,0.7777777777777778,40350.0,0.3655913978494624
13867460,5,0.43333333333333335,23208.0,0.9523809523809523
13875786,1,0.5,27056.0,0.3590836441129462
13875786,2,0.5,68687451936.0,0.6418181818181818
13875786,3,0.5,0.0,0.6306784660766962
13875786,4,0.125,0.0,0.47123464770523593
13875786,5,0.4,33313.0,0.30579531442663377
13875786,6,0.0,0.0,0.43137254901960786
13875786,7,0.3333333333333333,0.0,0.27138263665594853
13880030,6,0.8,0.0,0.6304347826086957
13880030,2,0.6,246341.0,0.58
13880030,1,0.875,4317162689.0,0.6933333333333334
13880030,3,1.0,0.0,0.625
13880030,5,0.6086956521739131,71885.0,0.4117647058823529
13902487,1,1.0,28784.0,0.3590836441129462
13902487,2,0.5,68687451936.0,0.6418181818181818
13902487,3,1.0,0.0,0.6312684365781711
13902487,4,0.625,0.0,0.47123464770523593
13902487,5,1.0,11384.0,0.30579531442663377
13902487,6,1.0,0.0,0.4580246913580247
13902487,7,1.0,0.0,0.27138263665594853
13907981,6,0.5116279069767442,0.0,0.84
13907981,5,0.69,22320.0,1.0
13907981,4,0.4155844155844156,0.0,0.7890295358649789
13907981,2,0.8070175438596491,26125.0,0.6777493606138107
13907981,1,0.8303571428571429,55951.0,1.0
13907981,7,0.3157894736842105,0.0,0.46511627906976744
13907981,3,0.6086956521739131,0.0,0.4358974358974359
13917835,1,0.0,21479.0,0.3590836441129462
13917835,2,0.5,68687451936.0,0.6418181818181818
13917835,3,0.5,0.0,0.1687315634218289
13917835,4,0.25,0.0,0.5533290239172592
13917835,5,0.4,20885.0,0.30579531442663377
13917835,6,0.3333333333333333,0.0,0.42663378545006164
13917835,7,0.3333333333333333,0.0,0.41864951768488745
13920545,1,0.5,68687451936.0,0.7184466019417476
13920545,2,0.3,269323804.0,0.8616780045351474
13920545,5,0.46153846153846156,71869.0,0.7777777777777778
13921966,1,0.5,25425.0,0.3590836441129462
13921966,2,0.5,68687451936.0,0.6418181818181818
13921966,3,0.5,0.0,0.6306784660766962
13921966,4,0.375,0.0,0.42857142857142855
13921966,5,0.0,32273.0,0.30579531442663377
13921966,6,0.6666666666666666,0.0,0.47619047619047616
13921966,7,0.3333333333333333,0.0,0.490032154340836
13923501,7,0.6923076923076923,0.0,0.5224719101123596
13923501,6,0.746268656716418,0.0,0.8867924528301887
13923501,1,0.7894736842105263,186464.0,0.7419354838709677
13923501,4,0.8,0.0,0.9272727272727272
13923501,3,0.7624309392265194,0.0,0.5299145299145299
13923501,2,0.7602040816326531,59469.0,0.9393939393939394
13923501,5,0.697841726618705,10647941045.0,0.6181818181818182
13925391,2,0.5,68687451936.0,0.7866666666666666
13925391,5,0.6666666666666666,78726.0,0.7272727272727273
13928043,7,0.8767123287671232,0.0,0.7209302325581395
13928043,1,0.7954545454545454,40291.0,0.3590836441129462
13928043,4,0.8676470588235294,0.0,0.6274509803921569
13928043,2,0.6952380952380952,23086.0,0.555858310626703
13928043,6,0.6923076923076923,0.0,0.7235772357723578
13928043,3,0.8426966292134831,0.0,0.2912621359223301
13928043,5,0.6824104234527687,31280.0,0.7071129707112971
13943133,5,0.26666666666666666,83198.0,0.5050100200400801
13962767,1,0.5,33591.0,0.3590836441129462
13962767,3,0.5,0.0,0.6312684365781711
13962767,4,0.25,0.0,0.47123464770523593
13962767,5,0.2,25525.0,0.30579531442663377
13962767,6,0.0,0.0,0.2726423902894491
13962767,7,0.3333333333333333,0.0,0.27138263665594853
13962767,2,0.8181818181818182,68570.0,0.4585152838427948
13963133,5,0.47058823529411764,24548.0,0.7725118483412322
13966270,2,0.8888888888888888,14863.0,0.7083333333333334
13966270,5,0.45454545454545453,12512.0,0.196763202725724
13969101,1,0.5,68687451936.0,0.6688741721854304
13969101,5,0.5,54466.0,0.29260450160771706
13969101,2,0.5555555555555556,276882.0,0.4787234042553192
13980241,1,0.0,25111.0,0.3590836441129462
13980241,2,0.5,68687451936.0,0.6418181818181818
13980241,3,0.5,0.0,0.6306784660766962
13980241,4,0.25,0.0,0.5533290239172592
13980241,5,0.4,13759.0,0.30579531442663377
13980241,6,0.0,0.0,0.2726423902894491
13980241,7,0.3333333333333333,0.0,0.41864951768488745
13991532,1,0.5,68687451936.0,0.7896440129449838
13991532,5,0.6666666666666666,56614.0,0.43558282208588955
13991532,2,0.5714285714285714,36599.0,0.753315649867374
13992622,1,0.0,23670.0,0.3590836441129462
13992622,3,0.0,0.0,0.6312684365781711
13992622,4,0.125,0.0,0.5533290239172592
13992622,6,0.6666666666666666,0.0,0.6451914098972923
13992622,7,0.3333333333333333,0.0,0.27138263665594853
13992622,5,0.52,120443.0,0.5625
13992622,2,0.5,33321.0,0.7833333333333333
13995763,3,0.0,0.0,0.6306784660766962
13995763,7,0.3333333333333333,0.0,0.41864951768488745
13995763,1,0.5714285714285714,64256.0,0.8677685950413223
13995763,4,0.4827586206896552,0.0,0.8974358974358975
13995763,6,0.6451612903225806,0.0,0.6454545454545455
13995763,2,0.7,50183.0,0.8690476190476191
13995763,5,0.6296296296296297,65007.0,0.8571428571428571
14015032,2,0.5,68687451936.0,0.55
14015032,1,0.5,68687451936.0,0.5859375
14015032,5,0.34782608695652173,33665.0,0.2636363636363636
14015032,6,0.37037037037037035,0.0,0.6108108108108108
14017710,1,1.0,33547.0,0.3590836441129462
14017710,2,0.5,68687451936.0,0.6418181818181818
14017710,3,1.0,0.0,0.1687315634218289
14017710,4,0.75,0.0,0.47123464770523593
14017710,5,0.6,33952.0,0.30579531442663377
14017710,6,0.6666666666666666,0.0,0.828395061728395
14017710,7,0.0,0.0,0.27138263665594853
14023127,2,0.5,56607.0,0.7087378640776699
14023127,5,0.5227272727272727,38027.0,0.782608695652174
14025393,5,0.5555555555555556,38944.0,0.5
14025393,2,0.5833333333333334,28953.0,0.7183098591549296
14035333,5,0.5384615384615384,32094.0,0.5201305767138193
14035333,1,0.6833333333333333,32619.0,0.8909090909090909
14035333,2,0.7241379310344828,52904.0,0.6311475409836066
14040071,1,0.5,68687451936.0,0.8873873873873874
14040071,2,0.9090909090909091,19944.0,0.9117647058823529
14040071,5,0.26666666666666666,10447.0,0.7846153846153846
14042076,1,0.5,68687451936.0,0.9423076923076923
14042076,2,0.6,25251.0,0.8774617067833698
14042076,5,0.6190476190476191,17043.0,0.7758620689655172
14045887,5,0.4375,24856.0,0.7966101694915254
14056377,1,0.0,35330.0,0.3590836441129462
14056377,2,0.5,68687451936.0,0.6418181818181818
14056377,3,0.0,0.0,0.6306784660766962
14056377,4,0.5,0.0,0.5533290239172592
14056377,5,0.0,18931.0,0.30579531442663377
14056377,6,0.3333333333333333,0.0,0.828395061728395
14056377,7,0.0,0.0,0.27138263665594853
14069188,1,0.0,21794.0,0.3590836441129462
14069188,2,0.5,68687451936.0,0.6418181818181818
14069188,3,1.0,0.0,0.6306784660766962
14069188,4,0.375,0.0,0.5533290239172592
14069188,5,0.4,42449.0,0.30579531442663377
14069188,6,0.3333333333333333,0.0,0.43137254901960786
14069188,7,0.6666666666666666,0.0,0.27138263665594853
14071933,1,0.5,92192.0,0.3590836441129462
14071933,3,0.5,0.0,0.6306784660766962
14071933,4,0.125,0.0,0.42857142857142855
14071933,5,0.2,3628414334.0,0.30579531442663377
14071933,6,0.6666666666666666,0.0,0.2726423902894491
14071933,7,0.0,0.0,0.41864951768488745
14071933,2,0.8,62992.0,0.6573426573426573
14087849,5,0.4444444444444444,23817.0,0.6089108910891089
14087849,6,0.49333333333333335,0.0,0.49740932642487046
14087849,3,0.8035714285714286,0.0,0.8658536585365854
14087849,1,0.7125,33835.0,0.716012084592145
14087849,2,0.7131782945736435,23962.0,0.6607142857142857
14087849,4,0.7183098591549296,0.0,0.5535714285714286
14097099,2,0.6842105263157895,32627.0,0.8616780045351474
14097099,5,0.5208333333333334,31126.0,0.5454545454545454
14099555,1,0.5,85740.0,0.3590836441129462
14099555,2,0.5,68687451936.0,0.6418181818181818
14099555,3,1.0,0.0,0.1687315634218289
14099555,4,0.625,0.0,0.42857142857142855
14099555,6,1.0,0.0,0.4580246913580247
14099555,7,0.3333333333333333,0.0,0.490032154340836
14099555,5,0.4,32457.0,0.6183574879227053
14102069,2,0.5813953488372093,21498.0,0.9523809523809523
14102069,5,0.4603174603174603,20641.0,1.0
14102076,1,0.5,68687451936.0,0.6688741721854304
14102076,5,0.6,21641.0,0.6666666666666666
14102076,2,0.85,22023.0,0.7962264150943397
14120633,1,0.5,27320.0,0.3590836441129462
14120633,2,0.5,68687451936.0,0.6418181818181818
14120633,3,0.5,0.0,0.6312684365781711
14120633,4,0.25,0.0,0.5533290239172592
14120633,6,0.6666666666666666,0.0,0.6185185185185185
14120633,7,0.0,0.0,0.6019292604501608
14120633,5,0.4,15795.0,0.6127659574468085
14125556,1,0.5,25386.0,0.3590836441129462
14125556,2,0.5,68687451936.0,0.6418181818181818
14125556,3,0.5,0.0,0.6306784660766962
14125556,4,0.625,0.0,0.47123464770523593
14125556,5,0.4,23554.0,0.30579531442663377
14125556,6,0.6666666666666666,0.0,0.43137254901960786
14125556,7,0.3333333333333333,0.0,0.41864951768488745
14133209,5,0.25,34158.0,0.7333333333333333
14137862,1,0.0,23306.0,0.3590836441129462
14137862,2,0.5,68687451936.0,0.6418181818181818
14137862,3,0.0,0.0,0.6312684365781711
14137862,4,0.375,0.0,0.47123464770523593
14137862,5,0.6,55222.0,0.30579531442663377
14137862,6,0.3333333333333333,0.0,0.43137254901960786
14137862,7,0.0,0.0,0.6019292604501608
14138972,7,0.7132352941176471,0.0,0.95
14138972,4,0.6182572614107884,0.0,0.546875
14138972,5,0.6063675832127352,20108.0,0.7553191489361702
14138972,6,0.6778115501519757,0.0,0.338368580060423
14138972,3,0.6519823788546255,0.0,0.9011627906976745
14138972,2,0.7620817843866171,28387.0,0.7317073170731707
14138972,1,0.75,101665385.0,0.3608490566037736
14144587,1,0.7931034482758621,24504.0,0.3608490566037736
14144722,5,0.25,10554.0,0.7361809045226131
14144722,2,1.0,23196.0,0.7866666666666666
14144722,1,0.4,17850.0,0.9058823529411765
14148166,1,0.5,22403.0,0.3590836441129462
14148166,2,0.5,68687451936.0,0.6418181818181818
14148166,3,1.0,0.0,0.6312684365781711
14148166,4,0.625,0.0,0.5533290239172592
14148166,5,0.4,20896.0,0.30579531442663377
14148166,6,0.0,0.0,0.43137254901960786
14148166,7,0.3333333333333333,0.0,0.6019292604501608
14149858,1,0.5,68687451936.0,0.6688741721854304
14149858,5,0.5789473684210527,20188.0,0.8367346938775511
14149941,1,1.0,33647.0,0.3590836441129462
14149941,2,0.5,68687451936.0,0.6418181818181818
14149941,3,1.0,0.0,0.1687315634218289
14149941,4,0.75,0.0,0.5533290239172592
14149941,6,1.0,0.0,0.828395061728395
14149941,7,0.0,0.0,0.6019292604501608
14149941,5,0.5333333333333333,32034.0,0.5469387755102041
14153074,2,0.0,3995160301.0,0.4772727272727273
14153074,5,0.18181818181818182,56909.0,0.5294117647058824
14162518,1,0.8947368421052632,52371.0,0.8148148148148148
14162518,7,0.76,0.0,0.3333333333333333
14162518,6,0.8913043478260869,0.0,0.6428571428571429
14162518,2,0.8152173913043478,40062.0,0.3655913978494624
14162518,3,0.8382352941176471,0.0,0.7710843373493976
14162518,4,0.7819148936170213,0.0,0.8709677419354839
14162518,5,0.6111111111111112,100328.0,0.569620253164557
14163839,5,0.5,6088.0,0.5394736842105263
14163839,2,0.7,18696.0,0.5727272727272728
14172119,1,0.8275862068965517,31137.0,0.9821428571428571
14172119,2,0.5,27912.0,0.6385542168674698
14172119,6,1.0,0.0,0.2555066079295154
14172119,7,0.75,0.0,0.8783783783783784
14172119,5,0.4,56079.0,0.21153846153846154
14172119,4,0.6082474226804123,0.0,0.5333333333333333
14172119,3,0.6062992125984252,0.0,0.4838709677419355
14191728,1,0.5,32199.0,0.3590836441129462
14191728,2,0.5,68687451936.0,0.6418181818181818
14191728,3,1.0,0.0,0.1687315634218289
14191728,4,0.4,0.0,0.23000619962802232
14204440,1,1.0,41277.0,0.3590836441129462
14204440,2,0.5,68687451936.0,0.6418181818181818
14204440,3,0.5,0.0,0.6306784660766962
14204440,4,0.375,0.0,0.42857142857142855
14204440,5,0.5,12131.0,0.2896865520728008
14210237,1,0.625,24782.0,0.7136563876651982
14210237,7,0.746031746031746,0.0,0.6568627450980392
14210237,6,0.6521739130434783,0.0,0.580110497237569
14210237,3,0.7142857142857143,0.0,0.6666666666666666
14210237,5,0.6888888888888889,13231.0,0.6948717948717948
14210237,2,0.45188284518828453,30263.0,0.7290836653386454
14210237,4,0.6440677966101694,0.0,0.6118143459915611
14216829,2,0.5,68687451936.0,0.5939086294416244
14216829,5,0.5454545454545454,40943.0,0.5194805194805194
14222316,5,0.5625,51720.0,0.7309417040358744
14231650,1,0.5,15695.0,0.3590836441129462
14231650,2,0.5,68687451936.0,0.6418181818181818
14231650,3,0.0,0.0,0.6312684365781711
14231650,4,0.375,0.0,0.5533290239172592
14231650,5,0.2,2791.0,0.30579531442663377
14231650,6,0.3333333333333333,0.0,0.47619047619047616
14231650,7,0.0,0.0,0.490032154340836
14239367,7,0.7692307692307693,0.0,0.8952380952380953
14239367,6,0.6774193548387096,0.0,0.6936619718309859
14239367,5,0.7045454545454546,55249.0,0.5050100200400801
14239367,1,0.6470588235294118,38305.0,0.9239766081871345
14239367,2,1.0,33025.0,0.8508771929824561
14239367,3,0.8,0.0,0.6285714285714286
14247702,1,0.6206896551724138,26279.0,0.3608490566037736
14247702,5,0.4827586206896552,19794.0,0.3073286052009456
14247702,6,0.6451612903225806,0.0,0.6243093922651933
14247702,2,0.6551724137931034,18057.0,0.5457142857142857
14247702,3,0.6896551724137931,0.0,0.1687315634218289
14247702,4,0.4482758620689655,0.0,0.2770795930580491
14247702,7,0.5333333333333333,0.0,0.48
14249977,1,1.0,22071.0,0.3590836441129462
14249977,3,0.0,0.0,0.1687315634218289
14249977,4,0.25,0.0,0.47123464770523593
14249977,6,0.6666666666666666,0.0,0.43137254901960786
14249977,7,0.6666666666666666,0.0,0.27138263665594853
14249977,5,0.8,82538.0,0.7518796992481203
14249977,2,0.9,167566.0,0.8582089552238806
14250419,1,0.5,22582.0,0.3590836441129462
14250419,2,0.5,68687451936.0,0.6418181818181818
14250419,3,0.0,0.0,0.6306784660766962
14250419,4,0.25,0.0,0.5533290239172592
14250419,5,0.0,26914.0,0.30579531442663377
14250419,6,0.6666666666666666,0.0,0.47619047619047616
14250419,7,0.6666666666666666,0.0,0.6019292604501608
14253685,2,0.7441860465116279,19734.0,0.8260869565217391
14253685,5,0.7540983606557377,22992.0,0.5260115606936416
14253849,5,0.3103448275862069,13769.0,0.3073286052009456
14253849,1,1.0,19921.0,0.3590836441129462
14253849,2,0.5,68687451936.0,0.6418181818181818
14253849,3,0.0,0.0,0.6312684365781711
14253849,4,0.125,0.0,0.5533290239172592
14253849,6,0.0,0.0,0.3898305084745763
14253849,7,0.3333333333333333,0.0,0.27138263665594853
14255025,2,0.7272727272727273,101107.0,0.5607814761215629
14255025,6,1.0,0.0,0.717741935483871
14255025,1,0.8695652173913043,36443.0,0.8192771084337349
14255025,5,0.6,2777728440.0,0.6151315789473685
14259564,6,0.5903614457831325,0.0,0.3821138211382114
14259564,5,0.637065637065637,46594.0,0.34545454545454546
14259564,4,0.6629213483146067,0.0,0.8392857142857143
14259564,2,0.7724358974358975,24436.0,0.5729166666666666
14259564,7,0.7213114754098361,0.0,0.46511627906976744
14259564,1,0.7951807228915663,27227.0,0.751131221719457
14259564,3,0.7717391304347826,0.0,0.8421052631578947
14270970,1,0.5,24376.0,0.3590836441129462
14270970,3,1.0,0.0,0.6312684365781711
14270970,4,0.5,0.0,0.42857142857142855
14270970,6,0.3333333333333333,0.0,0.828395061728395
14270970,7,0.3333333333333333,0.0,0.490032154340836
14270970,5,0.4,55924.0,0.8045112781954887
14270970,2,0.5,71233.0,0.7763157894736842
14272935,2,0.7419354838709677,25005.0,0.9
14272935,5,0.5625,15347.0,0.8392857142857143
14273672,1,0.5428571428571428,15292.0,0.41697416974169743
14273672,2,0.4827586206896552,13617.0,0.5457142857142857
14273672,3,0.8181818181818182,0.0,0.6705882352941176
14273672,5,0.6101694915254238,19082.0,0.6596736596736597
14273672,6,0.5806451612903226,0.0,0.580110497237569
14273713,5,0.8235294117647058,20712.0,0.4841549295774648
14277635,1,0.5,31883.0,0.3590836441129462
14277635,3,0.5,0.0,0.6312684365781711
14277635,4,0.25,0.0,0.42857142857142855
14277635,6,1.0,0.0,0.47619047619047616
14277635,7,1.0,0.0,0.6019292604501608
14277635,2,0.75,44132.0,0.7962264150943397
14277635,5,0.55,36780.0,0.5864661654135338
14284709,2,0.8421052631578947,31046.0,0.8518518518518519
14284709,5,0.6607142857142857,25192.0,0.7723214285714286
14284916,1,0.6842105263157895,37056.0,0.7333333333333333
14284916,3,0.6956521739130435,0.0,0.1687315634218289
14284916,2,0.7692307692307693,22450.0,0.732484076433121
14284916,4,0.25,0.0,0.47123464770523593
14284916,6,0.3333333333333333,0.0,0.2726423902894491
14284916,7,0.6666666666666666,0.0,0.490032154340836
14284916,5,0.375,192426533.0,0.7608695652173914
14288745,2,0.4444444444444444,27010.0,0.673469387755102
14288745,5,0.631578947368421,28836.0,0.516504854368932
14289343,2,0.8181818181818182,24555.0,0.926829268292683
14289343,5,0.36363636363636365,41982.0,0.7272727272727273
14290394,2,0.5,68687451936.0,0.39185393258426965
14290394,6,0.4727272727272727,0.0,0.4702702702702703
14290394,5,0.6181818181818182,182022187.0,0.7581699346405228
14290865,5,0.6875,27283.0,0.7407407407407407
14300085,2,0.8947368421052632,101755.0,0.8616780045351474
14300085,5,0.6382978723404256,26223.0,0.5019685039370079
14304893,1,1.0,25893.0,0.3590836441129462
14304893,2,0.5,68687451936.0,0.6418181818181818
14304893,3,0.0,0.0,0.6312684365781711
14304893,4,0.5,0.0,0.5533290239172592
14304893,5,0.4,27219.0,0.30579531442663377
14304893,6,1.0,0.0,0.47619047619047616
14304893,7,0.3333333333333333,0.0,0.27138263665594853
14313323,5,0.4444444444444444,28730.0,0.36363636363636365
14313323,2,0.6,53087.0,0.7645631067961165
14319563,2,0.6,32599.0,0.8888888888888888
14319563,5,0.6129032258064516,22987.0,0.5
14325448,1,0.5,29186.0,0.3590836441129462
14325448,2,0.5,68687451936.0,0.6418181818181818
14325448,3,0.0,0.0,0.6312684365781711
14325448,4,0.0,0.0,0.23000619962802232
14332026,5,0.4,153850.0,0.3333333333333333
14332026,1,0.5,85397.0,0.7914691943127962
14332026,2,0.6190476190476191,56524.0,0.7881773399014779
14332026,4,0.46153846153846156,0.0,0.38095238095238093
14332026,6,0.2857142857142857,0.0,0.22996515679442509
14336338,1,1.0,30084.0,0.3590836441129462
14336338,2,0.5,68687451936.0,0.6418181818181818
14336338,3,0.5,0.0,0.6312684365781711
14336338,4,0.625,0.0,0.5533290239172592
14336338,6,0.6666666666666666,0.0,0.6185185185185185
14336338,7,0.6666666666666666,0.0,0.490032154340836
14336338,5,0.47058823529411764,16534.0,0.7297297297297297
14343570,6,0.8181818181818182,0.0,0.9666666666666667
14343570,3,0.6,0.0,0.4457831325301205
14343570,1,0.6666666666666666,48139.0,0.4594594594594595
14343570,5,0.6356589147286822,95186.0,0.2872340425531915
14343570,2,1.0,39139.0,0.6501901140684411
14345627,1,0.5,21049.0,0.3590836441129462
14345627,3,0.0,0.0,0.6312684365781711
14345627,4,0.125,0.0,0.42857142857142855
14345627,6,0.3333333333333333,0.0,0.43137254901960786
14345627,7,0.6666666666666666,0.0,0.490032154340836
14345627,2,0.9,39617.0,0.5607814761215629
14345627,5,0.7163120567375887,47489.0,0.8252427184466019
14347673,5,0.5365853658536586,52378.0,0.625
14347673,2,0.7419354838709677,21155441604.0,0.7645631067961165
14349792,5,0.2,11545.0,0.6464646464646465
14349792,2,0.8333333333333334,19767.0,0.7025641025641025
14350804,5,0.4,36535.0,0.43609022556390975
14350804,6,0.5042016806722689,0.0,0.6567164179104478
14355305,7,0.5774647887323944,0.0,0.26666666666666666
14355305,4,0.46919431279620855,0.0,0.7982456140350878
14355305,2,0.7409638554216867,303299560.0,0.589041095890411
14355305,3,0.5596330275229358,0.0,0.68
14355305,1,0.6589595375722543,30769.0,0.5421686746987951
14355305,6,0.5869980879541109,0.0,0.6896551724137931
14355305,5,0.5945205479452055,48823.0,0.6225
14357996,3,0.5,0.0,0.6312684365781711
14357996,4,0.0,0.0,0.42857142857142855
14357996,6,0.3333333333333333,0.0,0.6451914098972923
14357996,7,0.3333333333333333,0.0,0.490032154340836
14357996,5,0.0,24822.0,0.6554054054054054
14357996,1,0.8275862068965517,12761.0,0.6625
14357996,2,0.3333333333333333,89766154.0,0.825503355704698
14386932,1,0.5,68687451936.0,0.5608108108108109
14386932,5,0.626808100289296,1886001.0,0.7142857142857143
14386932,2,0.6501901140684411,67957.0,0.9
14387176,3,0.75,0.0,0.6
14387176,7,0.7777777777777778,0.0,0.6283185840707964
14387176,6,0.7031963470319634,0.0,0.6896551724137931
14387176,4,0.6881188118811881,0.0,0.4117647058823529
14387176,5,0.6201232032854209,31154.0,0.5022222222222222
14387176,1,0.9069767441860465,50304.0,0.7076271186440678
14387176,2,0.7703703703703704,51676767.0,0.5364583333333334
14395413,2,0.6666666666666666,40439.0,0.5573033707865168
14395413,5,0.6,24264.0,0.2920137187653111
14417217,3,0.5,0.0,0.6306784660766962
14417217,7,0.6666666666666666,0.0,0.27138263665594853
14417217,4,0.36363636363636365,0.0,0.4857142857142857
14417217,1,0.8596491228070176,27843.0,0.788235294117647
14417217,6,0.7021276595744681,0.0,0.867595818815331
14417217,5,0.7450980392156863,12689.0,0.5666666666666667
14417217,2,0.7671232876712328,18657.0,0.8955223880597015
14424405,5,0.375,58468.0,0.7225950782997763
14424405,1,1.0,527946.0,0.458041958041958
14424405,2,1.0,67730.0,0.610236220472441
14427726,1,1.0,23925.0,0.3590836441129462
14427726,2,0.5,68687451936.0,0.6418181818181818
14427726,3,1.0,0.0,0.6312684365781711
14427726,4,0.75,0.0,0.42857142857142855
14427726,5,0.8,61599.0,0.30579531442663377
14427726,6,0.6666666666666666,0.0,0.6451914098972923
14427726,7,1.0,0.0,0.41864951768488745
14429874,2,0.7,24455.0,0.4358974358974359
14429874,5,0.5555555555555556,53774.0,0.5018656716417911
14433595,2,0.0,122772.0,0.5060240963855421
14433595,7,0.25,0.0,0.8076923076923077
14433595,6,0.45977011494252873,0.0,0.5657894736842105
14433595,5,0.584070796460177,32165.0,0.7
14436620,1,1.0,27312.0,0.3590836441129462
14436620,2,0.5,68687451936.0,0.6418181818181818
14436620,3,0.5,0.0,0.1687315634218289
14436620,4,0.125,0.0,0.42857142857142855
14436620,6,0.3333333333333333,0.0,0.47619047619047616
14436620,7,0.6666666666666666,0.0,0.6019292604501608
14436620,5,0.4666666666666667,33556.0,0.4117647058823529
14437080,5,0.7272727272727273,28772.0,0.2536231884057971
14442037,7,0.23684210526315788,0.0,0.6861313868613139
14442037,3,0.6382978723404256,0.0,0.4939759036144578
14442037,4,0.4642857142857143,0.0,0.9868421052631579
14442037,2,0.6905444126074498,190482802.0,0.744
14442037,6,0.3333333333333333,0.0,0.8984771573604061
14442037,5,0.4550898203592814,56891.0,0.6466876971608833
14442037,1,0.6704545454545454,26497.0,0.7777777777777778
14453470,6,0.7014925373134329,0.0,0.5454545454545454
14453470,3,0.8105263157894737,0.0,0.6703296703296703
14453470,7,0.6575342465753424,0.0,0.3333333333333333
14453470,4,0.7941176470588235,0.0,0.673469387755102
14453470,5,0.7553191489361702,141172.0,0.6153846153846154
14453470,1,0.7282608695652174,555349.0,0.6302083333333334
14453470,2,0.6918604651162791,1143927752.0,0.6581632653061225
14453477,5,0.5,68687451936.0,0.7368421052631579
14453477,1,0.5,68687451936.0,0.9423076923076923
14453477,2,0.7142857142857143,24055.0,0.4830917874396135
14460413,5,0.5333333333333333,14812.0,0.5456431535269709
14460413,2,0.9047619047619048,52247.0,0.7256637168141593
14464809,1,0.7,35174.0,0.5773195876288659
14464809,5,0.48717948717948717,66888.0,0.4851063829787234
14464809,6,0.36363636363636365,0.0,0.4721311475409836
14464809,3,0.5,0.0,0.5222222222222223
14464809,2,0.6304347826086957,46124.0,0.5688888888888889
14471918,1,0.5,26337.0,0.3590836441129462
14471918,2,0.5,68687451936.0,0.6418181818181818
14471918,3,0.5,0.0,0.1687315634218289
14471918,4,0.25,0.0,0.42857142857142855
14471918,5,0.4,10853.0,0.30579531442663377
14471918,6,0.6666666666666666,0.0,0.4580246913580247
14471918,7,0.3333333333333333,0.0,0.6019292604501608
14478400,2,0.6875,29657.0,0.7484848484848485
14478400,5,0.6865671641791045,27012.0,0.9069767441860465
14491910,1,0.5,68687451936.0,0.7896440129449838
14491910,2,0.5454545454545454,52102.0,0.6729411764705883
14491910,5,0.46153846153846156,15791.0,0.5445026178010471
14505398,1,0.8333333333333334,26558.0,0.9863013698630136
14505398,6,0.9090909090909091,0.0,0.8403361344537815
14505398,2,0.6428571428571429,18259.0,0.7264150943396226
14505398,5,0.7699115044247787,28229.0,0.41818181818181815
14506340,1,0.0,60118.0,0.3590836441129462
14506340,2,0.7,50095.0,0.797979797979798
14518717,1,1.0,44423.0,0.3590836441129462
14518717,3,0.5,0.0,0.6306784660766962
14518717,4,0.625,0.0,0.5533290239172592
14518717,5,0.4,23639.0,0.30579531442663377
14518717,6,0.6666666666666666,0.0,0.42663378545006164
14518717,7,0.3333333333333333,0.0,0.27138263665594853
14518717,2,0.8,32298.0,0.8148148148148148
14519789,2,0.5,68687451936.0,0.8994413407821229
14519789,5,0.6052631578947368,42057.0,0.7333333333333333
14527929,2,1.0,20057.0,0.5939086294416244
14527929,1,0.8,24321.0,0.9493670886075949
14527929,5,0.4666666666666667,45548.0,0.6744186046511628
14528992,1,0.5,25010.0,0.3590836441129462
14528992,2,0.5,68687451936.0,0.6418181818181818
14528992,3,0.5,0.0,0.1687315634218289
14528992,4,0.0,0.0,0.5533290239172592
14528992,5,0.0,15735.0,0.30579531442663377
14528992,6,0.0,0.0,0.43137254901960786
14528992,7,0.0,0.0,0.6019292604501608
14531615,2,1.0,24229.0,0.555858310626703
14531615,5,0.6521739130434783,26206.0,0.5975609756097561
14537263,1,1.0,26732.0,0.3590836441129462
14537263,2,0.5,68687451936.0,0.6418181818181818
14537263,3,0.0,0.0,0.6306784660766962
14537263,4,0.5,0.0,0.5533290239172592
14537263,5,0.2,72335.0,0.30579531442663377
14537263,6,0.6666666666666666,0.0,0.42663378545006164
14537263,7,0.3333333333333333,0.0,0.490032154340836
14537973,1,1.0,24892.0,0.3590836441129462
14537973,3,0.5,0.0,0.6306784660766962
14537973,4,0.625,0.0,0.47123464770523593
14537973,6,1.0,0.0,0.6185185185185185
14537973,7,0.6666666666666666,0.0,0.6019292604501608
14537973,2,0.7333333333333333,20234.0,0.7645631067961165
14537973,5,0.6461538461538462,17565.0,0.5098039215686274
14541055,1,0.5,22073.0,0.3590836441129462
14541055,2,0.5,68687451936.0,0.6418181818181818
14541055,3,0.0,0.0,0.6312684365781711
14541055,4,0.0,0.0,0.5533290239172592
14541055,5,0.4,15070.0,0.30579531442663377
14541055,6,0.0,0.0,0.2726423902894491
14541055,7,0.0,0.0,0.490032154340836
14543652,2,0.7,22773.0,0.7516778523489933
14543652,5,0.4,20192.0,0.726775956284153
14544228,5,0.5,32903.0,0.7409638554216867
14546847,1,0.8888888888888888,118225.0,0.7397260273972602
14546847,3,0.7038327526132404,0.0,0.7454545454545455
14546847,6,0.7744874715261959,0.0,0.5
14546847,4,0.734375,0.0,0.5833333333333334
14546847,5,0.6681749622926093,738495.0,0.45544554455445546
14546847,2,0.6996587030716723,34813.0,0.6373626373626373
14546847,7,0.7984,0.0,0.575
14547407,1,0.8275862068965517,21068.0,0.3608490566037736
14547407,5,0.3684210526315789,49638.0,0.4282608695652174
14547407,2,1.0,17698.0,0.6862745098039216
14551589,1,1.0,82389.0,0.819672131147541
14551589,2,0.8181818181818182,19697.0,0.8774617067833698
14551589,5,0.6,74636.0,0.7
14551818,1,0.7045454545454546,42395.0,0.7660818713450293
14551818,2,0.6,28379.0,0.9411764705882353
14551818,3,0.875,0.0,0.3523809523809524
14551818,4,0.5,0.0,0.7288135593220338
14551818,6,0.6666666666666666,0.0,0.7195121951219512
14551818,7,1.0,0.0,0.7352941176470589
14551818,5,0.68,27460.0,0.6666666666666666
14555089,1,0.5,68687451936.0,0.7789473684210526
14555089,5,0.625,25239.0,0.5714285714285714
14555089,2,0.8,32635.0,0.8333333333333334
14557921,2,0.8888888888888888,33930.0,0.6729411764705883
14557921,5,0.8125,39265.0,0.284688995215311
14567499,5,0.45,67093.0,0.6764705882352942
14567499,6,0.5789473684210527,0.0,0.7073170731707317
14569257,2,0.5,68687451936.0,0.6418181818181818
14569257,3,1.0,0.0,0.1687315634218289
14569257,4,0.25,0.0,0.42857142857142855
14569257,5,0.4,83853.0,0.30579531442663377
14569257,6,0.6666666666666666,0.0,0.2726423902894491
14569257,7,0.3333333333333333,0.0,0.41864951768488745
14569257,1,0.7788461538461539,24624.0,0.6279863481228669
14572945,1,0.0,25884.0,0.3590836441129462
14572945,2,0.5,68687451936.0,0.6418181818181818
14572945,3,1.0,0.0,0.1687315634218289
14572945,4,0.25,0.0,0.42857142857142855
14572945,5,0.4,24742.0,0.30579531442663377
14572945,6,0.3333333333333333,0.0,0.6451914098972923
14572945,7,0.0,0.0,0.490032154340836
14576860,1,0.5,30766.0,0.3590836441129462
14576860,3,0.5,0.0,0.1687315634218289
14576860,4,0.125,0.0,0.42857142857142855
14576860,6,0.6666666666666666,0.0,0.4580246913580247
14576860,7,0.7142857142857143,0.0,0.6019292604501608
14576860,5,0.5641025641025641,18180.0,0.625
14576860,2,0.6987951807228916,30241.0,0.8068181818181818
14581103,1,0.5,25373.0,0.3590836441129462
14581103,2,0.5,68687451936.0,0.6418181818181818
14581103,3,0.0,0.0,0.1687315634218289
14581103,4,0.0,0.0,0.5533290239172592
14581103,5,0.2,23331.0,0.30579531442663377
14581103,6,0.6666666666666666,0.0,0.2726423902894491
14581103,7,0.0,0.0,0.41864951768488745
14584565,1,1.0,29661.0,0.3590836441129462
14584565,3,0.5,0.0,0.1687315634218289
14584565,4,0.625,0.0,0.47123464770523593
14584565,6,0.6666666666666666,0.0,0.6451914098972923
14584565,7,0.6666666666666666,0.0,0.6019292604501608
14584565,2,0.9,98217.0,0.6457627118644068
14584565,5,0.68,49434.0,0.6888888888888889
14584855,5,0.3333333333333333,30039.0,0.7674418604651163
14584855,2,0.75,20565.0,0.8508771929824561
14585331,7,0.6666666666666666,0.0,0.490032154340836
14585331,3,0.40869565217391307,0.0,0.7368421052631579
14585331,6,0.3978494623655914,0.0,0.9736842105263158
14585331,4,0.5384615384615384,0.0,0.7890295358649789
14585331,1,0.6835443037974683,32507.0,1.0
14585331,2,0.6521739130434783,27283.0,0.7333333333333333
14585331,5,0.6363636363636364,214042.0,0.6967741935483871
14594709,2,0.25,40637.0,0.8281786941580757
14594709,6,0.6086956521739131,0.0,0.5513513513513514
14594709,5,0.5454545454545454,67457.0,0.16666666666666666
14611340,1,0.5,48901.0,0.3590836441129462
14611340,2,0.5,68687451936.0,0.6418181818181818
14611340,3,0.0,0.0,0.1687315634218289
14611340,4,0.25,0.0,0.42857142857142855
14611340,5,0.2,26890.0,0.30579531442663377
14611340,6,0.0,0.0,0.42663378545006164
14611340,7,0.0,0.0,0.27138263665594853
14622652,1,1.0,23369.0,0.3590836441129462
14622652,2,0.5,68687451936.0,0.6418181818181818
14622652,3,0.5,0.0,0.6312684365781711
14622652,4,0.5,0.0,0.42857142857142855
14622652,7,0.6666666666666666,0.0,0.41864951768488745
14622652,6,0.7333333333333333,0.0,0.6070038910505836
14622652,5,0.615606936416185,29786.0,0.44656488549618323
14623105,2,0.5,68687451936.0,0.6825396825396826
14623105,5,0.5689655172413793,61727.0,0.6208955223880597
14628860,2,0.0,99990.0,0.5939086294416244
14628860,5,0.4,347172.0,0.578494623655914
14632708,5,0.5555555555555556,41647.0,0.7739463601532567
14632708,2,0.6666666666666666,29995.0,0.96
14636019,5,0.5,31832.0,0.4690265486725664
14636019,2,0.7777777777777778,28157.0,0.7645631067961165
14639235,2,0.3333333333333333,96301.0,0.8068181818181818
14639235,5,0.13333333333333333,4384662.0,0.196763202725724
14644268,5,0.6666666666666666,70680.0,0.4497444633730835
14644268,2,0.3333333333333333,22219.0,0.88
14650722,3,1.0,0.0,0.1687315634218289
14650722,4,0.375,0.0,0.47123464770523593
14650722,6,0.6666666666666666,0.0,0.6185185185185185
14650722,7,0.6666666666666666,0.0,0.27138263665594853
14650722,1,0.7575757575757576,34578.0,0.554140127388535
14650722,2,0.8,29317.0,0.5722070844686649
14650722,5,0.5671641791044776,53430.0,0.4095940959409594
14656582,1,1.0,46211612.0,0.7896440129449838
14656582,2,0.5833333333333334,44042.0,0.4192708333333333
14656582,5,0.509090909090909,17417.0,0.9074074074074074
14657204,1,0.7,36343.0,0.3055555555555556
14657204,3,0.7391304347826086,0.0,0.39705882352941174
14657204,6,0.4574468085106383,0.0,0.7189349112426036
14657204,2,0.7,23748.0,0.6792452830188679
14657204,5,0.5281899109792285,9226.0,0.751412429378531
14668764,1,1.0,25207.0,0.3590836441129462
14668764,2,0.5,68687451936.0,0.6418181818181818
14668764,3,0.5,0.0,0.6312684365781711
14668764,4,0.25,0.0,0.5533290239172592
14668764,5,0.4,31316.0,0.30579531442663377
14668764,6,0.3333333333333333,0.0,0.43137254901960786
14668764,7,0.6666666666666666,0.0,0.27138263665594853
14670656,1,0.7586206896551724,25402.0,0.3608490566037736
14677963,1,1.0,22654.0,0.3590836441129462
14677963,2,0.5,68687451936.0,0.6418181818181818
14677963,3,0.5,0.0,0.6312684365781711
14677963,4,0.4,0.0,0.24426534407935524
14683497,1,0.0,27642.0,0.3590836441129462
14683497,2,0.5,68687451936.0,0.6418181818181818
14683497,3,0.5,0.0,0.6312684365781711
14683497,4,0.625,0.0,0.5533290239172592
14683497,6,0.3333333333333333,0.0,0.43137254901960786
14683497,7,1.0,0.0,0.41864951768488745
14683497,5,0.5333333333333333,58148.0,0.6666666666666666
14686679,1,0.7368421052631579,52271.0,0.9056603773584906
14686679,2,0.7101449275362319,37103.0,0.6333333333333333
14686679,5,0.5686274509803921,33941.0,0.18518518518518517
14691924,2,0.5,68687451936.0,0.7217391304347827
14691924,5,0.5,36045.0,0.46808510638297873
14701077,3,0.9157894736842105,0.0,0.8297872340425532
14701077,4,0.9076923076923077,0.0,0.5
14701077,7,0.8843283582089553,0.0,0.6829268292682927
14701077,1,0.8571428571428571,33969.0,0.6071428571428571
14701077,5,0.7321867321867321,29119.0,0.5104166666666666
14701077,2,0.8648648648648649,24467.0,0.5573033707865168
14701077,6,0.8120567375886525,0.0,0.7796610169491526
14707430,1,1.0,29572.0,0.3590836441129462
14707430,2,0.5,68687451936.0,0.6418181818181818
14707430,3,0.0,0.0,0.6306784660766962
14707430,4,0.0,0.0,0.47123464770523593
14707430,6,0.3333333333333333,0.0,0.47619047619047616
14707430,7,0.6666666666666666,0.0,0.490032154340836
14707430,5,0.56,24480.0,0.8043478260869565
14712941,1,0.0,35905.0,0.3590836441129462
14712941,2,0.5,68687451936.0,0.6418181818181818
14712941,3,0.0,0.0,0.6306784660766962
14712941,4,0.625,0.0,0.42857142857142855
14712941,5,0.2,23264.0,0.30579531442663377
14712941,6,0.6666666666666666,0.0,0.4580246913580247
14712941,7,1.0,0.0,0.41864951768488745
14716430,1,0.75,26058.0,0.6515151515151515
14716430,2,0.9714285714285714,28855.0,0.6206030150753769
14716430,4,0.7368421052631579,0.0,0.9090909090909091
14716430,7,0.8289473684210527,0.0,0.7692307692307693
14716430,3,0.8769230769230769,0.0,0.8269230769230769
14716430,5,0.7048458149779736,17486.0,0.9069767441860465
14716430,6,0.7666666666666667,0.0,0.3711340206185567
14718712,2,0.8,45487.0,0.9473684210526315
14718712,5,0.2857142857142857,110031.0,0.6470588235294118
14718712,1,0.8666666666666667,30697.0,0.6170212765957447
14724530,4,0.25,0.0,0.5533290239172592
14724530,6,0.6666666666666666,0.0,0.4580246913580247
14724530,7,0.3333333333333333,0.0,0.27138263665594853
14724530,1,0.5,15359.0,0.8132427843803056
14724530,3,0.2,0.0,0.6312684365781711
14724530,2,0.8484848484848485,27769.0,0.8774617067833698
14724530,5,0.48148148148148145,60188.0,0.9215686274509803
14729728,5,0.7035175879396985,22157.0,0.7272727272727273
14729728,2,0.7961783439490446,27666.0,0.6956521739130435
14745147,1,1.0,30689.0,0.3590836441129462
14745147,3,0.0,0.0,0.6306784660766962
14745147,4,0.25,0.0,0.47123464770523593
14745147,2,0.6,60346.0,0.7964601769911505
14745147,7,0.14285714285714285,0.0,0.95
14745147,6,0.4782608695652174,0.0,0.7855072463768116
14745147,5,0.4953271028037383,791880588.0,0.7348484848484849
14746127,1,0.0,30258.0,0.3590836441129462
14746127,2,0.5,68687451936.0,0.6418181818181818
14746127,3,0.0,0.0,0.6312684365781711
14746127,4,0.375,0.0,0.47123464770523593
14746127,5,0.2,17012.0,0.30579531442663377
14746127,6,0.0,0.0,0.47619047619047616
14746127,7,1.0,0.0,0.27138263665594853
14746840,1,1.0,21975.0,0.3590836441129462
14746840,2,0.5,68687451936.0,0.6418181818181818
14746840,3,0.5,0.0,0.6306784660766962
14746840,4,0.625,0.0,0.42857142857142855
14746840,6,0.3333333333333333,0.0,0.2726423902894491
14746840,7,0.6666666666666666,0.0,0.6019292604501608
14746840,5,0.68,13855.0,0.75
14747047,2,0.4,35951.0,0.7836734693877551
14747047,7,0.0,0.0,0.8043478260869565
14747047,1,0.18181818181818182,50942.0,0.35410764872521244
14747047,5,0.47368421052631576,40766.0,0.531496062992126
14750655,1,0.0,26285.0,0.3590836441129462
14750655,2,0.5,68687451936.0,0.6418181818181818
14750655,3,0.5,0.0,0.6306784660766962
14750655,4,0.25,0.0,0.47123464770523593
14750655,6,0.3333333333333333,0.0,0.4580246913580247
14750655,7,0.3333333333333333,0.0,0.490032154340836
14750655,5,0.6666666666666666,19721.0,0.6862745098039216
14755098,1,0.5,68687451936.0,0.4594594594594595
14755098,5,0.5333333333333333,47767.0,0.746268656716418
14755098,2,0.4,45578.0,0.7126436781609196
14758037,1,1.0,26980.0,0.3590836441129462
14758037,3,1.0,0.0,0.1687315634218289
14758037,4,0.125,0.0,0.47123464770523593
14758037,6,0.6666666666666666,0.0,0.47619047619047616
14758037,7,0.0,0.0,0.27138263665594853
14758037,2,0.8,60123.0,0.8620689655172413
14758037,5,0.4,50093.0,0.9183673469387755
14760959,2,0.5,22434.0,0.6385542168674698
14760959,5,0.55,73574.0,0.359375
14760959,1,0.5238095238095238,42403.0,0.554140127388535
14760959,3,0.3595505617977528,0.0,0.48175182481751827
14760959,7,0.3062200956937799,0.0,0.4864864864864865
14760959,6,0.34203655352480417,0.0,0.7272727272727273
14760959,4,0.35335689045936397,0.0,0.8717948717948718
14765419,2,0.5,68687451936.0,0.6418181818181818
14765419,3,1.0,0.0,0.6312684365781711
14765419,7,1.0,0.0,0.490032154340836
14765419,1,0.7333333333333333,29696.0,0.8524590163934426
14765419,6,0.45454545454545453,0.0,0.4580246913580247
14765419,4,0.4482758620689655,0.0,0.2764811490125673
14765419,5,0.6280487804878049,23034.0,0.6946902654867256
14766373,1,0.5,23070.0,0.3590836441129462
14766373,2,0.5,68687451936.0,0.6418181818181818
14766373,3,0.0,0.0,0.6306784660766962
14766373,4,0.375,0.0,0.5533290239172592
14766373,5,0.4,27085.0,0.30579531442663377
14766373,6,0.3333333333333333,0.0,0.2726423902894491
14766373,7,0.6666666666666666,0.0,0.490032154340836
14771082,1,0.5,68687451936.0,0.896551724137931
14771082,5,0.4,41729.0,0.44680851063829785
14771082,2,0.4444444444444444,28293.0,0.5428571428571428
14786951,1,0.5,32589.0,0.3590836441129462
14786951,3,1.0,0.0,0.1687315634218289
14786951,4,0.125,0.0,0.47123464770523593
14786951,6,0.3333333333333333,0.0,0.2726423902894491
14786951,7,0.6666666666666666,0.0,0.41864951768488745
14786951,2,1.0,62515.0,0.8270676691729323
14786951,5,0.6666666666666666,31797.0,0.6234309623430963
14789941,1,0.5,22120.0,0.3590836441129462
14789941,2,0.5,68687451936.0,0.6418181818181818
14789941,3,0.0,0.0,0.6312684365781711
14789941,4,0.375,0.0,0.47123464770523593
14789941,6,0.3333333333333333,0.0,0.47619047619047616
14789941,7,0.3333333333333333,0.0,0.490032154340836
14789941,5,0.14285714285714285,11602.0,0.5115089514066496
14804495,5,0.0,19563.0,0.4573643410852713
14804495,2,0.20833333333333334,29002.0,0.7088607594936709
14805071,1,0.0,21120.0,0.3590836441129462
14805071,3,0.0,0.0,0.6306784660766962
14805071,4,0.25,0.0,0.47123464770523593
14805071,5,0.2,43215.0,0.30579531442663377
14805071,6,1.0,0.0,0.2726423902894491
14805071,7,0.3333333333333333,0.0,0.490032154340836
14805071,2,0.7,59133.0,0.6573426573426573
14820927,1,1.0,28122.0,0.3590836441129462
14820927,2,0.5,68687451936.0,0.6418181818181818
14820927,3,0.0,0.0,0.6306784660766962
14820927,4,0.5,0.0,0.47123464770523593
14820927,6,0.0,0.0,0.6185185185185185
14820927,7,0.3333333333333333,0.0,0.6019292604501608
14820927,5,0.44,59124.0,0.6046511627906976
14828223,2,0.0,80896.0,0.7441860465116279
14828223,5,0.4117647058823529,21887.0,0.7092198581560284
14828436,1,0.5,35257.0,0.3590836441129462
14828436,3,0.5,0.0,0.6306784660766962
14828436,4,0.5,0.0,0.47123464770523593
14828436,6,0.6666666666666666,0.0,0.47619047619047616
14828436,7,1.0,0.0,0.6019292604501608
14828436,2,0.5526315789473685,64863.0,0.616822429906542
14828436,5,0.6666666666666666,14276.0,0.4874551971326165
14833242,2,0.5,68687451936.0,0.5604395604395604
14833242,5,0.5789473684210527,34962.0,0.5935828877005348
14839165,2,0.0,1658073.0,0.5604395604395604
14839165,5,0.5294117647058824,23392.0,0.2967032967032967
14839165,1,0.0,1683261.0,0.8700564971751412
14842055,1,1.0,149126.0,0.3590836441129462
14842055,2,0.5,68687451936.0,0.6418181818181818
14842055,3,1.0,0.0,0.1687315634218289
14842055,4,0.875,0.0,0.47123464770523593
14842055,5,0.8,18036.0,0.30579531442663377
14842055,6,1.0,0.0,0.4580246913580247
14842055,7,1.0,0.0,0.41864951768488745
14848150,1,0.5,64431.0,0.3590836441129462
14848150,2,0.5,68687451936.0,0.6418181818181818
14848150,3,0.5,0.0,0.6312684365781711
14848150,4,0.125,0.0,0.47123464770523593
14848150,5,0.2,98658.0,0.30579531442663377
14848150,6,0.0,0.0,0.2726423902894491
14848150,7,0.3333333333333333,0.0,0.27138263665594853
14853095,2,0.5,68687451936.0,0.5777777777777777
14853095,5,0.26666666666666666,39790.0,0.5714285714285714
14854759,1,0.7727272727272727,27955.0,0.9423076923076923
14854759,5,0.6213592233009708,21816.0,0.72
14854759,2,0.7887323943661971,17891.0,0.4267515923566879
14855424,5,0.5,80998.0,0.7659574468085106
14855424,3,0.6428571428571429,0.0,0.8269230769230769
14855424,1,0.8,122420.0,0.7989949748743719
14855424,4,0.8076923076923077,0.0,0.5405405405405406
14855424,2,0.7857142857142857,69200.0,0.5688888888888889
14856059,1,0.5,68687451936.0,0.41697416974169743
14856059,2,0.5,68687451936.0,0.6926406926406926
14856059,5,0.6,14041.0,0.536723163841808
14859729,1,1.0,28110.0,0.3590836441129462
14859729,2,0.5,68687451936.0,0.6418181818181818
14859729,3,0.5,0.0,0.6312684365781711
14859729,4,0.375,0.0,0.42857142857142855
14859729,6,0.3333333333333333,0.0,0.43137254901960786
14859729,7,0.3333333333333333,0.0,0.6019292604501608
14859729,5,0.2702702702702703,19998.0,0.5905292479108635
14873350,2,0.3333333333333333,20332.0,0.7714285714285715
14873350,5,0.16666666666666666,21992.0,0.7734375
14878389,1,1.0,23639.0,0.3590836441129462
14878389,3,0.5,0.0,0.6306784660766962
14878389,4,0.25,0.0,0.5533290239172592
14878389,6,0.6666666666666666,0.0,0.47619047619047616
14878389,7,0.6666666666666666,0.0,0.41864951768488745
14878389,2,0.9,33804.0,0.8533333333333334
14878389,5,0.6,30087.0,0.7639751552795031
14879064,1,0.5,68687451936.0,0.37637362637362637
14879064,5,0.4,47995.0,0.46875
14879064,2,0.625,29420.0,0.7954545454545454
14887718,1,1.0,708225.0,0.4174336762317271
14887718,2,0.5,68687451936.0,0.6418181818181818
14887718,3,0.5,0.0,0.6312684365781711
14887718,4,0.25,0.0,0.5533290239172592
14887718,6,0.3333333333333333,0.0,0.47619047619047616
14887718,7,1.0,0.0,0.41864951768488745
14887718,5,0.0,60451.0,0.5436893203883495
14904859,1,0.5,25740.0,0.3590836441129462
14904859,2,0.5,68687451936.0,0.6418181818181818
14904859,3,0.0,0.0,0.1687315634218289
14904859,4,0.375,0.0,0.47123464770523593
14904859,5,0.6,20972.0,0.30579531442663377
14904859,6,0.6666666666666666,0.0,0.2726423902894491
14904859,7,1.0,0.0,0.6019292604501608
14906326,1,0.5,25562.0,0.3590836441129462
14906326,3,0.5,0.0,0.6312684365781711
14906326,4,0.625,0.0,0.47123464770523593
14906326,6,0.6666666666666666,0.0,0.4580246913580247
14906326,7,0.6666666666666666,0.0,0.41864951768488745
14906326,5,0.8666666666666667,25193.0,0.7142857142857143
14906326,2,1.0,19034.0,0.9122137404580153
14907620,1,0.6206896551724138,27532.0,0.3608490566037736
14907620,2,0.6923076923076923,19192.0,0.6772151898734177
14907620,5,0.5,109697.0,0.7662337662337663
14909098,5,0.562753036437247,17671.0,0.454
14909098,2,0.7124463519313304,19801.0,0.5875
14913634,1,0.0,28182.0,0.9423076923076923
14913634,2,0.6666666666666666,27306.0,0.5607814761215629
14913634,5,0.8,272033909.0,0.5355871886120996
14915135,1,0.5,68687451936.0,0.7896440129449838
14915135,5,0.7777777777777778,13890.0,0.5294117647058824
14915135,2,0.7777777777777778,22151.0,0.6812933025404158
14925470,2,0.38095238095238093,28393.0,0.6587677725118484
14925470,5,0.125,30033.0,0.284688995215311
14925470,1,0.5454545454545454,67680.0,0.9074074074074074
14928081,1,0.5,27217.0,0.3590836441129462
14928081,2,0.5,68687451936.0,0.6418181818181818
14928081,3,0.0,0.0,0.6312684365781711
14928081,4,0.625,0.0,0.5533290239172592
14928081,5,0.0,27334.0,0.30579531442663377
14928081,6,0.6666666666666666,0.0,0.42663378545006164
14928081,7,0.3333333333333333,0.0,0.27138263665594853
14929057,1,0.5,25671.0,0.3590836441129462
14929057,3,0.5,0.0,0.6306784660766962
14929057,4,0.0,0.0,0.5533290239172592
14929057,5,0.4,18627.0,0.30579531442663377
14929057,6,0.3333333333333333,0.0,0.828395061728395
14929057,7,0.6666666666666666,0.0,0.490032154340836
14929057,2,0.7368421052631579,30431.0,0.7962962962962963
14944351,5,0.8333333333333334,12562.0,0.6751918158567775
14944351,1,0.9375,32488.0,0.975609756097561
14944351,2,0.95,24828.0,0.7611940298507462
14944351,3,0.8,0.0,0.625
14945419,2,0.5,21890.0,0.6633663366336634
14945419,5,0.6923076923076923,131324.0,0.5243243243243243
14951899,1,0.5,27258.0,0.3590836441129462
14951899,2,0.5,68687451936.0,0.6418181818181818
14951899,3,0.0,0.0,0.6312684365781711
14951899,4,0.5,0.0,0.47123464770523593
14951899,6,0.6666666666666666,0.0,0.4580246913580247
14951899,7,0.6666666666666666,0.0,0.6019292604501608
14951899,5,0.6,22400.0,0.9130434782608695
14955919,1,0.5,25288.0,0.3590836441129462
14955919,2,0.5,68687451936.0,0.6418181818181818
14955919,3,0.5,0.0,0.6306784660766962
14955919,4,0.5,0.0,0.47123464770523593
14955919,6,0.6666666666666666,0.0,0.6185185185185185
14955919,7,0.0,0.0,0.490032154340836
14955919,5,0.6444444444444445,113474.0,0.6727272727272727
14958733,5,0.6923076923076923,26637.0,0.6666666666666666
14960881,1,0.7142857142857143,49324.0,0.6625
14960881,2,0.7,37992.0,0.6511627906976745
14960881,5,0.34375,71391.0,0.4874551971326165
14971743,1,0.5,46948.0,0.3590836441129462
14971743,3,0.5,0.0,0.6306784660766962
14971743,4,0.5,0.0,0.47123464770523593
14971743,6,0.6666666666666666,0.0,0.6185185185185185
14971743,7,0.6666666666666666,0.0,0.490032154340836
14971743,2,0.75,29972.0,0.7962264150943397
14971743,5,0.6363636363636364,45961.0,0.717391304347826
14974212,3,0.7647058823529411,0.0,0.391025641025641
14974212,1,0.6666666666666666,2320644.0,0.2565789473684211
14974212,2,0.6428571428571429,966117701.0,0.6615384615384615
14974212,5,0.7333333333333333,775968.0,0.4342105263157895
14974212,4,0.5535714285714286,0.0,0.7766990291262136
14974212,7,0.43243243243243246,0.0,0.8297872340425532
14996453,5,0.5,29138.0,0.64
14996453,2,0.5,68687451936.0,0.7136752136752137
14998785,1,0.9655172413793104,23528.0,0.3608490566037736
14998785,6,0.9032258064516129,0.0,0.22099447513812154
14998785,2,0.5,68687451936.0,0.6418181818181818
14998785,3,1.0,0.0,0.6312684365781711
14998785,4,0.875,0.0,0.47123464770523593
14998785,5,1.0,18400.0,0.30579531442663377
14998785,7,1.0,0.0,0.6019292604501608
15018962,2,1.0,65102.0,0.6287425149700598
15018962,4,0.5,0.0,0.5922330097087378
15018962,1,0.25,148744762.0,0.3381294964028777
15018962,5,0.5,37220.0,0.4715909090909091
15019179,1,1.0,29369.0,0.3590836441129462
15019179,3,1.0,0.0,0.6312684365781711
15019179,4,1.0,0.0,0.47123464770523593
15019179,5,0.8,7509.0,0.30579531442663377
15019179,6,1.0,0.0,0.6185185185185185
15019179,2,1.0,22379.0,0.5607814761215629
15019179,7,0.7857142857142857,0.0,0.5161290322580645
15039720,1,1.0,26919.0,0.3590836441129462
15039720,3,1.0,0.0,0.1687315634218289
15039720,4,0.875,0.0,0.47123464770523593
15039720,6,0.6666666666666666,0.0,0.828395061728395
15039720,7,0.6666666666666666,0.0,0.27138263665594853
15039720,2,0.8,29408.0,0.5866141732283464
15039720,5,0.68,24538.0,0.5681818181818182
15041443,1,1.0,20957.0,0.3590836441129462
15041443,2,0.5,68687451936.0,0.6418181818181818
15041443,3,1.0,0.0,0.1687315634218289
15041443,4,0.75,0.0,0.47123464770523593
15041443,5,0.0,24292.0,0.30579531442663377
15041443,6,0.6666666666666666,0.0,0.2726423902894491
15041443,7,0.0,0.0,0.6019292604501608
15047385,1,1.0,25198.0,0.3590836441129462
15047385,2,0.5,68687451936.0,0.6418181818181818
15047385,3,0.5,0.0,0.6312684365781711
15047385,4,0.125,0.0,0.47123464770523593
15047385,5,0.4,17365.0,0.30579531442663377
15047385,6,0.6666666666666666,0.0,0.6185185185185185
15047385,7,1.0,0.0,0.41864951768488745
15052807,5,0.4166666666666667,84465.0,0.5769230769230769
15052807,6,1.0,0.0,0.6770428015564203
15052813,5,0.5714285714285714,41182.0,0.3333333333333333
15052813,2,0.5833333333333334,22666.0,0.7117903930131004
15052813,3,0.7088948787061995,0.0,0.8444444444444444
15052813,1,0.6666666666666666,29721.0,0.7625
15052813,7,0.48360655737704916,0.0,0.6344086021505376
15088337,1,0.8333333333333334,41902.0,0.3590836441129462
15088337,2,0.9166666666666666,51418.0,0.3655913978494624
15088337,3,0.5,0.0,0.7464788732394366
15088337,5,0.675,32835.0,0.5338345864661654
15088337,7,0.75,0.0,0.8571428571428571
15088337,4,0.6,0.0,0.6222222222222222
15088337,6,0.5531914893617021,0.0,0.8290598290598291
15093922,6,0.7786885245901639,0.0,0.26865671641791045
15093922,5,0.7435897435897436,865624.0,0.6276150627615062
15093922,2,0.7358490566037735,114706.0,0.7254004576659039
15093922,3,0.9411764705882353,0.0,0.7962962962962963
15093922,1,0.9047619047619048,51269.0,0.7815533980582524
15093922,4,0.7607655502392344,0.0,0.7553191489361702
15093922,7,0.8636363636363636,0.0,0.5142857142857142
15099887,1,0.5,68687451936.0,0.717948717948718
15099887,2,0.6666666666666666,82266.0,0.3655913978494624
15099887,5,0.4444444444444444,25523.0,0.6026200873362445
15099932,1,0.5,68687451936.0,0.7896440129449838
15099932,6,0.4666666666666667,0.0,0.5248618784530387
15099932,2,0.7272727272727273,28096.0,0.7625
15099932,5,0.6071428571428571,50303.0,0.5964912280701754
15103971,2,0.6739130434782609,21447.0,0.5714285714285714
15103971,5,0.6230769230769231,31523.0,0.8387096774193549
15113559,1,1.0,31436.0,0.3590836441129462
15113559,2,0.5,68687451936.0,0.6418181818181818
15113559,3,0.0,0.0,0.6306784660766962
15113559,4,0.0,0.0,0.42857142857142855
15113559,5,0.0,34932.0,0.30579531442663377
15113559,6,0.3333333333333333,0.0,0.6185185185185185
15113559,7,0.0,0.0,0.6019292604501608
15113657,1,0.5,68687451936.0,0.5962059620596206
15113657,5,0.5,83374.0,0.5494505494505495
15113657,2,0.4,36931.0,0.7611111111111111
15117770,1,1.0,120495706.0,0.3590836441129462
15117770,3,1.0,0.0,0.1687315634218289
15117770,4,0.5,0.0,0.47123464770523593
15117770,6,0.6666666666666666,0.0,0.2726423902894491
15117770,7,0.6666666666666666,0.0,0.27138263665594853
15117770,2,0.8,22985.0,0.7157894736842105
15117770,5,0.6,23697.0,0.7906976744186046
15121110,2,0.9166666666666666,43483.0,0.8714285714285714
15121110,5,0.3,110881.0,0.5263157894736842
15123463,1,0.0,13537.0,0.3590836441129462
15123463,3,0.0,0.0,0.1687315634218289
15123463,4,0.0,0.0,0.42857142857142855
15123463,5,0.0,3577.0,0.30579531442663377
15123463,6,0.3333333333333333,0.0,0.2726423902894491
15123463,7,0.0,0.0,0.27138263665594853
15123463,2,0.25,29120.0,0.5294117647058824
15134241,1,0.5,25863.0,0.3590836441129462
15134241,2,0.5,68687451936.0,0.6418181818181818
15134241,3,1.0,0.0,0.1687315634218289
15134241,4,0.4,0.0,0.24426534407935524
15136629,5,0.47058823529411764,29389.0,0.7480314960629921
15138026,1,0.0,29575.0,0.3590836441129462
15138026,2,0.5,68687451936.0,0.6418181818181818
15138026,3,0.5,0.0,0.6312684365781711
15138026,4,0.25,0.0,0.5533290239172592
15138026,5,0.2,12303.0,0.30579531442663377
15151558,5,0.48148148148148145,37155.0,0.731404958677686
15151558,2,0.45454545454545453,24008.0,0.7333333333333333
15155778,5,0.5885558583106267,20284.0,0.4090909090909091
15160094,1,0.5,35116.0,0.3590836441129462
15160094,2,0.5,68687451936.0,0.6418181818181818
15160094,3,0.0,0.0,0.1687315634218289
15160094,4,0.25,0.0,0.5533290239172592
15160094,5,0.2,15351.0,0.30579531442663377
15160094,6,0.0,0.0,0.828395061728395
15160094,7,0.0,0.0,0.27138263665594853
15161619,1,0.5,68687451936.0,0.4031620553359684
15161619,5,0.47368421052631576,62519.0,0.5979381443298969
15162553,5,0.4,18779.0,0.6744186046511628
15162553,2,0.6666666666666666,19658.0,0.649746192893401
15162553,1,0.6666666666666666,53008.0,0.7896440129449838
15182202,1,0.5,18245.0,0.3590836441129462
15182202,3,1.0,0.0,0.6312684365781711
15182202,4,0.625,0.0,0.47123464770523593
15182202,6,1.0,0.0,0.42663378545006164
15182202,7,0.3333333333333333,0.0,0.490032154340836
15182202,2,0.6666666666666666,14265.0,0.73046875
15182202,5,0.7794117647058824,14387.0,0.4841549295774648
15187769,5,0.5555555555555556,16061.0,0.5091575091575091
15188732,1,1.0,28606.0,0.3590836441129462
15188732,2,0.5,68687451936.0,0.6418181818181818
15188732,3,0.5,0.0,0.6312684365781711
15188732,4,0.375,0.0,0.5533290239172592
15188732,6,0.0,0.0,0.6451914098972923
15188732,7,0.6666666666666666,0.0,0.41864951768488745
15188732,5,0.6435643564356436,40408.0,0.3405994550408719
15191905,6,0.7094972067039106,0.0,0.7926829268292683
15191905,7,0.7619047619047619,0.0,0.64
15191905,2,0.6534653465346535,54131.0,0.7605633802816901
15191905,1,0.8125,19728.0,0.52
15191905,5,0.6709511568123393,2978160921.0,0.536723163841808
15191905,3,0.6729323308270677,0.0,0.8656716417910447
15196633,6,0.7419354838709677,0.0,0.5513513513513514
15196633,2,0.8,36040.0,0.845360824742268
15196633,4,0.7027027027027027,0.0,0.9636363636363636
15196633,5,0.7582417582417582,29118.0,0.8541666666666666
15196633,3,0.922077922077922,0.0,0.8544303797468354
15196633,7,0.7692307692307693,0.0,0.9056603773584906
15196633,1,0.8651685393258427,48625.0,0.8392857142857143
15198864,4,0.5454545454545454,0.0,0.7391304347826086
15198864,1,1.0,26518.0,0.782608695652174
15198864,2,0.8,27630.0,0.8225806451612904
15198864,3,0.5,0.0,0.819672131147541
15198864,5,0.5882352941176471,17110.0,0.6243093922651933
15206743,1,0.5,39310.0,0.3590836441129462
15206743,3,0.5,0.0,0.6306784660766962
15206743,4,0.25,0.0,0.42857142857142855
15206743,6,0.0,0.0,0.2726423902894491
15206743,7,0.3333333333333333,0.0,0.41864951768488745
15206743,5,0.6666666666666666,43193.0,0.625
15206743,2,0.8,36674.0,0.8789808917197452
15208809,2,0.7692307692307693,20032.0,0.7645631067961165
15208809,5,0.5151515151515151,44038.0,0.8135593220338984
15214529,5,0.6551724137931034,18887.0,0.75
15214529,2,0.6666666666666666,32438.0,0.8649921507064364
15216842,1,0.5,23019.0,0.3590836441129462
15216842,3,0.0,0.0,0.1687315634218289
15216842,4,0.375,0.0,0.42857142857142855
15216842,5,0.6,13102.0,0.30579531442663377
15216842,6,0.3333333333333333,0.0,0.47619047619047616
15216842,7,0.0,0.0,0.27138263665594853
15216842,2,1.0,48840.0,0.9008264462809917
15220765,1,0.5,68687451936.0,0.7784810126582279
15220765,2,0.6938775510204082,55604.0,0.704225352112676
15220765,5,0.688,30843.0,0.6666666666666666
15226571,1,0.5,25028.0,0.3590836441129462
15226571,2,0.5,68687451936.0,0.6418181818181818
15226571,3,0.5,0.0,0.6306784660766962
15226571,4,0.25,0.0,0.5533290239172592
15226571,5,0.2,22307.0,0.30579531442663377
15226571,6,0.6666666666666666,0.0,0.6451914098972923
15226571,7,1.0,0.0,0.490032154340836
15238770,1,0.0,24530.0,0.3590836441129462
15238770,3,0.5,0.0,0.6312684365781711
15238770,4,0.25,0.0,0.47123464770523593
15238770,6,0.6666666666666666,0.0,0.2726423902894491
15238770,7,0.0,0.0,0.490032154340836
15238770,5,0.7398843930635838,101187936.0,0.19166666666666668
15238770,2,0.7463768115942029,32372.0,0.6481481481481481
15240250,1,0.5,25594.0,0.3590836441129462
15240250,2,0.5,68687451936.0,0.6418181818181818
15240250,3,0.0,0.0,0.6312684365781711
15240250,4,0.25,0.0,0.42857142857142855
15240250,5,0.0,8960.0,0.30579531442663377
15240250,6,0.3333333333333333,0.0,0.4580246913580247
15240250,7,0.0,0.0,0.27138263665594853
15244238,6,0.3333333333333333,0.0,0.17543859649122806
15244238,1,0.88,71533776.0,0.8905109489051095
15244238,2,0.7619047619047619,29263.0,0.845360824742268
15244238,5,0.7438692098092643,25667.0,0.75
15248816,2,1.0,15520352459.0,0.7129337539432177
15248816,5,0.48,47276.0,0.8571428571428571
15248982,1,0.5,25553.0,0.3590836441129462
15248982,2,0.5,68687451936.0,0.6418181818181818
15248982,3,1.0,0.0,0.1687315634218289
15248982,4,0.125,0.0,0.47123464770523593
15248982,5,0.2,28126.0,0.30579531442663377
15248982,6,0.3333333333333333,0.0,0.2726423902894491
15248982,7,1.0,0.0,0.27138263665594853
15250660,2,0.6666666666666666,13880.0,0.7866666666666666
15250660,5,0.3333333333333333,266556.0,0.8205128205128205
15253920,2,0.5,68687451936.0,0.8405797101449275
15253920,5,0.5454545454545454,85662.0,0.6428571428571429
15253920,1,0.7352941176470589,33087.0,0.725
15257371,1,0.5,24262.0,0.3590836441129462
15257371,2,0.5,68687451936.0,0.6418181818181818
15257371,3,0.5,0.0,0.1687315634218289
15257371,4,0.375,0.0,0.5533290239172592
15257371,6,0.3333333333333333,0.0,0.42663378545006164
15257371,7,0.3333333333333333,0.0,0.27138263665594853
15257371,5,0.5060240963855421,57010.0,0.454
15260995,2,0.5,68687451936.0,0.6418181818181818
15260995,3,1.0,0.0,0.1687315634218289
15260995,4,0.5,0.0,0.5533290239172592
15260995,7,0.6666666666666666,0.0,0.27138263665594853
15260995,6,0.6181818181818182,0.0,0.3125
15260995,1,0.7777777777777778,1131950.0,0.8842105263157894
15260995,5,0.6666666666666666,77812.0,0.6443514644351465
15275549,1,0.5,27833.0,0.3590836441129462
15275549,2,0.5,68687451936.0,0.6418181818181818
15275549,3,0.0,0.0,0.6306784660766962
15275549,4,0.25,0.0,0.47123464770523593
15275549,5,0.2,17703.0,0.30579531442663377
15275549,6,0.0,0.0,0.6451914098972923
15275549,7,0.3333333333333333,0.0,0.27138263665594853
15278027,4,1.0,0.0,0.7567567567567568
15278027,3,0.5,0.0,0.8301886792452831
15278027,1,0.8076923076923077,31151.0,0.7121212121212122
15278027,6,0.6554621848739496,0.0,0.6153846153846154
15278027,2,0.61875,39875.0,0.6627450980392157
15278027,5,0.6752336448598131,1384998.0,0.5209302325581395
15286001,2,0.5,18669.0,0.55
15286001,5,0.3125,50975.0,0.7926829268292683
15286449,2,1.0,318457.0,0.8666666666666667
15286449,1,0.0,202728.0,0.37637362637362637
15286449,5,0.5555555555555556,40022.0,0.5555555555555556
15313821,3,0.5,0.0,0.1687315634218289
15313821,4,0.625,0.0,0.5533290239172592
15313821,6,0.6666666666666666,0.0,0.6185185185185185
15313821,7,1.0,0.0,0.41864951768488745
15313821,1,0.9090909090909091,34879.0,0.9411764705882353
15313821,2,0.7037037037037037,27965.0,0.48868175765645805
15313821,5,0.53125,16671.0,0.5267175572519084
15317489,1,0.5,24584.0,0.3590836441129462
15317489,2,0.5,68687451936.0,0.6418181818181818
15317489,3,1.0,0.0,0.1687315634218289
15317489,4,0.25,0.0,0.5533290239172592
15317489,5,0.0,39418.0,0.30579531442663377
15317489,6,0.6666666666666666,0.0,0.6185185185185185
15317489,7,0.3333333333333333,0.0,0.27138263665594853
15318828,5,0.6153846153846154,42919.0,0.3614457831325301
15318828,2,0.0,41746.0,0.6946564885496184
15318828,1,0.5,128306.0,0.7586206896551724
15324632,2,0.0,21225.0,0.9065420560747663
15324632,5,0.2857142857142857,33576.0,0.6666666666666666
15324632,1,0.6285714285714286,35625.0,0.9245283018867925
15325389,1,1.0,20284.0,0.3590836441129462
15325389,3,0.5,0.0,0.6312684365781711
15325389,4,0.125,0.0,0.5533290239172592
15325389,6,0.3333333333333333,0.0,0.2726423902894491
15325389,7,0.6666666666666666,0.0,0.6019292604501608
15325389,5,0.5333333333333333,26000.0,0.6783216783216783
15325389,2,1.0,25306.0,0.6564102564102564
15328374,5,0.6,31749.0,0.7727272727272727
15328374,2,0.7,76749.0,0.7887323943661971
15329702,1,0.5,24614.0,0.3590836441129462
15329702,2,0.5,68687451936.0,0.6418181818181818
15329702,3,0.0,0.0,0.1687315634218289
15329702,4,0.375,0.0,0.42857142857142855
15329702,5,0.0,10273.0,0.30579531442663377
15329702,6,0.6666666666666666,0.0,0.47619047619047616
15329702,7,0.0,0.0,0.27138263665594853
15330125,7,0.4904862579281184,0.0,0.25
15330125,6,0.5580693815987934,0.0,0.6153846153846154
15330125,3,0.7433628318584071,0.0,0.6904761904761905
15330125,1,0.5775862068965517,15634.0,0.7815533980582524
15330125,2,0.4655581947743468,1768037.0,0.6564102564102564
15330125,4,0.5693950177935944,0.0,0.2426470588235294
15330125,5,0.44209702660406885,28932.0,1.0
15332293,1,0.5,68687451936.0,0.7896440129449838
15332293,5,0.5882352941176471,40891.0,0.5328083989501312
15337645,1,1.0,47321.0,0.3590836441129462
15337645,2,0.5,68687451936.0,0.6418181818181818
15337645,3,0.5,0.0,0.6306784660766962
15337645,4,0.875,0.0,0.5533290239172592
15337645,6,0.6666666666666666,0.0,0.4580246913580247
15337645,7,0.6666666666666666,0.0,0.27138263665594853
15337645,5,0.5714285714285714,37126.0,0.3405994550408719
15343921,2,1.0,20092.0,0.7866666666666666
15343921,5,0.6666666666666666,24114.0,0.7728706624605678
15344557,1,1.0,25063.0,0.3590836441129462
15344557,2,0.5,68687451936.0,0.6418181818181818
15344557,3,0.5,0.0,0.6312684365781711
15344557,4,0.375,0.0,0.47123464770523593
15344557,5,0.8,42004.0,0.30579531442663377
15344557,6,0.3333333333333333,0.0,0.6185185185185185
15344557,7,0.3333333333333333,0.0,0.490032154340836
15350721,1,0.5,68687451936.0,0.7896440129449838
15350721,2,0.5370370370370371,250199.0,0.8662790697674418
15350721,5,0.5238095238095238,78719.0,0.3315018315018315
15363925,1,0.5,29514.0,0.3590836441129462
15363925,2,0.5,68687451936.0,0.6418181818181818
15363925,3,0.0,0.0,0.6306784660766962
15363925,4,0.375,0.0,0.42857142857142855
15363925,5,0.2,24619.0,0.30579531442663377
15363925,6,0.3333333333333333,0.0,0.2726423902894491
15363925,7,0.0,0.0,0.41864951768488745
15368381,5,0.7142857142857143,57479.0,0.6153846153846154
15368381,2,0.6363636363636364,61321.0,0.7126436781609196
15368381,1,0.2857142857142857,55215.0,0.759493670886076
15372526,1,0.5,68687451936.0,0.8132427843803056
15372526,5,0.47368421052631576,21371.0,0.6767676767676768
15375317,1,0.7241379310344828,29074.0,0.3608490566037736
15375317,6,0.4838709677419355,0.0,0.580110497237569
15375317,5,0.7872340425531915,43100.0,0.875
15375317,2,0.5,68687451936.0,0.6418181818181818
15375890,2,0.5,68687451936.0,0.5446428571428571
15375890,5,0.6111111111111112,29683.0,0.7702702702702703
15375922,1,0.5,68687451936.0,0.6688741721854304
15375922,5,0.6410256410256411,243212.0,0.43661971830985913
15375922,2,0.7281553398058253,64565.0,0.7792207792207793
15381067,5,0.36363636363636365,34796.0,0.7463768115942029
15381067,2,0.6451612903225806,21486.0,0.8939393939393939
15385275,4,0.125,0.0,0.47123464770523593
15385275,7,0.0,0.0,0.27138263665594853
15385275,6,0.2857142857142857,0.0,0.42663378545006164
15385275,1,0.3333333333333333,32147411097.0,0.3590836441129462
15385275,3,0.75,0.0,0.5970149253731343
15385275,2,0.7621052631578947,21547.0,0.7272727272727273
15385275,5,0.6818181818181818,40996.0,0.7064220183486238
15388756,7,0.6666666666666666,0.0,0.6019292604501608
15388756,4,0.7307692307692307,0.0,0.9242424242424242
15388756,3,0.7754237288135594,0.0,0.8740740740740741
15388756,6,0.8,0.0,0.6243093922651933
15388756,2,0.8122866894197952,31927.0,0.7685185185185185
15388756,5,0.7264770240700219,92009765.0,0.5524475524475524
15388756,1,0.8878504672897196,28306.0,0.7428571428571429
15392429,1,0.5,21406.0,0.3590836441129462
15392429,2,0.5,68687451936.0,0.6418181818181818
15392429,3,1.0,0.0,0.6312684365781711
15392429,4,0.125,0.0,0.5533290239172592
15392429,5,0.2,18264.0,0.30579531442663377
15392429,6,0.3333333333333333,0.0,0.43137254901960786
15392429,7,0.3333333333333333,0.0,0.41864951768488745
15392583,1,0.5,68687451936.0,0.6385542168674698
15392583,2,0.47619047619047616,26970.0,0.8082089552238806
15392583,5,0.26666666666666666,17900.0,0.7518796992481203
15400039,2,0.6181818181818182,38686.0,0.8061224489795918
15400039,5,0.3829787234042553,42979.0,0.47368421052631576
15410502,7,0.7142857142857143,0.0,0.559322033898305
15410502,2,0.47058823529411764,87862.0,0.610236220472441
15410502,3,0.7368421052631579,0.0,0.6210526315789474
15410502,4,0.6538461538461539,0.0,0.5714285714285714
15410502,1,0.672566371681416,33047.0,0.7076271186440678
15410502,6,0.6368715083798883,0.0,0.14285714285714285
15410502,5,0.44206008583690987,25953.0,0.546875
15420253,5,0.6486486486486487,56110.0,0.6923076923076923
15420253,2,0.7777777777777778,29711.0,0.5493562231759657
15421832,2,0.7272727272727273,56820.0,0.5523809523809524
15421832,1,0.6,74809.0,0.3590836441129462
15421832,5,0.15,92788.0,0.5
15421832,4,0.6176470588235294,0.0,0.6974789915966386
15426000,1,1.0,37340.0,0.3590836441129462
15426000,2,0.5,68687451936.0,0.6418181818181818
15426000,3,0.0,0.0,0.6312684365781711
15426000,4,0.125,0.0,0.42857142857142855
15426000,5,0.0,31334.0,0.30579531442663377
15426000,6,0.6666666666666666,0.0,0.42663378545006164
15426000,7,0.0,0.0,0.41864951768488745
15428124,4,0.7714285714285715,0.0,0.8936170212765957
15428124,3,0.7007299270072993,0.0,0.6212121212121212
15428124,1,0.7647058823529411,29621.0,0.8333333333333334
15428124,7,0.3565804274465692,0.0,0.8260869565217391
15428124,6,0.4573643410852713,0.0,0.7120418848167539
15428124,5,0.3318840579710145,88869.0,0.5
15428124,2,0.5662100456621004,19004.0,0.8181818181818182
15434997,1,0.5,68687451936.0,0.9423076923076923
15434997,5,0.5582089552238806,31593.0,0.5328083989501312
15434997,2,0.6927710843373494,29285.0,0.6641221374045801
15435300,1,0.5,27781.0,0.3590836441129462
15435300,2,0.5,68687451936.0,0.6418181818181818
15435300,3,0.5,0.0,0.6312684365781711
15435300,4,0.125,0.0,0.47123464770523593
15435300,5,1.0,24502.0,0.30579531442663377
15435300,6,0.6666666666666666,0.0,0.828395061728395
15435300,7,0.6666666666666666,0.0,0.27138263665594853
15441391,7,0.4700854700854701,0.0,0.6875
15441391,1,0.8153846153846154,16163.0,0.864406779661017
15441391,3,0.6046511627906976,0.0,0.6304347826086957
15441391,4,0.53125,0.0,0.9552238805970149
15441391,6,0.59665991902834,0.0,0.4032258064516129
15441391,2,0.6432806324110671,16043.0,0.7016129032258065
15441391,5,0.6588679245283019,14700.0,0.5733333333333334
15466130,1,0.5,25991.0,0.3590836441129462
15466130,3,1.0,0.0,0.1687315634218289
15466130,4,0.25,0.0,0.5533290239172592
15466130,6,0.3333333333333333,0.0,0.47619047619047616
15466130,7,0.0,0.0,0.27138263665594853
15466130,2,0.5416666666666666,59744.0,0.8709677419354839
15466130,5,0.4567901234567901,63115.0,0.4090909090909091
15466552,1,1.0,30098.0,0.3590836441129462
15466552,2,0.5,68687451936.0,0.6418181818181818
15466552,3,0.5,0.0,0.1687315634218289
15466552,4,0.5,0.0,0.5533290239172592
15466552,5,0.4,29884.0,0.30579531442663377
15466552,6,0.0,0.0,0.828395061728395
15466552,7,0.3333333333333333,0.0,0.41864951768488745
15471228,1,0.5,24073.0,0.3590836441129462
15471228,2,0.5,68687451936.0,0.6418181818181818
15471228,3,0.5,0.0,0.6306784660766962
15471228,4,0.125,0.0,0.5533290239172592
15471228,5,0.0,25982.0,0.30579531442663377
15471228,6,0.0,0.0,0.47619047619047616
15471228,7,0.0,0.0,0.27138263665594853
15473364,1,0.0,63531.0,0.7896440129449838
15473364,5,0.8,20058.0,0.4
15473364,2,0.5454545454545454,42470.0,0.8105263157894737
15473583,1,0.5,68687451936.0,0.8382978723404255
15473583,2,0.7272727272727273,30431.0,0.66875
15473583,5,0.625,41400.0,0.5748898678414097
15482524,1,0.5,24456.0,0.3590836441129462
15482524,2,0.5,68687451936.0,0.6418181818181818
15482524,3,0.5,0.0,0.6306784660766962
15482524,4,0.0,0.0,0.47123464770523593
15482524,5,0.2,25860.0,0.30579531442663377
15482524,6,0.0,0.0,0.47619047619047616
15482524,7,0.3333333333333333,0.0,0.27138263665594853
15483471,1,0.5,68687451936.0,0.8507462686567164
15483471,2,0.4444444444444444,19283.0,0.7087378640776699
15483471,4,0.9,0.0,0.7263157894736842
15483471,3,0.8,0.0,0.9685534591194969
15483471,6,0.6842105263157895,0.0,0.625
15483471,5,0.7142857142857143,37295.0,0.37735849056603776
15499608,1,0.5,26023.0,0.3590836441129462
15499608,2,0.5,68687451936.0,0.6418181818181818
15499608,3,0.0,0.0,0.1687315634218289
15499608,4,0.125,0.0,0.47123464770523593
15499608,5,0.4,13240.0,0.30579531442663377
15499608,6,0.0,0.0,0.4580246913580247
15499608,7,0.3333333333333333,0.0,0.490032154340836
15500363,1,0.0,23573.0,0.3590836441129462
15500363,2,0.5,68687451936.0,0.6418181818181818
15500363,3,0.0,0.0,0.6312684365781711
15500363,4,0.25,0.0,0.42857142857142855
15500363,5,0.8,13917.0,0.30579531442663377
15500363,6,0.0,0.0,0.6451914098972923
15500363,7,0.0,0.0,0.27138263665594853
15503992,2,0.5,68687451936.0,0.6418181818181818
15503992,3,0.0,0.0,0.6312684365781711
15503992,4,0.0,0.0,0.5533290239172592
15503992,5,0.6,13486.0,0.30579531442663377
15503992,6,0.6666666666666666,0.0,0.42663378545006164
15503992,7,0.3333333333333333,0.0,0.490032154340836
15503992,1,0.7631578947368421,144564.0,0.875
15505514,1,0.5,68687451936.0,0.9386792452830188
15505514,5,0.375,38436.0,0.6363636363636364
15513033,2,0.5,68687451936.0,0.5939086294416244
15513033,5,0.4666666666666667,32790.0,0.7674418604651163
15517617,5,0.2857142857142857,40720.0,0.6551724137931034
15517617,2,0.6363636363636364,21875.0,0.8508771929824561
15525819,7,0.09090909090909091,0.0,0.8571428571428571
15525819,2,0.5,82968012.0,0.7007299270072993
15525819,4,0.4,0.0,0.7272727272727273
15525819,3,0.0,0.0,0.8032786885245902
15525819,6,0.17391304347826086,0.0,0.7396449704142012
15533519,1,0.5,22867.0,0.3590836441129462
15533519,3,0.0,0.0,0.6312684365781711
15533519,4,0.375,0.0,0.47123464770523593
15533519,5,0.4,32142.0,0.30579531442663377
15533519,6,0.0,0.0,0.43137254901960786
15533519,7,0.3333333333333333,0.0,0.490032154340836
15533519,2,1.0,83259.0,0.6088709677419355
15544970,2,0.7931034482758621,37922.0,0.6457627118644068
15544970,5,0.5640449438202247,45077.0,0.5849056603773585
15546893,5,0.3333333333333333,21108.0,0.48623853211009177
15546893,1,0.5,68687451936.0,0.8032786885245902
15546893,2,0.5714285714285714,19857.0,0.8073394495412844
15556401,4,0.7058823529411765,0.0,0.25517241379310346
15556401,6,0.631578947368421,0.0,0.6028985507246377
15556401,2,0.42857142857142855,65120683.0,0.6477987421383647
15556401,3,0.8076923076923077,0.0,0.7582417582417582
15556401,1,0.7338129496402878,95902012.0,0.759493670886076
15556401,5,0.4411764705882353,318687.0,0.48
15556796,2,0.8666666666666667,25947.0,0.7441860465116279
15556796,3,0.8823529411764706,0.0,0.6990291262135923
15556796,7,0.8,0.0,0.8952380952380953
15556796,4,0.8,0.0,0.6071428571428571
15556796,5,0.6,234298.0,0.6181818181818182
15558573,4,1.0,0.0,0.7450980392156863
15558573,1,0.8333333333333334,61788.0,0.7717391304347826
15558573,2,0.6,43272.0,0.48576512455516013
15558573,7,0.9230769230769231,0.0,0.8809523809523809
15558573,3,0.9411764705882353,0.0,0.6204379562043796
15558573,6,0.6666666666666666,0.0,0.7016129032258065
15558573,5,0.7225433526011561,22740.0,0.6203966005665722
15560223,1,0.5,35771.0,0.3590836441129462
15560223,3,0.5,0.0,0.6312684365781711
15560223,4,0.4,0.0,0.23000619962802232
15560223,2,0.0,15982974581.0,0.5446428571428571
15560223,5,0.0,14750.0,0.203125
15568723,3,0.8378378378378378,0.0,0.6274509803921569
15568723,1,0.8177777777777778,31574.0,0.864406779661017
15568723,4,0.7730337078651686,0.0,0.7666666666666667
15568723,2,0.712280701754386,22513.0,0.5597014925373134
15568723,6,0.7227414330218068,0.0,0.54
15568723,7,0.7654135338345864,0.0,0.6190476190476191
15568723,5,0.5881870385561936,22018.0,0.5670103092783505
15599209,6,0.7301587301587301,0.0,0.6451612903225806
15599209,7,0.6822429906542056,0.0,0.7926829268292683
15599209,1,0.9444444444444444,72005.0,0.6933333333333334
15599209,2,0.7213114754098361,251689251.0,0.4958217270194986
15599209,3,0.736,0.0,0.4954954954954955
15599209,4,0.6864406779661016,0.0,0.4857142857142857
15599209,5,0.6889763779527559,77937.0,0.5566037735849056
15602337,1,0.5,30684.0,0.3590836441129462
15602337,2,0.5,68687451936.0,0.6418181818181818
15602337,3,0.5,0.0,0.6312684365781711
15602337,4,0.375,0.0,0.42857142857142855
15602337,7,0.3333333333333333,0.0,0.6019292604501608
15602337,5,0.55,48958.0,0.25
15602337,6,0.8181818181818182,0.0,0.5248618784530387
15610470,1,0.5,33014.0,0.3590836441129462
15610470,2,0.5,68687451936.0,0.6418181818181818
15610470,3,0.5,0.0,0.1687315634218289
15610470,4,0.25,0.0,0.42857142857142855
15610470,5,0.2,28339.0,0.30579531442663377
15610470,6,0.3333333333333333,0.0,0.6451914098972923
15610470,7,0.0,0.0,0.27138263665594853
15611960,1,0.5,24789.0,0.3590836441129462
15611960,2,0.5,68687451936.0,0.6418181818181818
15611960,3,0.5,0.0,0.6306784660766962
15611960,4,0.25,0.0,0.5533290239172592
15611960,6,1.0,0.0,0.42663378545006164
15611960,7,0.3333333333333333,0.0,0.490032154340836
15611960,5,0.14285714285714285,217435.0,0.7744360902255639
15615977,2,0.5,37030.0,0.8712871287128713
15615977,5,0.39285714285714285,48217.0,0.673469387755102
15622198,7,0.7473118279569892,0.0,0.47619047619047616
15622198,6,0.7522658610271903,0.0,0.7931034482758621
15622198,1,0.837696335078534,54609.0,0.52
15622198,2,0.7021276595744681,39137.0,0.6777493606138107
15622198,5,0.6217294900221729,17355.0,0.3855421686746988
15622198,3,0.7634194831013916,0.0,0.504
15622198,4,0.765702891326022,0.0,0.8
15625493,2,0.5,68687451936.0,0.9693251533742331
15625493,1,0.5,68687451936.0,0.659919028340081
15625493,5,0.3888888888888889,82039.0,0.5730337078651685
15631680,1,0.5,68687451936.0,0.851063829787234
15631680,2,0.7,48273.0,0.7126436781609196
15631680,5,0.42857142857142855,21158.0,0.6666666666666666
15631705,3,0.8254716981132075,0.0,0.5967741935483871
15631705,4,0.7130434782608696,0.0,0.2894736842105263
15631705,1,0.8839285714285714,34851.0,0.6302083333333334
15631705,6,0.7687747035573123,0.0,0.8333333333333334
15631705,7,0.779874213836478,0.0,0.5217391304347826
15631705,5,0.7118012422360248,28550.0,0.5428571428571428
15631705,2,0.8066465256797583,30518.0,0.7257142857142858
15631728,1,0.5,30462.0,0.3590836441129462
15631728,2,0.5,68687451936.0,0.6418181818181818
15631728,3,0.5,0.0,0.1687315634218289
15631728,4,0.375,0.0,0.5533290239172592
15631728,5,0.2,21833.0,0.30579531442663377
15631728,6,0.6666666666666666,0.0,0.47619047619047616
15631728,7,0.3333333333333333,0.0,0.6019292604501608
15632472,3,0.8371970495258166,0.0,0.48175182481751827
15632472,2,0.7453027139874739,26725.0,0.6088709677419355
15632472,4,0.7816205533596838,0.0,0.8970588235294118
15632472,5,0.6382575757575758,71423.0,0.3763440860215054
15632472,7,0.799492385786802,0.0,0.6923076923076923
15632472,1,0.8122605363984674,79030.0,0.9090909090909091
15632472,6,0.717948717948718,0.0,0.8333333333333334
15636191,2,0.5,68687451936.0,0.6595744680851063
15636191,5,0.5964912280701754,23921.0,0.7307692307692307
15637600,1,0.5,25836.0,0.3590836441129462
15637600,2,0.5,68687451936.0,0.6418181818181818
15637600,3,0.0,0.0,0.6312684365781711
15637600,4,0.25,0.0,0.5533290239172592
15637600,6,0.3333333333333333,0.0,0.43137254901960786
15637600,7,0.0,0.0,0.41864951768488745
15637600,5,0.4375,29325.0,0.7548387096774194
15640300,5,0.5714285714285714,58394.0,0.5764192139737991
15640300,2,0.4838709677419355,25129.0,0.8202247191011236
15643205,2,0.7,59612.0,0.4958217270194986
15643205,5,0.5579710144927537,48589.0,0.4819672131147541
15643205,6,0.6666666666666666,0.0,0.6770428015564203
15644133,5,0.3,46221.0,0.30579531442663377
15644133,2,0.2,22633.0,0.4612546125461255
15644953,5,0.375,28288.0,0.4358974358974359
15644953,2,0.25,31453.0,0.8942307692307693
15668208,4,0.831858407079646,0.0,0.68
15668208,3,0.9038461538461539,0.0,0.7553956834532374
15668208,2,0.8378378378378378,31536.0,0.48576512455516013
15668208,6,0.7481481481481481,0.0,0.65625
15668208,7,0.8380952380952381,0.0,0.9139784946236559
15668208,5,0.777027027027027,39348.0,0.6466876971608833
15668208,1,0.8505747126436781,122933237.0,0.94
15669681,6,0.6274509803921569,0.0,0.9336283185840708
15669681,1,0.7974683544303798,54711.0,0.7125
15669681,2,0.7262569832402235,47164.0,0.4958217270194986
15669681,4,0.6629213483146067,0.0,0.2764811490125673
15669681,5,0.6755725190839694,15189.0,0.45081967213114754
15669681,3,0.765625,0.0,0.5352112676056338
15674457,1,0.0,28411.0,0.3590836441129462
15674457,2,0.5,68687451936.0,0.6418181818181818
15674457,3,0.0,0.0,0.6306784660766962
15674457,4,0.125,0.0,0.42857142857142855
15674457,5,0.2,18994.0,0.30579531442663377
15674457,6,0.0,0.0,0.6185185185185185
15674457,7,0.0,0.0,0.27138263665594853
15679322,1,1.0,22740.0,0.5962059620596206
15679322,5,0.16666666666666666,57294.0,0.3333333333333333
15680803,1,0.0,2433.0,0.3590836441129462
15680803,2,0.5,68687451936.0,0.6418181818181818
15680803,3,0.5,0.0,0.6306784660766962
15680803,4,0.625,0.0,0.42857142857142855
15680803,5,0.5,68687451936.0,0.4486486486486487
15682172,2,0.7777777777777778,22400.0,0.6691176470588235
15682172,5,0.6111111111111112,43567.0,0.5952380952380952
15682804,5,0.5,67615.0,0.3984375
15682804,2,0.375,48077.0,0.6461538461538462
15692329,2,0.6363636363636364,46387.0,0.8905109489051095
15692329,5,0.5,54966.0,0.7933884297520661
15697262,1,0.5,25445.0,0.3590836441129462
15697262,3,0.5,0.0,0.1687315634218289
15697262,4,0.25,0.0,0.47123464770523593
15697262,6,0.3333333333333333,0.0,0.47619047619047616
15697262,7,0.3333333333333333,0.0,0.41864951768488745
15697262,5,0.56,20839.0,0.8823529411764706
15697262,2,0.7,33046.0,0.8649921507064364
15697432,5,0.25,44459.0,0.7407407407407407
15697432,2,0.6,25860.0,0.8319327731092437
15699470,2,0.5,68687451936.0,0.6418181818181818
15699470,3,0.5,0.0,0.1687315634218289
15699470,4,0.25,0.0,0.47123464770523593
15699470,6,0.3333333333333333,0.0,0.43137254901960786
15699470,7,0.0,0.0,0.6019292604501608
15699470,1,0.3333333333333333,47506890126.0,0.4174336762317271
15699470,5,0.49019607843137253,46610.0,0.4486486486486487
15709171,5,0.5882352941176471,12245433516.0,0.7333333333333333
15713212,1,0.5,68687451936.0,0.9552238805970149
15713212,5,0.3333333333333333,28512.0,0.656084656084656
15713212,6,0.3333333333333333,0.0,0.921875
15718603,1,0.5,30472.0,0.3590836441129462
15718603,3,0.5,0.0,0.6306784660766962
15718603,4,0.125,0.0,0.47123464770523593
15718603,6,0.3333333333333333,0.0,0.828395061728395
15718603,7,0.3333333333333333,0.0,0.41864951768488745
15718603,2,0.9,25341.0,0.8387096774193549
15718603,5,0.4666666666666667,14109.0,0.7083333333333334
15722883,1,0.0,25911.0,0.3590836441129462
15722883,3,0.0,0.0,0.6312684365781711
15722883,4,0.125,0.0,0.42857142857142855
15722883,6,0.3333333333333333,0.0,0.2726423902894491
15722883,7,0.0,0.0,0.6019292604501608
15722883,2,0.0,892486.0,0.8712121212121212
15722883,5,0.26666666666666666,78900.0,0.5469387755102041
15730228,4,0.4827586206896552,0.0,0.2764811490125673
15730228,3,0.5862068965517241,0.0,0.6306784660766962
15730228,2,0.5227272727272727,42767.0,0.6624203821656051
15730228,1,0.5671641791044776,1010775.0,0.7058823529411765
15730228,7,0.6129032258064516,0.0,0.6
15730228,5,0.34375,53906.0,0.43209876543209874
15730228,6,0.5267175572519084,0.0,0.5542168674698795
15740502,2,0.5,68687451936.0,0.65625
15740502,5,0.35,31041.0,0.7231404958677686
15746989,1,0.5,27196.0,0.3590836441129462
15746989,2,0.5,68687451936.0,0.6418181818181818
15746989,3,0.0,0.0,0.1687315634218289
15746989,4,0.25,0.0,0.47123464770523593
15746989,5,0.6,57988.0,0.30579531442663377
15746989,6,0.6666666666666666,0.0,0.4580246913580247
15746989,7,0.0,0.0,0.27138263665594853
15748464,2,0.5,22715.0,0.547244094488189
15748464,5,0.4444444444444444,27970.0,0.7446808510638298
15754051,5,0.6842105263157895,37286.0,0.6554621848739496
15754051,2,0.7,37523.0,0.528
15757313,1,0.0,52632.0,0.9555555555555556
15757313,6,0.6666666666666666,0.0,0.6070038910505836
15757313,2,0.7419354838709677,26128.0,0.7076023391812866
15757313,5,0.6229508196721312,400091.0,0.7042801556420234
15760710,5,0.47368421052631576,22526.0,0.4519774011299435
15762625,1,0.5,37349.0,0.3590836441129462
15762625,2,0.5,68687451936.0,0.6418181818181818
15762625,3,0.5,0.0,0.1687315634218289
15762625,4,0.25,0.0,0.47123464770523593
15762625,7,1.0,0.0,0.27138263665594853
15762625,6,0.3333333333333333,0.0,0.43137254901960786
15762625,5,0.6911764705882353,45473.0,0.7926829268292683
15766786,2,0.5,68687451936.0,0.8533333333333334
15766786,5,0.46153846153846156,23419.0,0.6829268292682927
15768581,2,0.4,28550.0,0.7520661157024794
15768581,5,0.5,110809.0,0.5263157894736842
15786147,5,0.0,50361.0,0.3783783783783784
15786147,1,0.5,38572.0,0.8256410256410256
15787384,1,0.5,29912.0,0.3590836441129462
15787384,2,0.5,68687451936.0,0.6418181818181818
15787384,3,0.5,0.0,0.1687315634218289
15787384,4,0.25,0.0,0.5533290239172592
15787384,5,0.4,72779.0,0.30579531442663377
15787384,6,0.3333333333333333,0.0,0.47619047619047616
15787384,7,1.0,0.0,0.27138263665594853
15791127,2,0.4,29338.0,0.5866141732283464
15791127,1,1.0,4060323.0,0.554140127388535
15791127,5,0.4166666666666667,30616.0,0.5263157894736842
15791127,6,0.45454545454545453,0.0,0.8608695652173913
15794079,1,0.5,27778.0,0.3590836441129462
15794079,3,0.5,0.0,0.6306784660766962
15794079,5,0.4444444444444444,42993.0,0.7210682492581603
15794079,2,0.5869565217391305,21696.0,0.7516778523489933
15795083,2,0.7142857142857143,286278.0,0.6111111111111112
15795083,1,0.5,52572.0,0.41697416974169743
15795083,3,0.5217391304347826,0.0,0.8717948717948718
15795083,6,0.3333333333333333,0.0,0.5690376569037657
15795083,5,0.5405405405405406,157811050.0,0.7575757575757576
15805851,6,0.8148148148148148,0.0,0.7447698744769874
15805851,7,0.5396825396825397,0.0,0.4367816091954023
15805851,3,0.66,0.0,0.6567164179104478
15805851,4,0.7846153846153846,0.0,0.8738738738738738
15805851,1,0.7549668874172185,30468.0,0.7575757575757576
15805851,2,0.7217391304347827,23346.0,0.36306729264475746
15805851,5,0.6776315789473685,83446.0,0.43010752688172044
15811757,1,1.0,76879.0,0.9553571428571429
15811757,2,0.6935483870967742,64151.0,0.6607142857142857
15811757,5,0.5984848484848485,69632.0,0.6208955223880597
15812898,1,0.5,36985.0,0.3590836441129462
15812898,3,1.0,0.0,0.1687315634218289
15812898,4,0.25,0.0,0.5533290239172592
15812898,6,0.6666666666666666,0.0,0.4580246913580247
15812898,7,0.3333333333333333,0.0,0.490032154340836
15812898,2,0.8333333333333334,25122.0,0.6612903225806451
15812898,5,0.5494505494505495,23939.0,0.5614035087719298
15814022,5,0.42857142857142855,12759.0,0.5384615384615384
15814022,2,0.4444444444444444,29421.0,0.8279569892473119
15815467,7,0.8783783783783784,0.0,0.6363636363636364
15815467,1,0.8111111111111111,39012.0,0.9074074074074074
15815467,2,0.7368421052631579,35013.0,0.559228650137741
15815467,3,0.78125,0.0,0.6097560975609756
15815467,4,0.6986301369863014,0.0,0.8006872852233677
15815467,6,0.753731343283582,0.0,0.7740585774058577
15815467,5,0.701095461658842,87832.0,0.6063829787234043
15822929,1,1.0,24195.0,0.6461538461538462
15822929,2,0.1111111111111111,27692.0,0.42997198879551823
15822929,5,0.5625,15651.0,0.49019607843137253
15832214,5,0.5294117647058824,36475.0,0.4117647058823529
15840871,1,0.5,25054.0,0.3590836441129462
15840871,2,0.5,68687451936.0,0.6418181818181818
15840871,3,0.5,0.0,0.6306784660766962
15840871,4,0.25,0.0,0.5533290239172592
15840871,5,0.4,42729.0,0.30579531442663377
15840871,6,0.3333333333333333,0.0,0.828395061728395
15840871,7,0.3333333333333333,0.0,0.27138263665594853
15841057,1,0.5,16695.0,0.3590836441129462
15841057,2,0.5,68687451936.0,0.6418181818181818
15841057,3,0.5,0.0,0.6312684365781711
15841057,4,0.25,0.0,0.47123464770523593
15841057,5,0.2,59795.0,0.30579531442663377
15841057,6,0.0,0.0,0.4580246913580247
15841057,7,0.6666666666666666,0.0,0.27138263665594853
15846467,1,1.0,27759.0,0.3590836441129462
15846467,2,0.5,68687451936.0,0.6418181818181818
15846467,3,0.5,0.0,0.6306784660766962
15846467,4,0.25,0.0,0.47123464770523593
15846467,5,0.6,65955.0,0.30579531442663377
15846467,6,0.3333333333333333,0.0,0.47619047619047616
15846467,7,0.6666666666666666,0.0,0.6019292604501608
15857318,1,1.0,26561.0,0.3590836441129462
15857318,2,0.5,68687451936.0,0.6418181818181818
15857318,3,0.5,0.0,0.6306784660766962
15857318,4,0.125,0.0,0.5533290239172592
15857318,6,0.6666666666666666,0.0,0.6185185185185185
15857318,7,0.0,0.0,0.6019292604501608
15857318,5,0.34375,18441.0,0.75
15863849,5,0.9285714285714286,115982.0,0.3607843137254902
15863849,6,0.7894736842105263,0.0,0.5771428571428572
15863849,1,0.9333333333333333,10782165.0,0.7878787878787878
15863849,2,0.8333333333333334,30669.0,0.6175298804780877
15863849,7,0.7916666666666666,0.0,0.41864951768488745
15863849,3,0.8818181818181818,0.0,0.4965034965034965
15863849,4,0.8375,0.0,0.8448275862068966
15870746,3,0.6956521739130435,0.0,1.0
15870746,7,0.5625,0.0,0.6829268292682927
15870746,4,0.7368421052631579,0.0,0.717948717948718
15870746,1,0.6470588235294118,60109.0,0.634703196347032
15870746,6,0.6904761904761905,0.0,0.6918918918918919
15870746,2,0.6890756302521008,46022.0,0.7216748768472906
15870746,5,0.6465256797583081,21555.0,0.52
15875178,1,0.5,27458.0,0.3590836441129462
15875178,3,0.5,0.0,0.6306784660766962
15875178,4,0.4,0.0,0.2194668319900806
15875178,2,1.0,50376.0,0.625
15876484,6,0.3333333333333333,0.0,0.9428571428571428
15876484,7,0.46153846153846156,0.0,0.8924050632911392
15876484,2,0.6666666666666666,52988.0,0.3655913978494624
15876484,1,0.6285714285714286,1929740.0,0.4594594594594595
15876484,5,0.43333333333333335,81037.0,0.5199543899657925
15878337,1,0.5,68687451936.0,0.819672131147541
15878337,2,0.5555555555555556,23589.0,0.7777777777777778
15878337,5,0.32608695652173914,58299.0,0.7254901960784313
15892752,4,0.693069306930693,0.0,0.5217391304347826
15892752,7,0.8275862068965517,0.0,0.490032154340836
15892752,3,0.7307692307692307,0.0,0.7928571428571428
15892752,2,0.8064516129032258,27744.0,0.4429657794676806
15892752,1,0.6666666666666666,36561.0,0.6538461538461539
15892752,6,0.8947368421052632,0.0,0.7583892617449665
15892752,5,0.7076923076923077,25331.0,0.45081967213114754
15894154,4,0.5652173913043478,0.0,0.44642857142857145
15894154,3,0.8571428571428571,0.0,0.8656716417910447
15894154,6,0.6846846846846847,0.0,0.689119170984456
15894154,1,0.7941176470588235,237103.0,0.7974683544303798
15894154,2,0.7286821705426356,117549.0,0.7914110429447853
15894154,7,0.7874015748031497,0.0,0.4367816091954023
15894154,5,0.6711937097927091,169811.0,0.6417910447761194
15896820,5,0.18181818181818182,26870.0,0.7446808510638298
15903215,7,0.5394736842105263,0.0,0.48717948717948717
15903215,6,0.6101694915254238,0.0,0.5
15903215,1,0.8560606060606061,37031.0,0.9069767441860465
15903215,3,0.7317073170731707,0.0,0.59375
15903215,4,0.616600790513834,0.0,0.7444444444444445
15903215,5,0.6679764243614931,36230.0,0.7857142857142857
15903215,2,0.7791878172588832,27105.0,0.6173469387755102
15906945,5,0.2727272727272727,186735.0,0.48514851485148514
15913550,6,0.0,0.0,0.4738675958188153
15913550,7,0.7216494845360825,0.0,0.8235294117647058
15913550,4,0.7352941176470589,0.0,0.6118143459915611
15913550,3,0.7586206896551724,0.0,0.8021978021978022
15913550,2,0.7958115183246073,66845.0,0.7659574468085106
15913550,1,0.7971014492753623,65993.0,0.896551724137931
15913550,5,0.5072463768115942,57698.0,0.5108695652173914
15915092,1,0.5,68687451936.0,0.8333333333333334
15915092,2,0.6,23778.0,0.9294117647058824
15915092,5,0.2857142857142857,30476.0,0.8571428571428571
15923815,2,1.0,206643.0,0.567032967032967
15923815,1,1.0,572696460.0,0.37637362637362637
15923815,5,0.710691823899371,30796.0,0.7857142857142857
15932190,5,0.25,28613.0,0.6296296296296297
15933922,1,0.5,22209.0,0.3590836441129462
15933922,2,0.5,68687451936.0,0.6418181818181818
15933922,3,0.5,0.0,0.6306784660766962
15933922,4,0.125,0.0,0.47123464770523593
15933922,5,0.0,40503.0,0.2915800415800416
15939406,1,0.5,68687451936.0,0.6385542168674698
15939406,5,0.5263157894736842,9435.0,0.5441176470588235
15939406,2,0.6666666666666666,25730.0,0.86
15948745,5,0.6111111111111112,26458.0,0.3181818181818182
15948745,4,0.7857142857142857,0.0,0.4074074074074074
15948745,2,0.7058823529411765,25998.0,0.731629392971246
15948745,3,1.0,0.0,0.39849624060150374
15948745,1,0.7692307692307693,35080.0,0.8192771084337349
15948745,6,0.8260869565217391,0.0,0.6484848484848484
15948745,7,0.7142857142857143,0.0,0.5217391304347826
15949852,2,0.48148148148148145,105151.0,0.6708860759493671
15949852,5,0.4782608695652174,45060.0,0.4318181818181818
15953765,1,0.5,33715.0,0.3590836441129462
15953765,2,0.5,68687451936.0,0.6418181818181818
15953765,3,0.0,0.0,0.6312684365781711
15953765,4,0.125,0.0,0.5533290239172592
15953765,5,0.2,41323.0,0.30579531442663377
15953765,6,0.0,0.0,0.42663378545006164
15953765,7,0.0,0.0,0.41864951768488745
15954421,5,0.32,47705.0,0.578494623655914
15956125,1,0.625,62238.0,0.837037037037037
15956125,3,0.5576208178438662,0.0,0.7709923664122137
15956125,6,0.4942528735632184,0.0,0.6243093922651933
15956125,7,0.359375,0.0,0.43103448275862066
15956125,4,0.4567307692307692,0.0,0.24770642201834864
15956125,2,0.5555555555555556,65867.0,0.39185393258426965
15956125,5,0.4782608695652174,267566.0,0.5733333333333334
15956793,6,0.8507462686567164,0.0,0.8275862068965517
15956793,7,0.5833333333333334,0.0,0.48333333333333334
15956793,4,0.6619718309859155,0.0,0.0
15956793,1,0.5263157894736842,39395.0,1.0
15956793,5,0.6256684491978609,767119748.0,0.5663157894736842
15956793,2,0.652542372881356,57502.0,0.85
15956793,3,0.6951219512195121,0.0,0.6097560975609756
15959033,1,0.5,19518.0,0.3590836441129462
15959033,2,0.5,68687451936.0,0.6418181818181818
15959033,3,0.5,0.0,0.6312684365781711
15959033,4,0.25,0.0,0.5533290239172592
15959033,5,0.2,34138.0,0.30579531442663377
15959033,6,0.0,0.0,0.43137254901960786
15959033,7,0.0,0.0,0.41864951768488745
15960740,5,0.5,68687451936.0,0.5018656716417911
15960740,1,0.5,68687451936.0,0.7485714285714286
15960812,6,0.6595744680851063,0.0,0.49740932642487046
15960812,5,0.6839080459770115,14196065832.0,0.5625
15960812,1,0.6521739130434783,59924.0,0.639751552795031
15960812,4,0.4745762711864407,0.0,0.9
15960812,2,0.601823708206687,47032.0,0.7217391304347827
15960812,3,0.5588235294117647,0.0,0.9041095890410958
15961123,3,0.5,0.0,0.1687315634218289
15961123,4,0.125,0.0,0.42857142857142855
15961123,7,0.6666666666666666,0.0,0.490032154340836
15961123,1,0.7391304347826086,33230.0,0.7485714285714286
15961123,6,1.0,0.0,0.7681159420289855
15961123,5,0.7531645569620253,18712.0,0.851063829787234
15961123,2,0.823394495412844,16140.0,0.6724137931034483
15963574,4,0.7095588235294118,0.0,0.8
15963574,1,0.866576819407008,22344.0,0.8382978723404255
15963574,2,0.7306176084099869,27574.0,0.7678571428571429
15963574,6,0.6673469387755102,0.0,0.40425531914893614
15963574,7,0.7125,0.0,0.9322033898305084
15963574,3,0.7757352941176471,0.0,0.8524590163934426
15963574,5,0.6612658227848102,34037.0,0.4666666666666667
15978400,2,0.6233766233766234,16640.0,0.666030534351145
15978400,5,0.5555555555555556,16067.0,0.44813278008298757
15984111,1,0.5,26736.0,0.3590836441129462
15984111,3,1.0,0.0,0.1687315634218289
15984111,4,0.5,0.0,0.5533290239172592
15984111,6,1.0,0.0,0.2726423902894491
15984111,7,0.6666666666666666,0.0,0.41864951768488745
15984111,2,0.7,33552.0,0.896
15984111,5,0.4,38237.0,0.8409090909090909
15985269,2,0.9090909090909091,44982.0,0.8673469387755102
15985269,5,0.625,20845.0,0.5225806451612903
15989396,1,0.5,22899.0,0.3590836441129462
15989396,2,0.5,68687451936.0,0.6418181818181818
15989396,3,1.0,0.0,0.1687315634218289
15989396,4,0.5,0.0,0.5533290239172592
15989396,6,0.3333333333333333,0.0,0.6451914098972923
15989396,7,0.6666666666666666,0.0,0.6019292604501608
15989396,5,0.7142857142857143,97275.0,0.5558510638297872
16001159,2,0.625,67808.0,0.7391304347826086
16001159,5,0.6041666666666666,21036.0,0.75
16002528,1,0.5,31073.0,0.3590836441129462
16002528,3,0.5,0.0,0.1687315634218289
16002528,4,0.5,0.0,0.42857142857142855
16002528,6,0.6666666666666666,0.0,0.828395061728395
16002528,7,0.3333333333333333,0.0,0.490032154340836
16002528,2,0.8461538461538461,24286.0,0.7350993377483444
16002528,5,0.7777777777777778,22487.0,0.7058823529411765
16005177,5,0.75,52710.0,0.5581395348837209
16005177,2,0.8181818181818182,65433.0,0.8661417322834646
16005177,1,0.75,31786.0,0.788235294117647
16008464,1,0.6206896551724138,23662.0,0.3608490566037736
16012132,1,0.4,29134.0,0.7183098591549296
16012132,2,0.5833333333333334,36862.0,0.4787234042553192
16012132,5,0.3333333333333333,41392.0,0.2631578947368421
16012132,6,0.26666666666666666,0.0,0.8415492957746479
16014457,1,0.0,24294.0,0.3590836441129462
16014457,2,0.5,68687451936.0,0.6418181818181818
16014457,3,0.0,0.0,0.1687315634218289
16014457,4,0.125,0.0,0.42857142857142855
16014457,5,0.0,25689.0,0.30579531442663377
16014457,6,0.0,0.0,0.43137254901960786
16014457,7,0.0,0.0,0.27138263665594853
16027871,5,0.6666666666666666,11860.0,0.49295774647887325
16027871,2,0.6666666666666666,79228.0,0.6923076923076923
16030209,1,0.5,25744.0,0.3590836441129462
16030209,2,0.5,68687451936.0,0.6418181818181818
16030209,3,1.0,0.0,0.1687315634218289
16030209,4,0.2,0.0,0.24426534407935524
16039114,1,1.0,24501.0,0.3590836441129462
16039114,3,1.0,0.0,0.1687315634218289
16039114,4,0.125,0.0,0.42857142857142855
16039114,6,0.3333333333333333,0.0,0.6451914098972923
16039114,7,0.6666666666666666,0.0,0.41864951768488745
16039114,5,0.5934065934065934,28684.0,0.8636363636363636
16039114,2,0.6987951807228916,41433.0,0.7239669421487603
16042802,1,0.5,68687451936.0,0.797979797979798
16042802,5,0.16666666666666666,145280.0,0.7333333333333333
16042802,2,0.5454545454545454,39311.0,0.8082089552238806
16043722,5,0.14285714285714285,40650.0,0.5409836065573771
16043722,2,0.46153846153846156,18483.0,0.83
16048104,5,0.3333333333333333,23476.0,0.7662337662337663
16048104,2,0.5555555555555556,23948.0,0.8349514563106796
16065258,1,0.6071428571428571,38092.0,0.6928571428571428
16065258,3,0.8823529411764706,0.0,0.5344827586206896
16065258,6,0.782608695652174,0.0,0.4721311475409836
16065258,4,0.8,0.0,0.75
16065258,7,0.5,0.0,0.7352941176470589
16065258,2,0.6702127659574468,28319.0,0.5619834710743802
16065258,5,0.6170500676589986,21008.0,0.6701030927835051
16068731,2,0.5882352941176471,1503214.0,0.3339130434782609
16068731,5,0.45454545454545453,260080.0,0.5957446808510638
16069074,1,0.0,27610.0,0.3590836441129462
16069074,3,0.0,0.0,0.6306784660766962
16069074,4,0.5,0.0,0.5533290239172592
16069074,5,0.2,11918.0,0.30579531442663377
16069074,6,0.0,0.0,0.2726423902894491
16069074,7,0.0,0.0,0.490032154340836
16069074,2,0.5,15737.0,0.7589743589743589
16076450,1,0.5652173913043478,30565.0,0.8032786885245902
16076450,2,0.5384615384615384,26873.0,0.63
16076450,5,0.5,23770.0,0.5137931034482759
16083131,1,1.0,23032.0,0.9423076923076923
16083131,5,0.5,23341.0,0.48148148148148145
16083131,2,0.4444444444444444,39025.0,0.84251968503937
16085174,2,0.5,68687451936.0,0.7333333333333333
16085174,1,0.5,68687451936.0,0.9423076923076923
16085174,5,0.5714285714285714,57304.0,0.43661971830985913
16093453,1,0.5,68687451936.0,0.9148936170212766
16093453,5,0.2857142857142857,23977.0,0.4690265486725664
16093453,2,0.8888888888888888,23077.0,0.8068181818181818
16097978,2,0.3,40348.0,0.8048780487804879
16100525,1,0.5,27578.0,0.3590836441129462
16100525,2,0.5,68687451936.0,0.6418181818181818
16100525,3,0.5,0.0,0.6306784660766962
16100525,4,0.4,0.0,0.23000619962802232
16107550,5,0.5172413793103449,52741.0,0.5757575757575758
16107550,2,0.6956521739130435,54539.0,0.532258064516129
16119667,2,0.5,14218394173.0,0.39185393258426965
16119667,5,0.5476190476190477,54688.0,0.7225950782997763
16121789,2,0.5,68687451936.0,0.8349514563106796
16121789,5,0.375,28794.0,0.7463768115942029
16122193,5,0.5,38540.0,0.6934865900383141
16129837,1,0.5,68687451936.0,0.8672985781990521
16129837,5,0.2,15776.0,0.8421052631578947
16129837,2,0.36363636363636365,30006.0,0.8426966292134831
16130488,1,0.5,68687451936.0,0.8412698412698413
16130488,2,0.6666666666666666,96722.0,0.6549295774647887
16130488,5,0.36363636363636365,37296.0,0.7272727272727273
16130777,2,0.5,68687451936.0,0.6418181818181818
16130777,6,1.0,0.0,0.6185185185185185
16130777,7,0.3333333333333333,0.0,0.490032154340836
16130777,3,0.8235294117647058,0.0,0.8773584905660378
16130777,1,0.6428571428571429,48308.0,0.4594594594594595
16130777,5,0.8,31570.0,0.3495575221238938
16130777,4,0.5294117647058824,0.0,0.48
16154188,1,1.0,30440.0,0.3590836441129462
16154188,3,0.5,0.0,0.6312684365781711
16154188,4,0.375,0.0,0.42857142857142855
16154188,6,1.0,0.0,0.4580246913580247
16154188,7,1.0,0.0,0.41864951768488745
16154188,5,0.4117647058823529,23893467897.0,0.5740740740740741
16154188,2,0.64,1202395564.0,0.6933333333333334
16154373,1,0.5,24788.0,0.3590836441129462
16154373,2,0.5,68687451936.0,0.6418181818181818
16154373,3,1.0,0.0,0.1687315634218289
16154373,4,0.5,0.0,0.5533290239172592
16154373,5,0.2,20328.0,0.30579531442663377
16154373,6,0.6666666666666666,0.0,0.828395061728395
16154373,7,0.3333333333333333,0.0,0.41864951768488745
16156684,5,0.4785276073619632,10340.0,0.7938931297709924
16156684,2,0.7094594594594594,26379.0,0.75
16159973,1,0.671875,30575.0,0.896551724137931
16159973,7,0.3333333333333333,0.0,0.6283185840707964
16159973,6,0.43884892086330934,0.0,0.7782608695652173
16159973,4,0.39759036144578314,0.0,0.6
16159973,2,0.6975524475524476,26117.0,0.5925925925925926
16159973,5,0.5092783505154639,57490.0,0.49019607843137253
16159973,3,0.547486033519553,0.0,0.9285714285714286
16165907,1,0.5806451612903226,35631.0,0.5608108108108109
16165907,2,0.5,68687451936.0,0.6418181818181818
16167310,5,0.6,33554.0,0.7289719626168224
16167310,2,0.4,54470.0,0.8533333333333334
16175523,1,0.5,36817.0,0.3590836441129462
16175523,2,0.5,68687451936.0,0.6418181818181818
16175523,3,0.0,0.0,0.6312684365781711
16175523,4,0.125,0.0,0.47123464770523593
16175523,5,0.2,96872.0,0.30579531442663377
16175523,6,0.6666666666666666,0.0,0.6185185185185185
16175523,7,0.6666666666666666,0.0,0.27138263665594853
16181535,4,0.6564885496183206,0.0,0.6190476190476191
16181535,6,0.6551724137931034,0.0,0.3687150837988827
16181535,7,0.7285223367697594,0.0,0.6344086021505376
16181535,3,0.6889952153110048,0.0,0.4117647058823529
16181535,2,0.79,272005116.0,0.5875
16181535,1,0.813953488372093,205556.0,0.9444444444444444
16181535,5,0.6504854368932039,786471747.0,0.5833333333333334
16182017,1,1.0,24959.0,0.3590836441129462
16182017,3,0.5,0.0,0.6306784660766962
16182017,4,1.0,0.0,0.42857142857142855
16182017,6,1.0,0.0,0.6451914098972923
16182017,7,0.6666666666666666,0.0,0.27138263665594853
16182017,2,0.7710843373493976,62400.0,0.8837209302325582
16182017,5,0.7615894039735099,1102461808.0,0.4636363636363636
16189766,2,0.5,68687451936.0,0.6633663366336634
16189766,7,0.8181818181818182,0.0,0.7216494845360825
16189766,5,0.4444444444444444,878011852.0,0.6
16189766,6,0.5813953488372093,0.0,0.5
16190602,2,1.0,14750.0,0.3655913978494624
16190602,5,0.7692307692307693,157561.0,0.21153846153846154
16194806,1,1.0,21967.0,0.8131868131868132
16194806,5,0.5555555555555556,35604.0,0.8235294117647058
16194806,2,0.4782608695652174,33472.0,0.8082089552238806
16200459,4,0.75,0.0,0.8235294117647058
16200459,1,1.0,30839.0,0.9553571428571429
16200459,7,0.7647058823529411,0.0,0.6496350364963503
16200459,3,0.59375,0.0,0.8082191780821918
16200459,5,0.5753424657534246,17215.0,0.7962962962962963
16200459,6,0.6296296296296297,0.0,0.49740932642487046
16200459,2,0.8275862068965517,21600.0,0.567032967032967
16202138,1,0.5,68687451936.0,0.9423076923076923
16202138,5,0.7338129496402878,29984.0,0.9166666666666666
16202138,2,0.773972602739726,31404.0,0.6534653465346535
16207593,1,0.5,68687451936.0,0.8372093023255814
16207593,2,0.7777777777777778,27641.0,0.6190476190476191
16207593,5,0.6666666666666666,25416.0,0.48
16213191,7,0.631578947368421,0.0,0.5689655172413793
16213191,6,0.6551724137931034,0.0,0.2726423902894491
16213191,1,0.7441860465116279,45032.0,0.8466666666666667
16213191,5,0.6517119244391971,242204.0,0.8703703703703703
16213191,3,0.7153284671532847,0.0,0.9117647058823529
16213191,4,0.5875,0.0,0.7567567567567568
16213191,2,0.8064516129032258,105207.0,0.7745454545454545
16218333,1,0.5,22493.0,0.3590836441129462
16218333,3,0.0,0.0,0.6306784660766962
16218333,4,0.25,0.0,0.47123464770523593
16218333,5,0.0,6732.0,0.30579531442663377
16218333,6,1.0,0.0,0.47619047619047616
16218333,7,0.0,0.0,0.41864951768488745
16218333,2,1.0,1081659792.0,0.7916666666666666
16232080,5,0.45454545454545453,58582.0,0.9428571428571428
16235017,2,0.5,68687451936.0,0.50199203187251
16235017,5,0.2608695652173913,59959.0,0.3076923076923077
16235017,3,0.21428571428571427,0.0,0.7796610169491526
16235017,6,0.45161290322580644,0.0,0.5396825396825397
16240897,2,0.8,24480.0,0.7311827956989247
16240897,5,0.7058823529411765,25648.0,0.58
16253345,7,0.76,0.0,0.5961538461538461
16253345,1,0.6,15759.0,0.5608108108108109
16253345,2,0.45,32219.0,0.706140350877193
16253345,4,0.6428571428571429,0.0,0.8857142857142857
16253345,3,0.7142857142857143,0.0,0.27848101265822783
16253345,6,0.4430379746835443,0.0,0.5
16253345,5,0.49029126213592233,71713.0,0.5018656716417911
16256311,1,0.5,25097.0,0.3590836441129462
16256311,2,0.5,68687451936.0,0.6418181818181818
16256311,3,0.0,0.0,0.6312684365781711
16256311,4,0.25,0.0,0.5533290239172592
16256311,6,0.3333333333333333,0.0,0.828395061728395
16256311,7,0.3333333333333333,0.0,0.6019292604501608
16256311,5,0.3333333333333333,219917.0,0.7225950782997763
16257777,2,0.5,68687451936.0,0.5364583333333334
16257777,5,0.2631578947368421,80604.0,0.42408376963350786
16266444,1,0.8,70455.0,0.641399416909621
16266444,6,0.8666666666666667,0.0,0.6484848484848484
16266444,2,0.6923076923076923,89341.0,0.610223642172524
16266444,3,0.8571428571428571,0.0,0.391025641025641
16266444,5,0.6842105263157895,68919.0,0.6934865900383141
16283846,1,0.5,68687451936.0,0.6351351351351351
16283846,2,0.7777777777777778,26854.0,0.83
16283846,5,0.3333333333333333,34790.0,0.8299065420560747
16285421,2,0.6363636363636364,25276.0,0.3785310734463277
16285421,5,0.5294117647058824,221436.0,0.6206896551724138
16287839,1,0.5,24630.0,0.3590836441129462
16287839,2,0.5,68687451936.0,0.6418181818181818
16287839,3,1.0,0.0,0.1687315634218289
16287839,4,0.25,0.0,0.42857142857142855
16287839,6,0.0,0.0,0.43137254901960786
16287839,7,0.0,0.0,0.41864951768488745
16287839,5,0.3333333333333333,209721823.0,0.7976190476190477
16292657,1,0.5,25497.0,0.3590836441129462
16292657,2,0.5,68687451936.0,0.6418181818181818
16292657,3,0.5,0.0,0.6306784660766962
16292657,4,0.5,0.0,0.2764811490125673
16292657,5,0.5,23122.0,0.6320346320346321
16293655,1,0.5,28730.0,0.3590836441129462
16293655,2,0.5,68687451936.0,0.6418181818181818
16293655,3,0.5,0.0,0.6306784660766962
16293655,4,0.375,0.0,0.42857142857142855
16293655,6,0.3333333333333333,0.0,0.47619047619047616
16293655,7,1.0,0.0,0.41864951768488745
16293655,5,0.6666666666666666,30247.0,0.6651376146788991
16297080,1,1.0,25287.0,0.3590836441129462
16297080,3,0.5,0.0,0.6312684365781711
16297080,4,0.125,0.0,0.42857142857142855
16297080,6,0.6666666666666666,0.0,0.47619047619047616
16297080,7,0.6666666666666666,0.0,0.490032154340836
16297080,2,0.8,33250.0,0.7645985401459854
16297080,5,0.6666666666666666,30994.0,0.8074074074074075
16299631,1,0.5,23087.0,0.3590836441129462
16299631,2,0.5,68687451936.0,0.6418181818181818
16299631,3,1.0,0.0,0.1687315634218289
16299631,4,0.125,0.0,0.47123464770523593
16299631,5,0.2,40396.0,0.30579531442663377
16299631,6,0.6666666666666666,0.0,0.47619047619047616
16299631,7,0.0,0.0,0.41864951768488745
16301731,1,1.0,20683.0,0.3590836441129462
16301731,3,0.5,0.0,0.1687315634218289
16301731,4,0.5,0.0,0.5533290239172592
16301731,6,0.3333333333333333,0.0,0.47619047619047616
16301731,7,1.0,0.0,0.41864951768488745
16301731,5,0.68,28549.0,0.5555555555555556
16301731,2,0.7272727272727273,24961.0,0.8571428571428571
16307976,2,0.5,68687451936.0,0.4772727272727273
16307976,5,0.6578947368421053,66473.0,0.5957446808510638
16314590,3,0.0,0.0,0.6306784660766962
16314590,4,0.5,0.0,0.47123464770523593
16314590,7,0.3333333333333333,0.0,0.27138263665594853
16314590,6,0.6285714285714286,0.0,0.7464788732394366
16314590,5,0.631578947368421,63753.0,0.627906976744186
16314590,1,0.8228571428571428,34294.0,0.2727272727272727
16314590,2,0.7854785478547854,23267.0,0.7484848484848485
16314982,1,1.0,24439.0,0.3590836441129462
16314982,2,0.5,68687451936.0,0.6418181818181818
16314982,3,0.5,0.0,0.6312684365781711
16314982,4,0.125,0.0,0.42857142857142855
16314982,5,0.2,39565.0,0.30579531442663377
16314982,6,0.3333333333333333,0.0,0.2726423902894491
16314982,7,0.3333333333333333,0.0,0.27138263665594853
16316678,1,1.0,32149.0,0.3590836441129462
16316678,3,0.0,0.0,0.1687315634218289
16316678,4,0.25,0.0,0.47123464770523593
16316678,6,0.0,0.0,0.6451914098972923
16316678,7,0.3333333333333333,0.0,0.6019292604501608
16316678,2,0.6076923076923076,55769.0,0.6410256410256411
16316678,5,0.6127819548872181,32064.0,0.7966101694915254
16322227,5,0.5913978494623656,75605.0,0.5022222222222222
16322227,3,0.7853403141361257,0.0,0.3333333333333333
16322227,2,0.6973684210526315,38413.0,0.6649746192893401
16322227,4,0.7317073170731707,0.0,0.5217391304347826
16322227,1,0.8148148148148148,54884.0,0.7896440129449838
16322227,7,0.7088607594936709,0.0,0.6666666666666666
16322227,6,0.6901639344262295,0.0,0.64
16323365,2,0.8125,24076.0,0.7157894736842105
16323365,5,0.48148148148148145,41424.0,0.875
16324320,2,0.26666666666666666,53534.0,0.6088709677419355
16324320,5,0.6666666666666666,4638100410.0,0.7417218543046358
16324320,1,0.7619047619047619,68219.0,0.9241071428571429
16326027,7,0.5789473684210527,0.0,0.3
16326027,1,0.84375,18229.0,0.638095238095238
16326027,2,0.7692307692307693,452776.0,0.8214285714285714
16326027,4,0.6851851851851852,0.0,0.23000619962802232
16326027,3,0.6956521739130435,0.0,0.5723270440251572
16326027,6,0.5,0.0,0.8666666666666667
16326027,5,0.5704057279236276,62376.0,0.84
16330420,1,0.5,341353.0,0.3590836441129462
16330420,3,0.5,0.0,0.6306784660766962
16330420,4,0.375,0.0,0.47123464770523593
16330420,6,1.0,0.0,0.828395061728395
16330420,7,0.0,0.0,0.6019292604501608
16330420,5,0.68,19048.0,0.6
16330420,2,0.7333333333333333,24029.0,0.5253164556962026
16332966,1,0.4827586206896552,28269.0,0.3608490566037736
16337515,1,0.5,24663.0,0.3590836441129462
16337515,3,0.5,0.0,0.1687315634218289
16337515,4,0.375,0.0,0.42857142857142855
16337515,7,0.3333333333333333,0.0,0.41864951768488745
16337515,2,0.8,39516.0,0.7744360902255639
16337515,6,0.5454545454545454,0.0,0.759493670886076
16337515,5,0.6666666666666666,43477.0,0.5875576036866359
16346052,5,0.24,93959.0,0.5469387755102041
16346052,1,0.5,45413.0,0.8909090909090909
16346052,2,0.5357142857142857,24153.0,0.9222222222222223
16346052,3,0.21428571428571427,0.0,0.44936708860759494
16346052,4,0.23529411764705882,0.0,0.85
16346664,1,1.0,21792.0,0.3590836441129462
16346664,2,0.5,68687451936.0,0.6418181818181818
16346664,3,0.0,0.0,0.1687315634218289
16346664,4,0.2,0.0,0.23000619962802232
16376325,2,0.0,222454.0,0.7866666666666666
16376325,1,0.5,26966.0,0.782608695652174
16376325,5,0.640625,31201.0,1.0
16386342,2,0.4666666666666667,18426.0,0.8649921507064364
16387797,1,0.5,68687451936.0,0.9423076923076923
16387797,2,0.6285714285714286,22523.0,0.6877470355731226
16387797,5,0.43243243243243246,11692.0,0.7361809045226131
16395421,1,1.0,23995.0,0.3590836441129462
16395421,2,0.5,68687451936.0,0.6418181818181818
16395421,3,0.5,0.0,0.6306784660766962
16395421,4,0.25,0.0,0.5533290239172592
16395421,5,0.2,41504.0,0.30579531442663377
16395421,6,1.0,0.0,0.47619047619047616
16395421,7,0.3333333333333333,0.0,0.6019292604501608
16409423,1,0.5,29187.0,0.3590836441129462
16409423,2,0.5,68687451936.0,0.6418181818181818
16409423,3,0.5,0.0,0.1687315634218289
16409423,4,0.25,0.0,0.47123464770523593
16409423,5,0.6,16466.0,0.30579531442663377
16409423,6,0.0,0.0,0.2726423902894491
16409423,7,0.0,0.0,0.41864951768488745
16416427,1,0.7894736842105263,49757.0,0.9056603773584906
16416427,2,0.875,31094.0,0.7876712328767124
16416427,3,1.0,0.0,0.8926553672316384
16416427,6,0.8059701492537313,0.0,0.8608695652173913
16416427,4,0.8260869565217391,0.0,0.9811320754716981
16416427,5,0.625,16789.0,0.44656488549618323
16419099,1,0.5,26833.0,0.3590836441129462
16419099,2,0.5,68687451936.0,0.6418181818181818
16419099,3,0.5,0.0,0.6306784660766962
16419099,4,0.375,0.0,0.5533290239172592
16419099,5,0.2,27110.0,0.30579531442663377
16419099,6,0.6666666666666666,0.0,0.2726423902894491
16419099,7,0.0,0.0,0.6019292604501608
16431146,2,0.7352941176470589,20703.0,0.7288135593220338
16431146,5,0.56,254165479.0,0.6944444444444444
16437886,1,0.5,68687451936.0,0.4031620553359684
16437886,5,0.4444444444444444,12382.0,0.5344827586206896
16443338,6,0.5714285714285714,0.0,0.7703703703703704
16443338,4,0.23529411764705882,0.0,0.7286821705426356
16443338,7,0.3695652173913043,0.0,0.6206896551724138
16443338,3,0.4,0.0,0.7096774193548387
16443338,1,0.7619047619047619,713464541.0,0.9552238805970149
16443338,2,0.4426229508196721,40582553.0,0.693069306930693
16443338,5,0.5588235294117647,49044.0,0.6394849785407726
16449183,2,0.5,68687451936.0,0.8421052631578947
16449183,1,0.9230769230769231,51488.0,0.634703196347032
16449183,5,0.5217391304347826,65719.0,0.8448275862068966
16449183,6,0.42857142857142855,0.0,0.8608695652173913
16452690,1,1.0,4966.0,0.3590836441129462
16452690,2,0.5,68687451936.0,0.6418181818181818
16452690,3,0.0,0.0,0.6306784660766962
16452690,4,0.125,0.0,0.42857142857142855
16452690,6,1.0,0.0,0.43137254901960786
16452690,7,0.0,0.0,0.41864951768488745
16452690,5,0.5,281348.0,0.7575757575757576
16461833,1,0.5,68687451936.0,0.7184466019417476
16461833,5,0.783068783068783,32115.0,0.7948717948717948
16461833,2,0.8134328358208955,26661.0,0.5851063829787234
16462422,2,0.5,68687451936.0,0.75
16462422,5,0.35294117647058826,1449584519.0,0.6373626373626373
16463460,1,0.8333333333333334,49165.0,0.4594594594594595
16463460,3,0.5,0.0,0.7045454545454546
16463460,5,0.6600790513833992,49602.0,0.27692307692307694
16463460,2,0.7660818713450293,41121.0,0.6032608695652174
16467140,3,0.5,0.0,0.6306784660766962
16467140,4,0.125,0.0,0.47123464770523593
16467140,6,0.3333333333333333,0.0,0.4067796610169492
16467140,7,0.6666666666666666,0.0,0.27138263665594853
16467140,5,0.55,18562.0,0.5
16467140,1,0.8108108108108109,40961.0,0.788235294117647
16467140,2,0.75,21781.0,0.6666666666666666
16478702,1,0.5,31257.0,0.3590836441129462
16478702,2,0.5,68687451936.0,0.6418181818181818
16478702,3,0.0,0.0,0.1687315634218289
16478702,4,0.25,0.0,0.5533290239172592
16478702,5,0.4,37727.0,0.30579531442663377
16478702,6,0.3333333333333333,0.0,0.2726423902894491
16478702,7,0.3333333333333333,0.0,0.6019292604501608
16480441,2,0.9,18776.0,0.7436708860759493
16480441,5,0.5185185185185185,34980.0,0.2608695652173913
16483348,1,0.5,68687451936.0,0.8
16483348,2,0.5,68687451936.0,0.6812933025404158
16483348,5,0.4375,57440.0,0.8059701492537313
16486001,1,0.5,23999.0,0.3590836441129462
16486001,2,0.5,68687451936.0,0.6418181818181818
16486001,3,0.5,0.0,0.1687315634218289
16486001,4,0.125,0.0,0.5533290239172592
16486001,5,0.2,36551.0,0.30579531442663377
16486001,6,1.0,0.0,0.47619047619047616
16486001,7,0.6666666666666666,0.0,0.41864951768488745
16486214,1,1.0,23600.0,0.3590836441129462
16486214,2,0.5,68687451936.0,0.6418181818181818
16486214,3,0.5,0.0,0.6306784660766962
16486214,4,0.375,0.0,0.47123464770523593
16486214,5,0.2,38598.0,0.30579531442663377
16486214,6,0.3333333333333333,0.0,0.43137254901960786
16486214,7,0.3333333333333333,0.0,0.490032154340836
16492359,1,1.0,31498.0,0.3590836441129462
16492359,2,0.5,68687451936.0,0.6418181818181818
16492359,3,0.5,0.0,0.1687315634218289
16492359,4,0.625,0.0,0.42857142857142855
16492359,6,0.6666666666666666,0.0,0.47619047619047616
16492359,7,0.3333333333333333,0.0,0.6019292604501608
16492359,5,0.6,27009.0,0.75
16493190,1,1.0,68624.0,0.37637362637362637
16493190,2,0.5,35128.0,0.6385542168674698
16493190,5,0.5,45840.0,0.5753012048192772
16497780,5,0.4444444444444444,15823.0,0.8514851485148515
16499015,5,0.5625,52266.0,0.6551724137931034
16509994,1,0.5,26804.0,0.3590836441129462
16509994,2,0.5,68687451936.0,0.6418181818181818
16509994,3,0.5,0.0,0.6312684365781711
16509994,4,0.375,0.0,0.5533290239172592
16509994,6,0.6666666666666666,0.0,0.4580246913580247
16509994,7,0.6666666666666666,0.0,0.490032154340836
16509994,5,0.48148148148148145,26645.0,0.7142857142857143
16514597,2,0.5,95587.0,0.5763888888888888
16514597,1,0.6666666666666666,29741.0,0.8909090909090909
16514597,5,0.3888888888888889,59110.0,0.6428571428571429
16530374,1,1.0,26222.0,0.3590836441129462
16530374,2,0.5,68687451936.0,0.6418181818181818
16530374,3,1.0,0.0,0.6312684365781711
16530374,4,0.375,0.0,0.42857142857142855
16530374,6,0.6666666666666666,0.0,0.42663378545006164
16530374,7,0.3333333333333333,0.0,0.41864951768488745
16530374,5,0.6666666666666666,17335.0,0.6808510638297872
16531965,1,0.5,22363.0,0.3590836441129462
16531965,2,0.5,68687451936.0,0.6418181818181818
16531965,3,0.5,0.0,0.6306784660766962
16531965,4,0.375,0.0,0.5533290239172592
16531965,5,0.6,78724.0,0.30579531442663377
16531965,6,0.3333333333333333,0.0,0.4580246913580247
16531965,7,0.3333333333333333,0.0,0.27138263665594853
16532336,1,0.5,68687451936.0,0.759581881533101
16532336,5,0.3888888888888889,144864.0,0.6017699115044248
16536135,1,1.0,24804.0,0.3590836441129462
16536135,2,0.5,68687451936.0,0.6418181818181818
16536135,3,0.5,0.0,0.6306784660766962
16536135,4,0.25,0.0,0.5533290239172592
16536135,5,0.6,28970.0,0.30579531442663377
16536135,6,1.0,0.0,0.4580246913580247
16536135,7,0.3333333333333333,0.0,0.27138263665594853
16537938,7,0.8121212121212121,0.0,0.5
16537938,4,0.7861915367483296,0.0,0.8936170212765957
16537938,6,0.7337662337662337,0.0,0.6528497409326425
16537938,1,0.8366013071895425,43096.0,0.4473684210526316
16537938,3,0.780327868852459,0.0,0.6190476190476191
16537938,2,0.7111111111111111,27010.0,0.6956521739130435
16537938,5,0.6726932668329177,25976.0,0.37435897435897436
16539785,1,0.0,117618.0,0.9423076923076923
16539785,5,0.6666666666666666,50697.0,0.6231884057971014
16539785,2,0.5,35819.0,0.9060402684563759
16554713,5,0.7058823529411765,37667.0,0.45634266886326197
16554713,2,0.6,49517.0,0.6549295774647887
16556408,2,0.7526881720430108,24949.0,0.7676767676767676
16556408,5,0.675,41952.0,0.5454545454545454
16558840,5,0.3333333333333333,34134.0,0.6037735849056604
16558840,2,0.2727272727272727,119339.0,0.631578947368421
16567921,2,0.5,68687451936.0,0.6418181818181818
16567921,3,0.5,0.0,0.6306784660766962
16567921,4,0.25,0.0,0.47123464770523593
16567921,6,0.3333333333333333,0.0,0.2726423902894491
16567921,7,0.3333333333333333,0.0,0.490032154340836
16567921,1,0.7142857142857143,14745.0,0.9555555555555556
16567921,5,0.5142857142857142,16974.0,0.8575129533678757
16569089,2,0.696969696969697,24042.0,0.6501901140684411
16569089,5,0.6556016597510373,112578.0,0.656084656084656
16571628,1,0.5,29942.0,0.3590836441129462
16571628,2,0.5,68687451936.0,0.6418181818181818
16571628,3,1.0,0.0,0.1687315634218289
16571628,4,0.5,0.0,0.5533290239172592
16571628,5,0.4,39467.0,0.30579531442663377
16571628,6,0.6666666666666666,0.0,0.828395061728395
16571628,7,0.6666666666666666,0.0,0.27138263665594853
16582417,5,0.3333333333333333,109769.0,0.5625
16586857,1,0.6470588235294118,48363.0,0.697508896797153
16586857,2,0.5423728813559322,30392.0,0.610236220472441
16586857,5,0.6150943396226415,38227.0,0.7638888888888888
16587726,1,1.0,26212.0,0.3590836441129462
16587726,2,0.5,68687451936.0,0.6418181818181818
16587726,3,0.5,0.0,0.6312684365781711
16587726,4,0.375,0.0,0.5533290239172592
16587726,5,0.2,30124.0,0.30579531442663377
16587726,6,0.6666666666666666,0.0,0.828395061728395
16587726,7,0.6666666666666666,0.0,0.490032154340836
16588593,6,0.7142857142857143,0.0,0.6065573770491803
16588593,5,0.7866666666666666,23048.0,0.3055555555555556
16588593,2,0.5,68687451936.0,0.5684647302904564
16590141,5,0.6666666666666666,20699.0,0.718562874251497
16590885,1,1.0,28292.0,0.3590836441129462
16590885,7,0.5,0.0,0.8857142857142857
16590885,6,0.7333333333333333,0.0,0.7157894736842105
16590885,4,0.7169811320754716,0.0,0.7843137254901961
16590885,2,0.7920792079207921,96195.0,0.7129629629629629
16590885,5,0.6564102564102564,74969.0,0.2636363636363636
16590885,3,0.7818181818181819,0.0,0.2463768115942029
16598233,1,1.0,21912.0,0.3590836441129462
16598233,2,0.5,68687451936.0,0.6418181818181818
16598233,3,0.5,0.0,0.6306784660766962
16598233,4,0.125,0.0,0.42857142857142855
16598233,6,0.0,0.0,0.47619047619047616
16598233,7,0.6666666666666666,0.0,0.27138263665594853
16598233,5,0.6408839779005525,13206.0,0.6122448979591837
16601943,1,0.5,26475.0,0.3590836441129462
16601943,2,0.5,68687451936.0,0.6418181818181818
16601943,3,0.5,0.0,0.6312684365781711
16601943,4,0.25,0.0,0.5533290239172592
16601943,5,0.2,12062.0,0.30579531442663377
16601943,6,0.3333333333333333,0.0,0.6451914098972923
16601943,7,0.6666666666666666,0.0,0.490032154340836
16610779,5,0.8148148148148148,70788.0,0.7346938775510204
16610779,2,0.7586206896551724,58956.0,0.8649921507064364
16614050,2,0.7974683544303798,23489.0,0.7430167597765364
16614050,5,0.5887850467289719,36064.0,0.6076923076923076
16616604,7,0.7272727272727273,0.0,0.5833333333333334
16616604,2,0.7142857142857143,28791.0,0.7107750472589792
16616604,3,0.639751552795031,0.0,0.7956989247311828
16616604,4,0.6712328767123288,0.0,0.49206349206349204
16616604,6,0.45698924731182794,0.0,0.7348066298342542
16616604,1,0.6384615384615384,30278.0,0.5773195876288659
16616604,5,0.4899845916795069,30741.0,0.6506024096385542
16624907,1,0.5,32136.0,0.3590836441129462
16624907,3,0.0,0.0,0.6306784660766962
16624907,4,0.5,0.0,0.47123464770523593
16624907,6,0.0,0.0,0.828395061728395
16624907,7,0.0,0.0,0.6019292604501608
16624907,2,0.7,30438.0,0.5607814761215629
16624907,5,0.7215686274509804,23364.0,0.537117903930131
16631667,2,0.9019607843137255,20928.0,0.7517241379310344
16631667,3,0.8611111111111112,0.0,0.8765432098765432
16631667,4,0.6902654867256637,0.0,0.6888888888888889
16631667,1,0.7761194029850746,211623698.0,0.8109452736318408
16631667,6,0.7037037037037037,0.0,0.5275590551181102
16631667,5,0.6060606060606061,20848.0,0.4945054945054945
16631667,7,0.25,0.0,0.5224719101123596
16636942,3,0.792,0.0,0.7906976744186046
16636942,4,0.6635514018691588,0.0,0.9838709677419355
16636942,1,0.7875,29694.0,0.638095238095238
16636942,2,0.6962616822429907,21212.0,0.5827586206896552
16636942,7,0.75,0.0,0.45
16636942,6,0.6956521739130435,0.0,0.6517241379310345
16636942,5,0.6894273127753304,27127.0,0.5209302325581395
16646267,1,0.4,30448.0,0.6981818181818182
16646267,5,0.5,42302.0,0.625
16646997,1,0.5,68687451936.0,0.9714285714285714
16646997,5,0.2,63031.0,0.6714285714285714
16646997,2,0.38461538461538464,54018.0,0.9464285714285714
16663072,1,0.8275862068965517,34999.0,0.8333333333333334
16663072,2,0.7142857142857143,28036.0,0.7966101694915254
16663072,3,0.5978260869565217,0.0,0.5882352941176471
16663072,4,0.5652173913043478,0.0,0.7931034482758621
16663072,5,0.42857142857142855,38930.0,0.6546489563567363
16668596,1,1.0,21765.0,0.3590836441129462
16668596,2,0.5,68687451936.0,0.6418181818181818
16668596,3,1.0,0.0,0.1687315634218289
16668596,4,0.5,0.0,0.47123464770523593
16668596,5,0.4,19202.0,0.30579531442663377
16668596,6,0.3333333333333333,0.0,0.43137254901960786
16668596,7,0.6666666666666666,0.0,0.490032154340836
16672500,5,0.4,13480.0,0.5
16672500,2,0.9,25210.0,0.7684729064039408
16672500,1,0.8888888888888888,46584.0,0.4951923076923077
16672500,6,0.3333333333333333,0.0,0.7383512544802867
16675896,3,0.45454545454545453,0.0,0.8870056497175142
16675896,4,0.0,0.0,0.2764811490125673
16675896,1,0.7948717948717948,67406694.0,0.975
16675896,2,0.7272727272727273,36102.0,0.7264150943396226
16675896,6,0.6105263157894737,0.0,0.2726423902894491
16675896,5,0.7236842105263158,57048.0,0.7518796992481203
16677093,1,0.5,68687451936.0,0.9423076923076923
16677093,2,0.7272727272727273,42102.0,0.58
16677093,5,0.6521739130434783,18954.0,0.7346938775510204
16680791,7,0.5,0.0,0.5581395348837209
16680791,1,0.8125,94448.0,0.7
16680791,2,0.5652173913043478,41814.0,0.7894736842105263
16680791,3,0.6363636363636364,0.0,0.896551724137931
16680791,5,0.625,71029.0,0.7804878048780488
16688865,2,0.6666666666666666,28029.0,0.528
16688865,5,0.4777777777777778,39304.0,0.66
16697832,5,0.75,50026.0,0.726775956284153
16708627,1,0.5,68687451936.0,0.9423076923076923
16708627,2,0.3333333333333333,41585.0,0.9545454545454546
16708627,5,0.21212121212121213,35999.0,0.7942386831275721
16709244,1,0.5,26584.0,0.3590836441129462
16709244,2,0.5,68687451936.0,0.6418181818181818
16709244,3,0.0,0.0,0.6306784660766962
16709244,4,0.25,0.0,0.5533290239172592
16709244,5,0.2,23323.0,0.30579531442663377
16709244,6,0.0,0.0,0.2726423902894491
16709244,7,0.0,0.0,0.41864951768488745
16710987,2,1.0,20993.0,0.6777493606138107
16710987,5,0.5576923076923077,54437.0,0.4854368932038835
16715137,6,0.6582278481012658,0.0,0.88
16715137,2,0.49586776859504134,116040.0,0.559228650137741
16715137,3,0.640625,0.0,0.3493975903614458
16715137,7,0.5083798882681564,0.0,0.594059405940594
16715137,1,0.5833333333333334,41671.0,0.6071428571428571
16715137,4,0.6326530612244898,0.0,0.6118143459915611
16715137,5,0.41422594142259417,1327368.0,0.2032520325203252
16715594,2,0.5,68687451936.0,0.6569767441860465
16715594,5,0.7368421052631579,12928.0,0.5201305767138193
16726563,1,0.5,24525.0,0.3590836441129462
16726563,3,0.5,0.0,0.6306784660766962
16726563,4,0.125,0.0,0.5533290239172592
16726563,6,1.0,0.0,0.4580246913580247
16726563,7,0.3333333333333333,0.0,0.6019292604501608
16726563,2,0.735632183908046,22485.0,0.6933333333333334
16726563,5,0.5675675675675675,99242.0,0.7682926829268293
16728960,7,0.5555555555555556,0.0,0.8924050632911392
16728960,1,0.6528497409326425,28934.0,0.6071428571428571
16728960,2,0.7204301075268817,23574.0,0.7645631067961165
16728960,3,0.6040268456375839,0.0,0.32407407407407407
16728960,4,0.48314606741573035,0.0,0.5217391304347826
16728960,5,0.489010989010989,1339698.0,0.7428571428571429
16728960,6,0.5242718446601942,0.0,0.7412280701754386
16731639,5,0.2857142857142857,20179.0,0.7728706624605678
16731639,2,0.6571428571428571,25907.0,0.9652173913043478
16731856,1,1.0,26595.0,0.3590836441129462
16731856,2,0.5,68687451936.0,0.6418181818181818
16731856,3,1.0,0.0,0.1687315634218289
16731856,4,0.375,0.0,0.5533290239172592
16731856,5,0.2,46380.0,0.30579531442663377
16731856,6,0.6666666666666666,0.0,0.43137254901960786
16731856,7,0.6666666666666666,0.0,0.27138263665594853
16731888,1,0.0,24573.0,0.3590836441129462
16731888,3,1.0,0.0,0.1687315634218289
16731888,4,0.375,0.0,0.47123464770523593
16731888,5,0.2,24778.0,0.2920137187653111
16731888,6,0.0,0.0,0.47619047619047616
16731888,7,0.0,0.0,0.41864951768488745
16731888,2,0.8,29267.0,0.6777493606138107
16733898,1,0.5,25921.0,0.3590836441129462
16733898,2,0.5,68687451936.0,0.6418181818181818
16733898,3,0.5,0.0,0.6312684365781711
16733898,4,0.25,0.0,0.42857142857142855
16733898,5,0.4,24094.0,0.30579531442663377
16733898,6,1.0,0.0,0.6185185185185185
16733898,7,0.0,0.0,0.490032154340836
16734416,5,0.6944444444444444,184628.0,0.7070707070707071
16734416,2,0.6923076923076923,137340.0,0.7129337539432177
16749302,4,0.8857142857142857,0.0,0.9322916666666666
16749302,3,0.8044692737430168,0.0,0.6351351351351351
16749302,7,0.8052884615384616,0.0,0.7272727272727273
16749302,6,0.6782178217821783,0.0,0.8670886075949367
16749302,5,0.674744211093161,15973.0,0.8
16749302,1,0.832258064516129,354418.0,0.8867924528301887
16749302,2,0.8081180811808119,28202.0,0.6030534351145038
16749431,1,1.0,66171.0,0.5773195876288659
16749431,5,0.5,35579.0,0.4696707105719237
16749431,2,0.5555555555555556,25227.0,0.7903225806451613
16751857,5,0.6666666666666666,29898.0,0.2920137187653111
16751857,2,0.9,29936.0,0.6746031746031746
16753469,2,0.5,68687451936.0,0.6926406926406926
16753469,7,0.25,0.0,0.8809523809523809
16753469,1,0.98,48968.0,0.8382978723404255
16753469,5,0.8571428571428571,45472.0,0.5632911392405063
16772977,2,0.896551724137931,23435.0,0.55
16772977,5,0.391304347826087,20403.0,0.7735849056603774
16776485,2,0.8421052631578947,19853.0,0.8082089552238806
16776485,5,0.7052023121387283,26916.0,0.58
16782657,6,0.782608695652174,0.0,0.6606334841628959
16782657,4,0.7241379310344828,0.0,0.6933333333333334
16782657,2,0.7662337662337663,55926.0,0.759075907590759
16782657,3,0.7857142857142857,0.0,0.8333333333333334
16782657,1,0.7959183673469388,52333.0,0.41697416974169743
16782657,5,0.6699507389162561,17384.0,0.6363636363636364
16787503,5,0.5769230769230769,36078.0,0.7477477477477478
16787503,2,0.7903225806451613,31334.0,0.50199203187251
16791997,1,0.0,26130.0,0.3590836441129462
16791997,2,0.5,68687451936.0,0.6418181818181818
16791997,3,0.5,0.0,0.1687315634218289
16791997,4,0.25,0.0,0.47123464770523593
16791997,5,0.0,2728.0,0.30579531442663377
16791997,6,0.3333333333333333,0.0,0.47619047619047616
16791997,7,0.0,0.0,0.6019292604501608
16796201,1,0.6896551724137931,30581.0,0.3608490566037736
16797177,1,0.8,26426.0,0.3590836441129462
16797177,3,0.5,0.0,0.6306784660766962
16797177,2,1.0,27796118986.0,0.6926406926406926
16797177,5,0.0,21969.0,0.6320346320346321
16799842,1,0.0,87429.0,0.5773195876288659
16799842,2,0.5263157894736842,33344.0,0.6666666666666666
16799842,5,0.5,27174.0,0.6904761904761905
16808145,1,0.5,27053.0,0.3590836441129462
16808145,2,0.5,68687451936.0,0.6418181818181818
16808145,3,0.0,0.0,0.6312684365781711
16808145,4,0.125,0.0,0.42857142857142855
16808145,5,0.2,12484.0,0.30579531442663377
16808145,6,0.3333333333333333,0.0,0.2726423902894491
16808145,7,0.3333333333333333,0.0,0.490032154340836
16808206,1,0.5,23171.0,0.3590836441129462
16808206,2,0.5,68687451936.0,0.6418181818181818
16808206,3,1.0,0.0,0.1687315634218289
16808206,4,0.125,0.0,0.42857142857142855
16808206,5,0.4,29157.0,0.30579531442663377
16808206,6,1.0,0.0,0.6451914098972923
16808206,7,1.0,0.0,0.27138263665594853
16811522,1,0.5,21090.0,0.3590836441129462
16811522,2,0.5,68687451936.0,0.6418181818181818
16811522,3,0.0,0.0,0.6306784660766962
16811522,4,0.125,0.0,0.42857142857142855
16811522,5,0.2,27547.0,0.30579531442663377
16811522,6,0.0,0.0,0.6451914098972923
16811522,7,0.0,0.0,0.41864951768488745
16824062,5,0.5454545454545454,36039.0,0.7272727272727273
16824845,1,1.0,24355.0,0.3590836441129462
16824845,2,0.5,68687451936.0,0.6418181818181818
16824845,3,0.5,0.0,0.6306784660766962
16824845,4,0.125,0.0,0.5533290239172592
16824845,6,1.0,0.0,0.42663378545006164
16824845,7,0.0,0.0,0.6019292604501608
16824845,5,0.4666666666666667,79694.0,0.7419354838709677
16833828,1,0.5,68687451936.0,0.639751552795031
16833828,2,0.6842105263157895,29947.0,0.8774617067833698
16833828,5,0.3939393939393939,25715.0,0.4225352112676056
16838215,2,0.5,19801.0,0.8014705882352942
16838215,1,0.7777777777777778,80852.0,0.684971098265896
16838215,6,0.6666666666666666,0.0,0.6282722513089005
16838215,5,0.75,540127848.0,0.8059701492537313
16841077,2,1.0,52797.0,0.6777493606138107
16841077,5,0.1,18868.0,0.5
16845016,2,0.5,68687451936.0,0.5939086294416244
16845016,5,0.5,9801.0,0.2896865520728008
16849365,1,0.0,29707.0,0.3590836441129462
16849365,2,0.5,68687451936.0,0.6418181818181818
16849365,3,0.5,0.0,0.6306784660766962
16849365,4,0.5,0.0,0.47123464770523593
16849365,5,0.0,31033.0,0.30579531442663377
16849365,6,1.0,0.0,0.4580246913580247
16849365,7,0.6666666666666666,0.0,0.27138263665594853
16850898,1,1.0,32331.0,0.3590836441129462
16850898,2,0.5,68687451936.0,0.6418181818181818
16850898,3,1.0,0.0,0.1687315634218289
16850898,4,0.5,0.0,0.5533290239172592
16850898,5,0.2,45088.0,0.30579531442663377
16850898,6,0.3333333333333333,0.0,0.6451914098972923
16850898,7,0.6666666666666666,0.0,0.41864951768488745
16853193,5,0.36363636363636365,22670.0,0.6060606060606061
16858534,1,1.0,25211.0,0.3590836441129462
16858534,2,0.5,68687451936.0,0.6418181818181818
16858534,3,0.0,0.0,0.6306784660766962
16858534,4,0.0,0.0,0.47123464770523593
16858534,5,0.2,16439.0,0.30579531442663377
16858534,6,0.0,0.0,0.43137254901960786
16858534,7,0.0,0.0,0.27138263665594853
16861975,1,0.5,26096.0,0.3590836441129462
16861975,3,0.5,0.0,0.6306784660766962
16861975,4,0.125,0.0,0.5533290239172592
16861975,5,0.0,148901.0,0.30579531442663377
16861975,6,0.3333333333333333,0.0,0.6185185185185185
16861975,7,0.3333333333333333,0.0,0.27138263665594853
16861975,2,0.5,56855.0,0.5847953216374269
16864519,1,1.0,25386.0,0.3590836441129462
16864519,3,0.5,0.0,0.1687315634218289
16864519,4,0.25,0.0,0.42857142857142855
16864519,6,0.3333333333333333,0.0,0.47619047619047616
16864519,7,0.3333333333333333,0.0,0.27138263665594853
16864519,5,0.7777777777777778,97346.0,0.7926829268292683
16864519,2,0.9322033898305084,44767.0,0.7191011235955056
16875949,1,0.8620689655172413,33050.0,0.3608490566037736
16877507,1,0.5,25965.0,0.3590836441129462
16877507,3,0.0,0.0,0.6306784660766962
16877507,4,0.625,0.0,0.47123464770523593
16877507,6,0.0,0.0,0.2726423902894491
16877507,7,0.3333333333333333,0.0,0.41864951768488745
16877507,5,0.7333333333333333,40946.0,0.717391304347826
16877507,2,0.7,47629.0,0.6984126984126984
16890972,1,0.5,23829.0,0.3590836441129462
16890972,3,0.5,0.0,0.1687315634218289
16890972,4,0.25,0.0,0.42857142857142855
16890972,5,0.2,8465.0,0.30579531442663377
16890972,6,0.6666666666666666,0.0,0.2726423902894491
16890972,7,0.0,0.0,0.41864951768488745
16890972,2,0.45,58875.0,0.706140350877193
16907402,1,0.5,26075.0,0.3590836441129462
16907402,2,0.5,68687451936.0,0.6418181818181818
16907402,3,0.0,0.0,0.1687315634218289
16907402,4,0.25,0.0,0.47123464770523593
16907402,5,0.4,2603.0,0.30579531442663377
16907402,6,0.0,0.0,0.6185185185185185
16907402,7,0.0,0.0,0.41864951768488745
16909496,1,0.9473684210526315,36266.0,0.8163265306122449
16909496,2,0.6666666666666666,29140.0,0.6896551724137931
16909496,3,0.9090909090909091,0.0,0.8571428571428571
16909496,7,0.7333333333333333,0.0,1.0
16909496,5,0.61875,34563.0,0.6444444444444445
16909496,6,0.7304147465437788,0.0,0.8518518518518519
16909496,4,0.6823529411764706,0.0,0.4444444444444444
16917596,1,0.5,68687451936.0,0.7789473684210526
16917596,2,0.6,34224.0,0.6569767441860465
16917596,5,0.5833333333333334,37110.0,0.8235294117647058
16926247,3,0.0,0.0,0.6306784660766962
16926247,4,0.25,0.0,0.47123464770523593
16926247,6,0.6666666666666666,0.0,0.828395061728395
16926247,7,1.0,0.0,0.27138263665594853
16926247,1,0.7777777777777778,97150.0,0.7896440129449838
16926247,5,0.4666666666666667,85706.0,0.6976744186046512
16926247,2,0.7555555555555555,43666.0,0.8709677419354839
16926441,1,0.0,46866.0,0.3590836441129462
16926441,2,0.5,68687451936.0,0.6418181818181818
16926441,3,0.5,0.0,0.6312684365781711
16926441,4,0.5,0.0,0.47123464770523593
16926441,6,0.6666666666666666,0.0,0.6185185185185185
16926441,7,1.0,0.0,0.490032154340836
16926441,5,0.6666666666666666,32986.0,0.7446808510638298
16927626,1,0.5,24147.0,0.3590836441129462
16927626,2,0.5,68687451936.0,0.6418181818181818
16927626,3,0.5,0.0,0.1687315634218289
16927626,4,0.25,0.0,0.5533290239172592
16927626,5,0.0,3621.0,0.30579531442663377
16927626,6,0.0,0.0,0.6451914098972923
16927626,7,0.0,0.0,0.27138263665594853
16928450,1,0.5,27214.0,0.3590836441129462
16928450,3,0.0,0.0,0.6312684365781711
16928450,4,0.375,0.0,0.5533290239172592
16928450,5,0.2,30563.0,0.30579531442663377
16928450,6,0.3333333333333333,0.0,0.47619047619047616
16928450,7,0.6666666666666666,0.0,0.27138263665594853
16928450,2,1.0,28080.0,0.944954128440367
16932125,1,1.0,32054.0,0.3590836441129462
16932125,3,0.5,0.0,0.6306784660766962
16932125,4,0.125,0.0,0.42857142857142855
16932125,6,0.3333333333333333,0.0,0.4580246913580247
16932125,7,0.3333333333333333,0.0,0.27138263665594853
16932125,2,0.6695652173913044,55548.0,0.7954545454545454
16932125,5,0.610738255033557,416282498.0,0.6320346320346321
16936276,1,0.5,68687451936.0,0.9791666666666666
16936276,5,0.3125,17330.0,0.8431372549019608
16937877,2,0.5,68687451936.0,0.6627450980392157
16937877,1,0.6,11415617.0,0.4951923076923077
16937877,5,0.7222222222222222,28079.0,0.6491803278688525
16964168,6,0.3333333333333333,0.0,0.2726423902894491
16964168,7,1.0,0.0,0.41864951768488745
16964168,3,0.7538461538461538,0.0,0.675
16964168,1,0.7959183673469388,35956.0,0.7989949748743719
16964168,4,0.603448275862069,0.0,0.3220338983050847
16964168,5,0.6,309838.0,0.1956521739130435
16964168,2,0.8367346938775511,38742.0,0.8151260504201681
16974563,1,0.5,68687451936.0,0.37637362637362637
16974563,5,0.25,13667.0,0.6153846153846154
16974563,2,0.9090909090909091,20975.0,0.8554216867469879
16975942,2,0.5,68687451936.0,0.7744360902255639
16975942,5,0.1,11133.0,0.6470588235294118
16984203,1,0.5,68687451936.0,0.6385542168674698
16984203,5,0.5882352941176471,38344.0,0.4560810810810811
16984203,2,0.8181818181818182,32710.0,0.39185393258426965
16992264,5,0.7333333333333333,87073.0,0.4492753623188406
16992264,2,0.6,232197.0,0.7195652173913043
17012801,5,0.8,45312.0,0.6060606060606061
17012801,1,0.3333333333333333,40670.0,0.5466666666666666
17012801,2,0.25,21984.0,0.7017543859649122
17017390,1,0.4117647058823529,60223.0,0.8466666666666667
17017390,2,0.3448275862068966,18407.0,0.5457142857142857
17017390,3,0.27586206896551724,0.0,0.1687315634218289
17017390,5,0.4,55702.0,0.2735294117647059
17019278,5,0.5517241379310345,12328.0,0.3073286052009456
17019278,1,0.8620689655172413,22656.0,0.3608490566037736
17019278,2,0.8620689655172413,18452.0,0.5457142857142857
17019278,6,0.6956521739130435,0.0,0.7098445595854922
17022483,1,1.0,21988.0,0.3590836441129462
17022483,2,0.5,68687451936.0,0.6418181818181818
17022483,3,0.0,0.0,0.6306784660766962
17022483,4,0.125,0.0,0.5533290239172592
17022483,5,0.0,18189.0,0.30579531442663377
17022483,6,0.6666666666666666,0.0,0.47619047619047616
17022483,7,0.3333333333333333,0.0,0.41864951768488745
17025111,2,0.6529411764705882,22302.0,0.7645631067961165
17025111,5,0.6523605150214592,33735.0,0.6666666666666666
17040854,1,0.5,26681.0,0.3590836441129462
17040854,2,0.5,68687451936.0,0.6418181818181818
17040854,3,0.5,0.0,0.6312684365781711
17040854,4,0.375,0.0,0.5533290239172592
17040854,6,1.0,0.0,0.2726423902894491
17040854,7,0.6666666666666666,0.0,0.27138263665594853
17040854,5,0.5333333333333333,21771.0,0.7521367521367521
17041584,1,0.5,26532.0,0.3590836441129462
17041584,2,0.5,68687451936.0,0.6418181818181818
17041584,3,0.0,0.0,0.6312684365781711
17041584,4,0.6,0.0,0.2194668319900806
17044267,1,0.5,29246.0,0.3590836441129462
17044267,2,0.5,68687451936.0,0.6418181818181818
17044267,3,0.5,0.0,0.1687315634218289
17044267,4,0.0,0.0,0.42857142857142855
17044267,5,0.4,11664.0,0.30579531442663377
17044267,6,0.3333333333333333,0.0,0.2726423902894491
17044267,7,0.3333333333333333,0.0,0.490032154340836
17045043,1,0.5,68687451936.0,0.7008547008547008
17045043,5,0.5,41778.0,0.40594059405940597
17045043,2,0.8,20384.0,0.42997198879551823
17045609,1,0.8387096774193549,39625.0,0.5608108108108109
17045609,2,0.7886178861788617,45990.0,0.7556818181818182
17045609,5,0.5555555555555556,22914141610.0,0.4653679653679654
17055483,5,0.6506849315068494,18414833.0,0.5676567656765676
17055483,2,0.896551724137931,32689.0,0.4787234042553192
17055883,2,0.5,68687451936.0,0.83
17055883,5,0.42857142857142855,52929.0,0.6824324324324325
17055883,1,0.5789473684210527,62178.0,0.3381294964028777
17060700,1,1.0,52666.0,0.3590836441129462
17060700,2,0.5,68687451936.0,0.6418181818181818
17060700,3,0.5,0.0,0.6312684365781711
17060700,4,0.125,0.0,0.47123464770523593
17060700,5,0.4,20294.0,0.30579531442663377
17060700,6,0.3333333333333333,0.0,0.2726423902894491
17060700,7,0.0,0.0,0.27138263665594853
17061505,5,0.5089285714285714,340080.0,0.3315018315018315
17082200,3,0.8214285714285714,0.0,0.6705882352941176
17082200,7,0.7605633802816901,0.0,0.6666666666666666
17082200,5,0.6201550387596899,29401.0,0.25796178343949044
17082200,1,0.7338709677419355,42726.0,0.8673469387755102
17082200,2,0.649746192893401,38751.0,0.5981308411214953
17082200,4,0.6204379562043796,0.0,0.5825242718446602
17082200,6,0.7659574468085106,0.0,0.8984771573604061
17088016,5,0.5,90199.0,0.85
17088016,2,0.5,68687451936.0,0.6632302405498282
17090554,1,1.0,21998.0,0.3590836441129462
17090554,2,0.5,68687451936.0,0.6418181818181818
17090554,3,0.5,0.0,0.6312684365781711
17090554,4,0.125,0.0,0.47123464770523593
17090554,5,0.2,9967.0,0.30579531442663377
17090554,6,0.0,0.0,0.43137254901960786
17090554,7,0.3333333333333333,0.0,0.490032154340836
17095567,1,1.0,133422.0,0.6688741721854304
17095567,5,0.42857142857142855,34639.0,0.6231884057971014
17098229,2,0.7894736842105263,84629.0,0.8425925925925926
17098229,3,0.45,0.0,0.45977011494252873
17098229,6,0.41333333333333333,0.0,0.2896551724137931
17098229,4,0.3828125,0.0,0.6274509803921569
17098229,1,0.7037037037037037,40271.0,0.7281553398058253
17098229,5,0.3447368421052632,46950.0,0.7931034482758621
17102530,1,0.5,68687451936.0,0.6612903225806451
17102530,2,0.9,51885.0,0.7136752136752137
17102530,5,0.6666666666666666,90034.0,0.5201305767138193
17106695,5,0.5360824742268041,23609.0,0.7631578947368421
17106695,2,0.7870370370370371,18472.0,0.5727272727272728
17109285,5,0.4444444444444444,44192.0,0.5201305767138193
17109285,2,0.6,28068.0,0.6455223880597015
17112007,5,0.7142857142857143,12679.0,0.47368421052631576
17112007,2,0.7777777777777778,21641.0,0.8611111111111112
17114462,1,0.5,21654.0,0.3590836441129462
17114462,2,0.5,68687451936.0,0.6418181818181818
17114462,3,0.0,0.0,0.6306784660766962
17114462,4,0.375,0.0,0.42857142857142855
17114462,5,0.4,15633.0,0.30579531442663377
17114462,6,0.3333333333333333,0.0,0.43137254901960786
17114462,7,0.3333333333333333,0.0,0.490032154340836
17126050,1,1.0,26900.0,0.3590836441129462
17126050,2,0.5,68687451936.0,0.6418181818181818
17126050,3,0.0,0.0,0.6312684365781711
17126050,4,0.375,0.0,0.47123464770523593
17126050,5,0.2,38172.0,0.30579531442663377
17126050,6,1.0,0.0,0.47619047619047616
17126050,7,0.6666666666666666,0.0,0.41864951768488745
17139114,1,0.5,28519.0,0.3590836441129462
17139114,2,0.5,68687451936.0,0.6418181818181818
17139114,3,1.0,0.0,0.1687315634218289
17139114,4,0.5,0.0,0.42857142857142855
17139114,5,0.6,15038.0,0.30579531442663377
17140496,2,0.6307692307692307,28367.0,0.5981308411214953
17140496,1,0.96,22662.0,1.0
17140496,4,0.6947368421052632,0.0,0.825
17140496,3,0.7636363636363637,0.0,0.6666666666666666
17140496,5,0.625,31574.0,0.6649214659685864
17140496,6,0.6909090909090909,0.0,0.953757225433526
17140496,7,0.7275747508305648,0.0,0.8205128205128205
17143770,1,0.0,60665.0,0.3590836441129462
17143770,2,0.5,68687451936.0,0.6418181818181818
17143770,3,0.0,0.0,0.6312684365781711
17143770,4,0.25,0.0,0.5533290239172592
17143770,6,0.3333333333333333,0.0,0.47619047619047616
17143770,7,0.0,0.0,0.41864951768488745
17143770,5,0.2,34614.0,0.7442748091603053
17145336,5,0.5,65314.0,0.5994318181818182
17145336,2,0.5454545454545454,59659.0,0.7107750472589792
17154674,5,0.6666666666666666,14037.0,0.7272727272727273
17154674,2,0.4444444444444444,24023.0,0.8
17157993,1,0.5,22132.0,0.3590836441129462
17157993,3,0.5,0.0,0.6312684365781711
17157993,4,0.375,0.0,0.47123464770523593
17157993,6,0.3333333333333333,0.0,0.43137254901960786
17157993,7,0.6666666666666666,0.0,0.41864951768488745
17157993,5,0.6170212765957447,46698.0,0.5813953488372093
17157993,2,0.6470588235294118,35007.0,0.7358490566037735
17167980,2,0.6451612903225806,22209.0,0.7477477477477478
17167980,5,0.3333333333333333,24744.0,0.5397727272727273
17170047,5,0.5,36297.0,0.7046632124352331
17170047,1,0.8909090909090909,30250.0,0.8333333333333334
17170047,2,0.5609756097560976,29556.0,0.6666666666666666
17174979,7,0.8846153846153846,0.0,0.7552447552447552
17174979,2,0.8571428571428571,27470.0,0.7333333333333333
17174979,1,0.8295454545454546,31064.0,0.35410764872521244
17174979,4,0.7889447236180904,0.0,0.5952380952380952
17174979,5,0.7029520295202952,74060.0,0.43209876543209874
17174979,3,0.8161290322580645,0.0,0.39849624060150374
17174979,6,0.6335877862595419,0.0,0.5714285714285714
17175117,1,0.5,28294.0,0.3590836441129462
17175117,3,0.5,0.0,0.6306784660766962
17175117,4,0.5,0.0,0.47123464770523593
17175117,5,0.2,24717.0,0.30579531442663377
17175117,6,1.0,0.0,0.42663378545006164
17175117,7,1.0,0.0,0.41864951768488745
17175117,2,0.85,28020.0,0.8616780045351474
17182432,1,0.0,26685.0,0.9423076923076923
17182432,5,0.5,221612.0,0.6241379310344828
17182432,2,0.375,31029.0,0.8774617067833698
17188348,6,0.8571428571428571,0.0,0.75
17188348,7,0.25,0.0,0.7359550561797753
17188348,5,0.7413793103448276,920072.0,0.5456431535269709
17188348,4,0.6438356164383562,0.0,0.6136363636363636
17188348,1,0.65,41450.0,0.6625
17188348,3,0.5869565217391305,0.0,0.2556390977443609
17188348,2,0.5903614457831325,121904.0,0.875
17189830,2,0.6666666666666666,21241.0,0.8143712574850299
17189830,5,0.5555555555555556,55201.0,0.7272727272727273
17190864,1,0.5,27855.0,0.3590836441129462
17190864,2,0.5,68687451936.0,0.6418181818181818
17190864,3,0.0,0.0,0.6306784660766962
17190864,4,0.375,0.0,0.5533290239172592
17190864,6,0.3333333333333333,0.0,0.6185185185185185
17190864,7,0.3333333333333333,0.0,0.490032154340836
17190864,5,0.56,102308.0,0.74
17200430,1,0.5,25168.0,0.3590836441129462
17200430,3,0.5,0.0,0.6312684365781711
17200430,4,0.375,0.0,0.47123464770523593
17200430,6,0.6666666666666666,0.0,0.6185185185185185
17200430,7,0.6666666666666666,0.0,0.6019292604501608
17200430,5,0.6,22273.0,0.6208955223880597
17200430,2,1.0,12102662.0,0.7682926829268293
17204544,1,1.0,34535.0,0.3590836441129462
17204544,3,0.5,0.0,0.6312684365781711
17204544,4,0.375,0.0,0.42857142857142855
17204544,6,0.3333333333333333,0.0,0.828395061728395
17204544,7,0.3333333333333333,0.0,0.27138263665594853
17204544,2,0.9,41817.0,0.8207547169811321
17204544,5,0.5555555555555556,24748.0,0.8
17205483,1,0.5,69617.0,0.4031620553359684
17205483,2,0.5555555555555556,42434.0,0.9313725490196079
17205483,5,0.375,108609.0,0.7005347593582888
17210091,2,0.6,53704.0,0.8648648648648649
17210091,5,0.46808510638297873,102532.0,0.3333333333333333
17212609,3,0.5,0.0,0.6312684365781711
17212609,4,0.25,0.0,0.47123464770523593
17212609,7,0.6666666666666666,0.0,0.41864951768488745
17212609,1,0.8571428571428571,30663.0,0.6026058631921825
17212609,6,0.7936507936507936,0.0,0.6063348416289592
17212609,2,0.95,29802.0,0.8082089552238806
17212609,5,0.7608695652173914,245551777.0,0.45546218487394957
17216952,2,0.5384615384615384,26340.0,0.7828054298642534
17216952,5,0.42857142857142855,72709.0,0.7064220183486238
17217136,1,1.0,24930.0,0.3590836441129462
17217136,2,0.5,68687451936.0,0.6418181818181818
17217136,3,0.5,0.0,0.1687315634218289
17217136,4,0.2,0.0,0.24426534407935524
17232317,2,1.0,21288.0,0.8905109489051095
17232317,5,0.5625,73191.0,0.196763202725724
17248852,5,0.5,62139.0,0.5673469387755102
17257394,2,0.5,68687451936.0,0.7239669421487603
17257394,1,0.5,68687451936.0,0.8153846153846154
17257394,5,0.5294117647058824,65014.0,0.4851063829787234
17258119,4,0.375,0.0,0.47123464770523593
17258119,3,0.6428571428571429,0.0,0.8987341772151899
17258119,7,0.8666666666666667,0.0,0.8181818181818182
17258119,2,0.8028169014084507,32796.0,0.9122137404580153
17258119,1,0.6923076923076923,57390.0,0.6810344827586207
17258119,6,0.8260869565217391,0.0,0.7573221757322176
17258119,5,0.7038834951456311,526356932.0,0.8165137614678899
17266355,1,0.5,28438.0,0.3590836441129462
17266355,3,1.0,0.0,0.1687315634218289
17266355,7,0.42857142857142855,0.0,0.27138263665594853
17266355,6,0.42857142857142855,0.0,0.828395061728395
17266355,4,0.21428571428571427,0.0,0.24426534407935524
17266355,5,0.5238095238095238,45044.0,0.7674418604651163
17266355,2,0.7317073170731707,22199.0,0.7747747747747747
17267302,1,0.8181818181818182,35236.0,0.667741935483871
17267302,2,0.896551724137931,17125.0,0.5457142857142857
17267302,4,0.7931034482758621,0.0,0.2770795930580491
17267302,5,0.6666666666666666,24930.0,0.6554054054054054
17268580,2,0.0,35053.0,0.7441860465116279
17268580,1,0.5,68687451936.0,0.7184466019417476
17268580,5,0.14285714285714285,12893.0,0.7664233576642335
17272483,5,0.7586206896551724,19372.0,0.8571428571428571
17288561,1,0.0,25887.0,0.37637362637362637
17288561,2,0.7894736842105263,29595.0,0.7962264150943397
17288561,5,0.6666666666666666,123218488.0,0.5115089514066496
17307549,2,0.0,21666.0,0.4772727272727273
17307549,5,0.4444444444444444,64788.0,0.7635135135135135
17324397,1,1.0,38997.0,0.3590836441129462
17324397,2,0.5,68687451936.0,0.6418181818181818
17324397,3,0.0,0.0,0.1687315634218289
17324397,4,0.25,0.0,0.5533290239172592
17324397,5,0.2,28975.0,0.30579531442663377
17324397,6,0.3333333333333333,0.0,0.828395061728395
17324397,7,0.3333333333333333,0.0,0.27138263665594853
17334252,1,1.0,26175.0,0.9423076923076923
17334252,2,0.0,89125538.0,0.8095238095238095
17334252,5,0.6491228070175439,31306.0,0.45081967213114754
17338138,1,0.5,27618.0,0.3590836441129462
17338138,2,0.5,68687451936.0,0.6418181818181818
17338138,3,1.0,0.0,0.1687315634218289
17338138,4,0.625,0.0,0.5533290239172592
17338138,6,0.6666666666666666,0.0,0.4580246913580247
17338138,7,0.6666666666666666,0.0,0.490032154340836
17338138,5,0.5333333333333333,86708.0,0.4046242774566474
17341004,2,0.5,68687451936.0,0.6403269754768393
17341004,5,0.6666666666666666,29808.0,0.6
17341094,1,0.5,68687451936.0,0.684971098265896
17341094,5,0.5517241379310345,25918.0,0.8181818181818182
17341094,2,0.7368421052631579,27464.0,0.875
17345464,1,0.0,26067.0,0.3590836441129462
17345464,3,0.5,0.0,0.1687315634218289
17345464,4,0.25,0.0,0.42857142857142855
17345464,6,0.6666666666666666,0.0,0.2726423902894491
17345464,7,0.0,0.0,0.41864951768488745
17345464,2,0.5,30364048.0,0.5607814761215629
17345464,5,0.4,368484.0,0.6484375
17361474,2,0.7674418604651163,3968742.0,0.58
17361474,1,0.8888888888888888,6666467.0,0.37637362637362637
17361474,6,0.7245989304812834,0.0,0.3821138211382114
17361474,3,0.8235294117647058,0.0,0.3333333333333333
17361474,4,0.6953125,0.0,0.8532110091743119
17361474,7,0.8303571428571429,0.0,0.6346153846153846
17361474,5,0.8342245989304813,34338.0,0.5448717948717948
17362271,1,0.5,25861.0,0.3590836441129462
17362271,3,1.0,0.0,0.1687315634218289
17362271,4,0.25,0.0,0.42857142857142855
17362271,5,0.2,27551.0,0.30579531442663377
17362271,6,0.6666666666666666,0.0,0.6451914098972923
17362271,7,0.0,0.0,0.41864951768488745
17362271,2,0.7,28246.0,0.7847222222222222
17368534,3,0.6086956521739131,0.0,0.5306122448979592
17368534,6,0.5652173913043478,0.0,0.8253968253968254
17368534,7,0.7777777777777778,0.0,0.6307692307692307
17368534,4,0.5384615384615384,0.0,0.8589743589743589
17368534,2,0.3684210526315789,28151.0,0.7272727272727273
17368534,1,0.6666666666666666,48381.0,0.7956989247311828
17368534,5,0.5,49413.0,0.8333333333333334
17397989,1,0.5,32212.0,0.3590836441129462
17397989,3,1.0,0.0,0.6312684365781711
17397989,4,0.25,0.0,0.47123464770523593
17397989,6,1.0,0.0,0.47619047619047616
17397989,7,0.6666666666666666,0.0,0.41864951768488745
17397989,5,0.7333333333333333,51292.0,0.45546218487394957
17397989,2,1.0,37383.0,0.8082089552238806
17406909,2,0.6785714285714286,29456.0,0.6242038216560509
17406909,5,0.375,7909611486.0,0.6056910569105691
17412142,1,0.8,41944.0,0.634703196347032
17412142,3,0.7058823529411765,0.0,0.8406593406593407
17412142,4,0.6363636363636364,0.0,0.37142857142857144
17412142,7,0.8571428571428571,0.0,0.875
17412142,6,0.6666666666666666,0.0,0.6108108108108108
17412142,2,0.6136363636363636,49561.0,0.6615384615384615
17412142,5,0.6140350877192983,76787.0,0.196763202725724
17415430,5,0.4444444444444444,21594.0,0.5633802816901409
17415430,2,1.0,37013.0,0.48576512455516013
17438492,1,0.0,18509103430.0,0.5608108108108109
17438492,5,0.7368421052631579,17150.0,0.8125
17439763,2,0.0,1077988.0,0.8529411764705882
17439763,5,0.2727272727272727,8350.0,0.34831460674157305
17451806,1,1.0,22736.0,0.3590836441129462
17451806,2,0.5,68687451936.0,0.6418181818181818
17451806,3,0.5,0.0,0.6306784660766962
17451806,4,0.375,0.0,0.42857142857142855
17451806,6,0.3333333333333333,0.0,0.47619047619047616
17451806,7,0.3333333333333333,0.0,0.41864951768488745
17451806,5,0.2,67436.0,0.7011494252873564
17456397,1,0.5,3981.0,0.3590836441129462
17456397,2,0.5,68687451936.0,0.6418181818181818
17456397,3,0.0,0.0,0.6312684365781711
17456397,4,0.25,0.0,0.47123464770523593
17456397,5,0.2,8499.0,0.30579531442663377
17456397,6,0.0,0.0,0.6451914098972923
17456397,7,0.3333333333333333,0.0,0.41864951768488745
17458864,1,0.0,30395.0,0.3590836441129462
17458864,2,0.5,68687451936.0,0.6418181818181818
17458864,3,0.0,0.0,0.6312684365781711
17458864,4,0.4,0.0,0.24426534407935524
17465601,1,0.0,3636.0,0.3590836441129462
17465601,2,0.5,68687451936.0,0.6418181818181818
17465601,3,0.0,0.0,0.6306784660766962
17465601,4,0.25,0.0,0.47123464770523593
17465993,1,1.0,21544.0,0.3590836441129462
17465993,2,0.5,68687451936.0,0.6418181818181818
17465993,3,0.5,0.0,0.6312684365781711
17465993,4,0.375,0.0,0.42857142857142855
17465993,5,0.2,13756.0,0.30579531442663377
17465993,6,0.3333333333333333,0.0,0.6451914098972923
17465993,7,1.0,0.0,0.490032154340836
17466574,1,1.0,29968.0,0.3590836441129462
17466574,2,0.5,68687451936.0,0.6418181818181818
17466574,3,1.0,0.0,0.1687315634218289
17466574,4,0.625,0.0,0.47123464770523593
17466574,5,0.8,14829.0,0.30579531442663377
17466574,6,1.0,0.0,0.42663378545006164
17466574,7,0.6666666666666666,0.0,0.41864951768488745
17472455,2,0.5769230769230769,21984.0,0.8349514563106796
17472455,3,0.6,0.0,0.4246575342465753
17472455,5,0.5,30929.0,0.6747967479674797
17472455,6,0.3333333333333333,0.0,0.5690376569037657
17472455,1,0.88,31127.0,0.6974358974358974
17475174,1,1.0,29587.0,0.3590836441129462
17475174,3,1.0,0.0,0.1687315634218289
17475174,4,0.25,0.0,0.42857142857142855
17475174,6,0.3333333333333333,0.0,0.6185185185185185
17475174,7,0.3333333333333333,0.0,0.27138263665594853
17475174,5,0.635593220338983,26504.0,0.5566037735849056
17475174,2,0.95,20740.0,0.8082089552238806
17485661,2,0.6666666666666666,45938.0,0.6284153005464481
17485661,5,0.5333333333333333,101824.0,0.6089743589743589
17494686,1,0.0,31579.0,0.3590836441129462
17494686,2,0.5,68687451936.0,0.6418181818181818
17494686,3,0.5,0.0,0.6312684365781711
17494686,4,0.375,0.0,0.47123464770523593
17494686,5,0.4,35875.0,0.30579531442663377
17494686,6,0.6666666666666666,0.0,0.2726423902894491
17494686,7,0.6666666666666666,0.0,0.6019292604501608
17504402,1,1.0,82454.0,0.37637362637362637
17504402,5,0.42857142857142855,26118.0,0.5492227979274611
17504402,2,1.0,19816.0,0.532258064516129
17504797,7,0.6666666666666666,0.0,0.6019292604501608
17504797,4,0.6785714285714286,0.0,0.9042553191489362
17504797,1,0.7647058823529411,56963.0,0.8208955223880597
17504797,2,0.660377358490566,40052.0,0.7645631067961165
17504797,3,0.7469879518072289,0.0,0.9433962264150944
17504797,6,0.7183098591549296,0.0,0.46153846153846156
17504797,5,0.6621621621621622,24050.0,0.6648648648648648
17514046,1,0.5,163252993.0,0.3590836441129462
17514046,3,0.5,0.0,0.6312684365781711
17514046,4,0.25,0.0,0.47123464770523593
17514046,6,0.0,0.0,0.43137254901960786
17514046,7,0.0,0.0,0.6019292604501608
17514046,2,0.75,100667.0,0.8649921507064364
17514046,5,0.6,41231.0,0.48514851485148514
17516286,5,0.5,19111.0,0.5797665369649806
17518931,1,0.5,68687451936.0,0.9701492537313433
17518931,5,0.5,27229.0,0.5199543899657925
17521692,1,0.5,28137.0,0.3590836441129462
17521692,2,0.5,68687451936.0,0.6418181818181818
17521692,3,0.0,0.0,0.6312684365781711
17521692,4,0.125,0.0,0.42857142857142855
17521692,6,0.6666666666666666,0.0,0.42663378545006164
17521692,7,0.0,0.0,0.27138263665594853
17521692,5,0.21428571428571427,57183.0,0.6554621848739496
17522252,5,0.6,84497.0,0.8181818181818182
17522252,2,0.7317073170731707,22054.0,0.666030534351145
17529893,5,0.6396396396396397,18116.0,0.6938775510204082
17531673,2,0.5,25586.0,0.6375838926174496
17531673,5,0.5,38588.0,0.5748898678414097
17560705,1,0.5,28580.0,0.3590836441129462
17560705,3,0.0,0.0,0.1687315634218289
17560705,4,0.25,0.0,0.47123464770523593
17560705,5,0.0,4327.0,0.30579531442663377
17560705,6,0.0,0.0,0.42663378545006164
17560705,7,0.0,0.0,0.27138263665594853
17560705,2,0.3,74633.0,0.7727272727272727
17561548,2,1.0,637341.0,0.5939086294416244
17561548,1,1.0,686504.0,0.8271604938271605
17561548,5,0.6,26888.0,0.675
17570098,1,0.0,3797.0,0.3590836441129462
17570098,2,0.5,68687451936.0,0.6418181818181818
17570098,3,0.0,0.0,0.1687315634218289
17570098,4,0.125,0.0,0.42857142857142855
17570098,5,0.2,3095.0,0.30579531442663377
17570098,6,0.3333333333333333,0.0,0.42663378545006164
17570098,7,0.0,0.0,0.27138263665594853
17582209,1,1.0,20985.0,0.3590836441129462
17582209,3,1.0,0.0,0.6312684365781711
17582209,4,0.875,0.0,0.42857142857142855
17582209,6,0.6666666666666666,0.0,0.47619047619047616
17582209,7,0.6666666666666666,0.0,0.41864951768488745
17582209,5,0.6666666666666666,10586.0,0.4594594594594595
17582209,2,0.3333333333333333,43959429.0,0.7388781431334622
17590576,1,0.5,143280.0,0.2565789473684211
17590576,6,0.5333333333333333,0.0,0.18421052631578946
17590576,2,0.2,77645.0,0.5952380952380952
17590576,7,0.5172413793103449,0.0,0.8666666666666667
17590576,4,0.6052631578947368,0.0,0.2204724409448819
17590576,5,0.2692307692307692,747180.0,0.5595238095238095
17593035,1,0.5,23893.0,0.3590836441129462
17593035,2,0.5,68687451936.0,0.6418181818181818
17593035,3,0.0,0.0,0.1687315634218289
17593035,4,0.25,0.0,0.47123464770523593
17593035,5,0.0,16011.0,0.30579531442663377
17593035,6,0.3333333333333333,0.0,0.47619047619047616
17593035,7,0.0,0.0,0.41864951768488745
17594454,2,0.5,68687451936.0,0.7887323943661971
17594454,1,0.5,68687451936.0,0.6385542168674698
17594454,5,0.5625,25612.0,0.7204301075268817
17609512,7,0.7142857142857143,0.0,0.41864951768488745
17609512,3,0.6,0.0,0.1687315634218289
17609512,6,0.2727272727272727,0.0,0.828395061728395
17609512,4,0.47058823529411764,0.0,0.2764811490125673
17609512,1,0.6666666666666666,609768318.0,0.8132427843803056
17609512,5,0.6496350364963503,18182.0,0.578494623655914
17609512,2,0.6481927710843374,26916.0,0.6287425149700598
17611916,5,0.6428571428571429,14336.0,0.5957446808510638
17619737,5,0.4166666666666667,12797.0,0.8181818181818182
17619737,2,0.696969696969697,31827.0,0.8680555555555556
17620099,1,0.5,30625.0,0.3590836441129462
17620099,2,0.5,68687451936.0,0.6418181818181818
17620099,3,0.5,0.0,0.1687315634218289
17620099,4,0.125,0.0,0.42857142857142855
17620099,5,0.4,32138.0,0.30579531442663377
17620099,6,0.3333333333333333,0.0,0.2726423902894491
17620099,7,0.0,0.0,0.6019292604501608
17623237,1,0.5,28212.0,0.3590836441129462
17623237,2,0.5,68687451936.0,0.6418181818181818
17623237,3,0.0,0.0,0.6306784660766962
17623237,4,0.25,0.0,0.47123464770523593
17623237,5,0.2,23310.0,0.30579531442663377
17623237,6,0.3333333333333333,0.0,0.4580246913580247
17623237,7,0.3333333333333333,0.0,0.6019292604501608
17628726,5,0.5,42959.0,0.47388059701492535
17628726,2,0.6666666666666666,34249.0,0.8082089552238806
17628726,6,0.3333333333333333,0.0,0.7855072463768116
17632723,1,0.5,24924.0,0.3590836441129462
17632723,2,0.5,68687451936.0,0.6418181818181818
17632723,3,0.5,0.0,0.6312684365781711
17632723,4,0.375,0.0,0.47123464770523593
17632723,5,0.2,19698.0,0.30579531442663377
17632723,6,0.3333333333333333,0.0,0.2726423902894491
17632723,7,0.6666666666666666,0.0,0.41864951768488745
17636315,1,0.5,26709.0,0.3590836441129462
17636315,2,0.5,68687451936.0,0.6418181818181818
17636315,3,0.5,0.0,0.1687315634218289
17636315,4,0.0,0.0,0.5533290239172592
17636315,5,0.0,25635.0,0.30579531442663377
17636315,6,0.0,0.0,0.6185185185185185
17636315,7,0.0,0.0,0.41864951768488745
17643370,3,0.6,0.0,0.4406779661016949
17643370,5,0.5833333333333334,55946.0,0.7142857142857143
17643370,1,0.625,93901.0,0.5608108108108109
17643370,2,0.5294117647058824,71886.0,0.7718120805369127
17645675,7,0.7142857142857143,0.0,0.3173076923076923
17645675,2,0.7164179104477612,52443.0,0.3655913978494624
17645675,1,0.7397260273972602,36631.0,0.6071428571428571
17645675,3,0.8356164383561644,0.0,0.312
17645675,4,0.7076923076923077,0.0,0.25925925925925924
17645675,6,0.7630662020905923,0.0,0.689119170984456
17645675,5,0.60546875,26643.0,0.5447154471544715
17657983,1,0.5,35210.0,0.3590836441129462
17657983,2,0.5,68687451936.0,0.6418181818181818
17657983,3,0.0,0.0,0.6306784660766962
17657983,4,0.25,0.0,0.47123464770523593
17657983,5,0.0,5442.0,0.30579531442663377
17657983,6,0.3333333333333333,0.0,0.42663378545006164
17657983,7,0.3333333333333333,0.0,0.41864951768488745
17664352,7,0.7777777777777778,0.0,0.625
17664352,1,0.9032258064516129,53585.0,0.6688741721854304
17664352,2,0.7333333333333333,20220.0,0.7239669421487603
17664352,3,0.7931034482758621,0.0,0.6842105263157895
17664352,4,0.78125,0.0,0.7058823529411765
17664352,6,0.66,0.0,0.6528497409326425
17664352,5,0.5555555555555556,448987.0,0.4484304932735426
17667017,1,0.5,32922.0,0.3590836441129462
17667017,2,0.5,68687451936.0,0.6418181818181818
17667017,3,0.0,0.0,0.6306784660766962
17667017,4,0.375,0.0,0.42857142857142855
17667017,5,0.0,16690.0,0.30579531442663377
17667017,6,0.0,0.0,0.6451914098972923
17667017,7,0.0,0.0,0.6019292604501608
17676058,1,0.5,68687451936.0,0.6385542168674698
17676058,2,1.0,153734.0,0.7
17676058,5,0.375,20720.0,0.3870967741935484
17681801,1,0.0,25782.0,0.3590836441129462
17681801,2,0.5,68687451936.0,0.6418181818181818
17681801,3,0.5,0.0,0.1687315634218289
17681801,4,0.25,0.0,0.5533290239172592
17681801,5,0.2,44543.0,0.30579531442663377
17681801,6,0.6666666666666666,0.0,0.6451914098972923
17681801,7,0.3333333333333333,0.0,0.490032154340836
17682384,1,0.0,172326666.0,0.6180904522613065
17682384,2,0.6285714285714286,31399.0,0.875
17682384,5,0.4727272727272727,45017.0,0.717391304347826
17683577,2,0.7272727272727273,25902.0,0.7239669421487603
17683577,5,0.75,20841.0,0.5840220385674931
17691789,1,0.5,68687451936.0,0.5697674418604651
17691789,5,0.6,78415.0,0.8
17691789,2,0.6,31679.0,0.7828054298642534
17696249,5,0.3333333333333333,29837.0,0.40594059405940597
17696249,1,0.9,97416.0,0.5392156862745098
17696249,4,0.6,0.0,0.44642857142857145
17706857,2,0.0,329395.0,0.8905109489051095
17706857,5,0.8181818181818182,60525.0,0.6333333333333333
17726927,5,0.625,30235.0,0.6443514644351465
17726927,2,0.7777777777777778,21418.0,0.6595744680851063
17726976,3,0.5294117647058824,0.0,0.654320987654321
17726976,7,0.5,0.0,0.9166666666666666
17726976,1,0.6363636363636364,461403.0,0.41697416974169743
17726976,2,0.5,38458.0,0.589041095890411
17726976,5,0.296875,20600.0,0.5253164556962026
17729231,5,0.48214285714285715,52241.0,0.4888888888888889
17729231,2,0.6666666666666666,52575.0,0.48576512455516013
17733216,5,0.5522388059701493,17859.0,0.6931407942238267
17733216,2,0.6304347826086957,32673.0,0.6349206349206349
17738343,1,0.5,68687451936.0,0.8333333333333334
17738343,2,0.7692307692307693,56504.0,0.8714285714285714
17738343,5,0.625,66575.0,0.8108108108108109
17741947,1,0.5,21466.0,0.3590836441129462
17741947,3,0.5,0.0,0.6312684365781711
17741947,4,0.625,0.0,0.42857142857142855
17741947,6,0.3333333333333333,0.0,0.6451914098972923
17741947,7,0.6666666666666666,0.0,0.41864951768488745
17741947,2,0.7565217391304347,20355.0,0.7645631067961165
17741947,5,0.6855721393034826,32347.0,0.41379310344827586
17742705,1,0.5,25285.0,0.3590836441129462
17742705,3,0.5,0.0,0.1687315634218289
17742705,4,0.375,0.0,0.5533290239172592
17742705,6,0.6666666666666666,0.0,0.2726423902894491
17742705,7,0.3333333333333333,0.0,0.490032154340836
17742705,2,0.7619047619047619,35578.0,0.8916666666666667
17742705,5,0.7165991902834008,40413.0,0.358974358974359
17748620,1,0.5555555555555556,66882.0,0.6338582677165354
17748620,2,0.6470588235294118,276616.0,0.580110497237569
17748620,5,0.6,153499.0,0.6729559748427673
17755539,1,1.0,19727.0,0.3590836441129462
17755539,2,0.5,68687451936.0,0.6418181818181818
17755539,3,0.0,0.0,0.6306784660766962
17755539,4,0.125,0.0,0.47123464770523593
17755539,5,0.6,44668.0,0.30579531442663377
17755539,6,1.0,0.0,0.828395061728395
17755539,7,0.3333333333333333,0.0,0.27138263665594853
17755766,2,0.6666666666666666,26086.0,0.8616780045351474
17755766,5,0.7272727272727273,45373.0,0.7348484848484849
17762176,5,0.8333333333333334,11326.0,0.6666666666666666
17763655,5,0.5294117647058824,14051.0,0.5230769230769231
17771134,7,0.3333333333333333,0.0,0.490032154340836
17771134,6,0.47368421052631576,0.0,0.9069767441860465
17771134,4,0.5816326530612245,0.0,0.7692307692307693
17771134,3,0.6334269662921348,0.0,0.7384615384615385
17771134,1,0.8444444444444444,26955.0,0.875
17771134,2,0.6808510638297872,27744.0,0.7358490566037735
17771134,5,0.5571428571428572,235294747.0,0.7567567567567568
17781103,5,0.5039370078740157,119629.0,0.5294117647058824
17788190,2,0.5652173913043478,28409.0,0.7645631067961165
17788190,7,0.75,0.0,0.26506024096385544
17788190,6,0.8571428571428571,0.0,0.4339622641509434
17788190,5,0.6,48241.0,0.47477744807121663
17788190,4,0.7674418604651163,0.0,0.5376344086021505
17788190,3,0.6741573033707865,0.0,0.5344827586206896
17788190,1,0.7272727272727273,30249.0,0.6138613861386139
17810339,2,1.0,78830.0,0.6926406926406926
17810339,5,0.2,15799.0,0.5676567656765676
17814027,1,0.6896551724137931,17747.0,0.3608490566037736
17829779,5,0.25,36173.0,0.5243243243243243
17829779,1,1.0,53466.0,0.6279863481228669
17829779,4,0.5454545454545454,0.0,0.8181818181818182
17829779,6,0.0,0.0,0.8297872340425532
17832269,2,0.5416666666666666,295898.0,0.6062176165803109
17832269,4,0.6470588235294118,0.0,0.7982456140350878
17832269,1,0.8571428571428571,517069385.0,0.697508896797153
17832269,5,0.6938775510204082,499630854.0,0.5740740740740741
17832269,3,0.6896551724137931,0.0,0.8275862068965517
17832269,6,0.7741935483870968,0.0,0.867595818815331
17833738,2,0.5,28949.0,0.4830917874396135
17833738,5,0.5384615384615384,34714.0,0.8431372549019608
17841045,1,0.5,23408.0,0.3590836441129462
17841045,2,0.5,68687451936.0,0.6418181818181818
17841045,3,0.5,0.0,0.6312684365781711
17841045,4,0.625,0.0,0.47123464770523593
17841045,6,0.6666666666666666,0.0,0.6451914098972923
17841045,7,0.6666666666666666,0.0,0.490032154340836
17841045,5,0.5909090909090909,24023.0,0.5666666666666667
17842132,6,0.8421052631578947,0.0,0.764102564102564
17842132,4,0.5526315789473685,0.0,0.2764811490125673
17842132,7,0.5308641975308642,0.0,0.3
17842132,1,0.5263157894736842,1192454.0,0.43342776203966005
17842132,2,0.5925925925925926,31677.0,0.631578947368421
17842132,3,0.5081967213114754,0.0,0.35185185185185186
17842132,5,0.47093023255813954,80663.0,0.7777777777777778
17845856,1,1.0,17084.0,0.3590836441129462
17845856,2,0.5,68687451936.0,0.6418181818181818
17845856,3,1.0,0.0,0.1687315634218289
17845856,4,0.625,0.0,0.42857142857142855
17845856,5,0.2,43598.0,0.30579531442663377
17845856,6,0.3333333333333333,0.0,0.47619047619047616
17845856,7,0.6666666666666666,0.0,0.27138263665594853
17846271,5,0.4,44963.0,0.5972222222222222
17846271,1,0.6666666666666666,41170.0,0.5962059620596206
17846271,3,0.8571428571428571,0.0,0.6470588235294118
17846271,2,0.45454545454545453,32815.0,0.6150234741784038
17846271,7,0.75,0.0,0.85
17846271,4,0.8275862068965517,0.0,0.6538461538461539
17861118,1,0.5,27124.0,0.3590836441129462
17861118,3,0.0,0.0,0.6312684365781711
17861118,4,0.375,0.0,0.5533290239172592
17861118,6,0.3333333333333333,0.0,0.6185185185185185
17861118,7,0.0,0.0,0.490032154340836
17861118,2,0.95,26933.0,0.8616780045351474
17861118,5,0.64,50503.0,0.4375
17872894,2,0.0,28786.0,0.5348837209302325
17872894,5,0.25,32218.0,0.8148148148148148
17883065,1,0.7777777777777778,200972.0,0.9405940594059405
17883065,4,0.8181818181818182,0.0,0.8113207547169812
17883065,6,0.0,0.0,0.8709677419354839
17883065,5,0.7136363636363636,54208.0,0.6083333333333333
17883065,2,0.8596491228070176,23239.0,0.5245901639344263
17886238,1,0.0,25535.0,0.3590836441129462
17886238,3,0.5,0.0,0.1687315634218289
17886238,4,0.25,0.0,0.5533290239172592
17886238,5,0.2,36374.0,0.30579531442663377
17886238,6,0.6666666666666666,0.0,0.828395061728395
17886238,7,0.6666666666666666,0.0,0.27138263665594853
17886238,2,0.41379310344827586,103362.0,0.8389261744966443
17891855,2,0.8297872340425532,23384.0,0.7484848484848485
17891855,5,0.746031746031746,25432.0,0.6486988847583643
17898120,2,0.9090909090909091,25041.0,0.581081081081081
17898120,5,0.6428571428571429,62251.0,0.5726872246696035
17904802,1,0.5,19396.0,0.3590836441129462
17904802,2,0.5,68687451936.0,0.6418181818181818
17904802,3,1.0,0.0,0.6312684365781711
17904802,4,0.875,0.0,0.47123464770523593
17904802,6,0.3333333333333333,0.0,0.47619047619047616
17904802,7,0.3333333333333333,0.0,0.490032154340836
17904802,5,0.6666666666666666,31119.0,0.7090301003344481
17906931,7,0.5,0.0,0.4166666666666667
17906931,3,0.5263157894736842,0.0,0.6904761904761905
17906931,4,0.5862068965517241,0.0,0.6118143459915611
17906931,1,0.6956521739130435,26344.0,0.6633663366336634
17906931,5,0.6228070175438597,27241.0,0.35036496350364965
17906931,2,0.5851063829787234,28045.0,0.7762237762237763
17906931,6,0.5825242718446602,0.0,0.4580246913580247
17909881,1,0.5135135135135135,1055415930.0,0.8109452736318408
17909881,2,0.6666666666666666,31667.0,0.4787234042553192
17909881,5,0.4444444444444444,76423.0,0.5882352941176471
17916650,2,0.5,68687451936.0,0.4772727272727273
17916650,5,0.5,55185.0,0.36936936936936937
17923034,5,0.4444444444444444,40870.0,0.5714285714285714
17923034,2,0.5454545454545454,35341.0,0.8774617067833698
17923432,1,1.0,36859566.0,0.7736842105263158
17923432,5,0.7034482758620689,70340.0,0.7010309278350515
17923708,2,0.6509433962264151,110833.0,0.6121212121212121
17923708,3,0.581081081081081,0.0,0.6395348837209303
17923708,4,0.42857142857142855,0.0,0.48
17923708,1,0.8743961352657005,28291.0,0.6927083333333334
17923708,6,0.4302788844621514,0.0,0.9152542372881356
17923708,5,0.32251908396946566,59981.0,0.5456431535269709
17923708,7,0.39436619718309857,0.0,0.75
17923935,5,0.3125,26973.0,0.7300613496932515
17923935,2,0.6470588235294118,21319.0,0.7591240875912408
17926202,1,0.5,31536.0,0.3590836441129462
17926202,3,0.0,0.0,0.6312684365781711
17926202,4,0.375,0.0,0.47123464770523593
17926202,6,0.3333333333333333,0.0,0.4580246913580247
17926202,7,0.6666666666666666,0.0,0.6019292604501608
17926202,2,0.5,30269.0,0.6403269754768393
17926202,5,0.37142857142857144,2341649892.0,0.7682926829268293
17933255,2,0.5,68687451936.0,0.6455696202531646
17933255,5,0.5531914893617021,154761.0,0.9111111111111111
17937187,1,0.5,26429.0,0.3590836441129462
17937187,2,0.5,68687451936.0,0.6418181818181818
17937187,3,0.0,0.0,0.6312684365781711
17937187,4,0.0,0.0,0.5533290239172592
17937187,5,0.8,52262.0,0.30579531442663377
17937187,6,0.6666666666666666,0.0,0.42663378545006164
17937187,7,0.3333333333333333,0.0,0.490032154340836
17945712,2,0.7,24708.0,0.753315649867374
17945712,5,0.6666666666666666,479982.0,0.7553191489361702
17947484,2,0.896551724137931,29382.0,0.7534246575342466
17947484,5,0.6923076923076923,16426.0,0.6666666666666666
17947814,1,0.5,68687451936.0,0.6385542168674698
17947814,2,0.6086956521739131,21392.0,0.8108108108108109
17947814,5,0.5454545454545454,9970.0,0.5700934579439252
17949053,1,0.5,68687451936.0,0.9239766081871345
17949053,2,0.5,31597.0,0.8616780045351474
17949053,5,0.5465116279069767,116959.0,0.6727272727272727
17954094,1,1.0,28041.0,0.3590836441129462
17954094,2,0.5,68687451936.0,0.6418181818181818
17954094,3,0.5,0.0,0.6306784660766962
17954094,4,0.25,0.0,0.42857142857142855
17954094,5,1.0,31084.0,0.30579531442663377
17954094,6,0.3333333333333333,0.0,0.2726423902894491
17954094,7,0.3333333333333333,0.0,0.27138263665594853
17955773,2,0.9090909090909091,23576.0,0.6581632653061225
17955773,1,0.8571428571428571,43321.0,0.4951923076923077
17955773,5,0.6268656716417911,22773.0,0.7272727272727273
17955773,6,0.5,0.0,0.8105726872246696
17956830,1,0.5,27560.0,0.3590836441129462
17956830,2,0.5,68687451936.0,0.6418181818181818
17956830,3,1.0,0.0,0.6306784660766962
17956830,4,0.125,0.0,0.42857142857142855
17956830,5,0.6,167283.0,0.30579531442663377
17956830,6,0.3333333333333333,0.0,0.4580246913580247
17956830,7,0.0,0.0,0.490032154340836
17961120,5,0.5,56398.0,0.5456431535269709
17961120,3,0.8695652173913043,0.0,0.6312684365781711
17961120,4,0.9375,0.0,0.14814814814814814
17961120,2,0.7857142857142857,53516.0,0.3785310734463277
17961120,7,0.7613636363636364,0.0,0.4367816091954023
17961120,6,0.6779661016949152,0.0,0.41379310344827586
17961120,1,0.6764705882352942,49336.0,0.8058823529411765
17974669,3,0.0,0.0,0.1687315634218289
17974669,4,0.375,0.0,0.42857142857142855
17974669,6,0.0,0.0,0.6451914098972923
17974669,7,0.3333333333333333,0.0,0.490032154340836
17974669,1,0.5,47790.0,0.3590836441129462
17974669,5,0.6391752577319587,12510.0,0.5050100200400801
17974669,2,0.9,27073.0,0.7903225806451613
17981331,1,0.7073170731707317,247761584.0,0.6170212765957447
17981331,2,0.5905511811023622,107454.0,0.4192708333333333
17981331,3,0.6722689075630253,0.0,0.7714285714285715
17981331,5,0.6842105263157895,143346.0,0.49230769230769234
17981331,4,0.4626865671641791,0.0,0.5922330097087378
17981331,6,0.623574144486692,0.0,0.3684210526315789
17981331,7,0.6527777777777778,0.0,0.2571428571428571
17992856,1,0.5,68687451936.0,0.5608108108108109
17992856,2,0.620253164556962,21247.0,0.7216748768472906
17992856,5,0.5447154471544715,14516.0,0.6306620209059234
17994455,1,0.7586206896551724,24728.0,0.3608490566037736
17994455,2,0.5,68687451936.0,0.6418181818181818
17997050,1,0.5,22421.0,0.3590836441129462
17997050,2,0.5,68687451936.0,0.6418181818181818
17997050,3,0.5,0.0,0.6312684365781711
17997050,4,0.25,0.0,0.42857142857142855
17997050,6,1.0,0.0,0.2726423902894491
17997050,7,0.6666666666666666,0.0,0.41864951768488745
17997050,5,0.6,108364.0,0.5994318181818182
17999292,1,1.0,28130.0,0.3590836441129462
17999292,3,0.5,0.0,0.6312684365781711
17999292,4,0.5,0.0,0.5533290239172592
17999292,6,1.0,0.0,0.42663378545006164
17999292,7,0.3333333333333333,0.0,0.27138263665594853
17999292,5,0.6216216216216216,24274.0,0.5454545454545454
17999292,2,0.7307692307692307,42006.0,0.610223642172524
18003171,7,0.6666666666666666,0.0,0.6019292604501608
18003171,6,0.42857142857142855,0.0,0.6185185185185185
18003171,1,0.7,33951.0,0.8808290155440415
18003171,2,0.7894736842105263,35989.0,0.7470588235294118
18003171,3,0.75,0.0,0.4117647058823529
18003171,4,0.6538461538461539,0.0,0.7301587301587301
18003171,5,0.6111111111111112,34754.0,0.5167464114832536
18007309,3,0.0,0.0,0.6312684365781711
18007309,4,0.25,0.0,0.42857142857142855
18007309,6,0.6666666666666666,0.0,0.6451914098972923
18007309,7,0.6666666666666666,0.0,0.490032154340836
18007309,2,0.9,22616.0,0.8425925925925926
18007309,1,0.8636363636363636,33596.0,0.7631578947368421
18007309,5,0.6333333333333333,24110.0,0.6213333333333333
18011024,5,0.3333333333333333,20405.0,0.544973544973545
18011024,2,0.8571428571428571,15514.0,0.5523809523809524
18012596,1,0.5,68687451936.0,0.6688741721854304
18012596,5,0.375,32832.0,0.6701030927835051
18012596,2,0.46153846153846156,21440.0,0.7894736842105263
18015991,1,1.0,22954.0,0.3590836441129462
18015991,3,0.5,0.0,0.6306784660766962
18015991,4,0.25,0.0,0.47123464770523593
18015991,5,0.6,34965.0,0.30579531442663377
18015991,6,0.6666666666666666,0.0,0.47619047619047616
18015991,7,0.3333333333333333,0.0,0.6019292604501608
18015991,2,0.9,16536.0,0.7441860465116279
18018384,1,0.5,25537.0,0.3590836441129462
18018384,2,0.5,68687451936.0,0.6418181818181818
18018384,3,0.5,0.0,0.1687315634218289
18018384,4,0.25,0.0,0.47123464770523593
18018384,5,0.4,32525.0,0.30579531442663377
18018384,6,0.6666666666666666,0.0,0.47619047619047616
18018384,7,0.3333333333333333,0.0,0.490032154340836
18020852,2,0.8181818181818182,18263.0,0.8857142857142857
18020852,5,0.14285714285714285,27933.0,0.5291479820627802
18025302,2,0.5,68687451936.0,0.6777493606138107
18025302,5,0.4,44712.0,0.7177914110429447
18032506,5,0.0,44555.0,0.6521739130434783
18032506,2,0.16666666666666666,49578.0,0.6461538461538462
18034133,5,0.6666666666666666,12631.0,0.7124183006535948
18034133,2,0.6666666666666666,524100.0,0.5607814761215629
18037981,1,0.5,68687451936.0,0.8382978723404255
18037981,5,0.3,78424.0,0.5294117647058824
18045095,1,1.0,30646.0,0.3590836441129462
18045095,2,0.5,68687451936.0,0.6418181818181818
18045095,3,0.0,0.0,0.6312684365781711
18045095,4,0.75,0.0,0.42857142857142855
18045095,6,1.0,0.0,0.42663378545006164
18045095,7,1.0,0.0,0.6019292604501608
18045095,5,0.9333333333333333,26701.0,0.6
18051158,1,0.5,4628.0,0.3590836441129462
18051158,2,0.5,68687451936.0,0.6418181818181818
18051158,3,1.0,0.0,0.6306784660766962
18051158,4,0.25,0.0,0.5533290239172592
18051158,6,0.3333333333333333,0.0,0.6451914098972923
18051158,7,0.3333333333333333,0.0,0.6019292604501608
18051158,5,0.591304347826087,46331.0,0.680628272251309
18051660,1,0.0,28617.0,0.3590836441129462
18051660,2,0.5,68687451936.0,0.6418181818181818
18051660,3,0.5,0.0,0.6312684365781711
18051660,4,0.125,0.0,0.47123464770523593
18051660,6,0.3333333333333333,0.0,0.6185185185185185
18051660,7,1.0,0.0,0.41864951768488745
18051660,5,0.6,61455.0,0.4642857142857143
18056476,1,0.0,79550.0,0.3590836441129462
18056476,2,0.5,68687451936.0,0.6418181818181818
18056476,3,0.0,0.0,0.6306784660766962
18056476,4,0.25,0.0,0.42857142857142855
18056476,5,0.2,31882.0,0.30579531442663377
18056476,6,0.3333333333333333,0.0,0.4580246913580247
18056476,7,0.6666666666666666,0.0,0.490032154340836
18058955,5,0.4444444444444444,35943.0,0.3788546255506608
18058955,2,0.8888888888888888,29833.0,0.6607142857142857
18059415,1,1.0,26331.0,0.3590836441129462
18059415,2,0.5,68687451936.0,0.6418181818181818
18059415,3,1.0,0.0,0.6306784660766962
18059415,4,0.375,0.0,0.5533290239172592
18059415,5,0.2,10701.0,0.30579531442663377
18059415,6,0.6666666666666666,0.0,0.4580246913580247
18059415,7,0.3333333333333333,0.0,0.490032154340836
18059993,4,0.875,0.0,0.5533290239172592
18059993,1,0.8571428571428571,247539.0,0.7784810126582279
18059993,2,0.5454545454545454,36954.0,0.6821192052980133
18059993,6,0.6842105263157895,0.0,0.9259259259259259
18059993,7,0.7142857142857143,0.0,0.7741935483870968
18059993,3,0.6086956521739131,0.0,0.44936708860759494
18059993,5,0.5894736842105263,31458.0,0.71875
18061421,1,0.0,59525.0,0.4951923076923077
18061421,5,0.5,421369.0,0.5023255813953489
18066275,1,0.8275862068965517,40453.0,0.7
18066275,2,0.7837837837837838,22685.0,0.8425925925925926
18066275,3,0.7073170731707317,0.0,0.4457831325301205
18066275,4,0.6896551724137931,0.0,0.3618421052631579
18066275,6,0.4782608695652174,0.0,0.7109826589595376
18066275,5,0.35802469135802467,174327.0,0.6129032258064516
18070020,1,0.5,68687451936.0,0.9605263157894737
18070020,2,0.5,68687451936.0,0.5939086294416244
18070020,5,0.34210526315789475,11564.0,0.6702702702702703
18085770,1,1.0,24469.0,0.3590836441129462
18085770,2,0.5,68687451936.0,0.6418181818181818
18085770,3,0.5,0.0,0.6306784660766962
18085770,4,0.625,0.0,0.42857142857142855
18085770,5,0.6,16365.0,0.30579531442663377
18085770,6,0.6666666666666666,0.0,0.4580246913580247
18085770,7,1.0,0.0,0.41864951768488745
18105707,5,0.5,50298.0,0.8035714285714286
18105707,2,1.0,58215.0,0.5939086294416244
18118240,1,0.0,20915.0,0.3590836441129462
18118240,2,0.5,68687451936.0,0.6418181818181818
18118240,3,0.5,0.0,0.6312684365781711
18118240,4,0.25,0.0,0.47123464770523593
18118240,5,0.2,6229.0,0.30579531442663377
18118240,6,0.3333333333333333,0.0,0.47619047619047616
18118240,7,0.0,0.0,0.41864951768488745
18122922,6,0.7029250457038391,0.0,0.6595744680851063
18122922,7,0.6784037558685446,0.0,0.8181818181818182
18122922,5,0.6597366597366597,26607.0,0.5161290322580645
18122922,1,0.8538812785388128,14458.0,0.9239766081871345
18122922,3,0.7625721352019785,0.0,0.5652173913043478
18122922,2,0.6935960591133005,30485.0,0.8709677419354839
18122922,4,0.6678445229681979,0.0,0.6481481481481481
18134301,1,0.5,68687451936.0,0.3590836441129462
18134301,5,0.8,20496.0,0.6721311475409836
18134301,2,0.45454545454545453,21238.0,0.5364583333333334
18140387,3,0.5,0.0,0.6306784660766962
18140387,4,0.25,0.0,0.5533290239172592
18140387,7,0.0,0.0,0.41864951768488745
18140387,1,0.7164750957854407,23851.0,0.8941176470588236
18140387,6,0.6086956521739131,0.0,0.6484848484848484
18140387,2,0.592741935483871,22018.0,0.7032967032967034
18140387,5,0.5351170568561873,10178.0,0.7728706624605678
18140877,1,1.0,34711.0,0.3590836441129462
18140877,2,0.5,68687451936.0,0.6418181818181818
18140877,3,0.5,0.0,0.6312684365781711
18140877,4,0.625,0.0,0.5533290239172592
18140877,5,0.4,13313.0,0.30579531442663377
18140877,6,0.6666666666666666,0.0,0.47619047619047616
18140877,7,0.3333333333333333,0.0,0.6019292604501608
18151090,1,0.8695652173913043,956862649.0,0.9701492537313433
18151090,3,0.75,0.0,0.6829268292682927
18151090,4,0.5903614457831325,0.0,0.9090909090909091
18151090,6,0.7473684210526316,0.0,0.7424242424242424
18151090,7,0.7674418604651163,0.0,0.46511627906976744
18151090,2,0.7338129496402878,18393.0,0.780952380952381
18151090,5,0.6682926829268293,72237.0,0.6170212765957447
18171938,1,0.5510204081632653,31568.0,0.697508896797153
18171938,2,0.6666666666666666,2475724.0,1.0
18171938,5,0.2413793103448276,24165.0,0.3073286052009456
18174457,1,0.0,26168.0,0.3590836441129462
18174457,2,0.5,68687451936.0,0.6418181818181818
18174457,3,1.0,0.0,0.1687315634218289
18174457,4,0.25,0.0,0.5533290239172592
18174457,5,0.2,47861.0,0.30579531442663377
18174457,6,0.3333333333333333,0.0,0.6451914098972923
18174457,7,0.6666666666666666,0.0,0.27138263665594853
18184089,2,1.0,753159.0,0.8235294117647058
18184089,5,0.5789473684210527,16914.0,0.27692307692307694
18187337,7,0.5384615384615384,0.0,0.8840579710144928
18187337,2,0.52,53501.0,0.7125
18187337,4,0.53125,0.0,0.48
18187337,1,0.65625,42304.0,0.9333333333333333
18187337,3,0.4645161290322581,0.0,0.7285714285714285
18187337,6,0.4069767441860465,0.0,0.21370967741935484
18187337,5,0.2964824120603015,95896.0,0.5
18190705,1,1.0,24568.0,0.3590836441129462
18190705,2,0.5,68687451936.0,0.6418181818181818
18190705,3,0.5,0.0,0.6306784660766962
18190705,4,0.875,0.0,0.5533290239172592
18190705,6,1.0,0.0,0.42663378545006164
18190705,7,0.6666666666666666,0.0,0.27138263665594853
18190705,5,0.8367346938775511,13750.0,0.44680851063829785
18192110,7,0.0,0.0,0.41864951768488745
18192110,1,0.9230769230769231,29059.0,0.9587628865979382
18192110,2,0.8846153846153846,20861.0,0.8207547169811321
18192110,3,0.7142857142857143,0.0,0.2545454545454545
18192110,4,0.5,0.0,0.8372093023255814
18192110,5,0.5714285714285714,31229.0,0.7309417040358744
18192110,6,0.36363636363636365,0.0,0.625
18194237,5,0.5862068965517241,22098.0,0.6716417910447762
18194237,7,0.75,0.0,0.7784810126582279
18194237,6,0.7796610169491526,0.0,0.5508196721311476
18206004,2,0.5,68687451936.0,0.55
18206004,1,0.5,68687451936.0,0.7896440129449838
18206004,5,0.42857142857142855,23156.0,0.7733333333333333
18207715,5,0.5,35071.0,0.304
18207715,2,0.5,68687451936.0,0.6627450980392157
18207715,4,0.36363636363636365,0.0,0.8620689655172413
18218950,1,0.5,21614.0,0.3590836441129462
18218950,2,0.5,68687451936.0,0.6418181818181818
18218950,3,1.0,0.0,0.1687315634218289
18218950,4,0.375,0.0,0.47123464770523593
18218950,5,0.2,22205.0,0.30579531442663377
18218950,6,0.6666666666666666,0.0,0.47619047619047616
18218950,7,0.3333333333333333,0.0,0.6019292604501608
18222095,2,0.0,35903.0,0.7054263565891473
18222095,5,0.14285714285714285,109991.0,0.625
18224950,1,1.0,114991.0,0.3590836441129462
18224950,2,0.5,68687451936.0,0.6418181818181818
18224950,3,0.5,0.0,0.6306784660766962
18224950,4,0.375,0.0,0.47123464770523593
18224950,5,0.6,23089.0,0.30579531442663377
18224950,6,0.6666666666666666,0.0,0.828395061728395
18224950,7,0.0,0.0,0.41864951768488745
18225541,1,1.0,34330.0,0.3590836441129462
18225541,3,0.5,0.0,0.6312684365781711
18225541,4,0.875,0.0,0.47123464770523593
18225541,6,0.3333333333333333,0.0,0.47619047619047616
18225541,7,1.0,0.0,0.490032154340836
18225541,2,0.8571428571428571,93639.0,0.7536231884057971
18225541,5,0.7777777777777778,43666.0,0.7962962962962963
18226732,3,0.2,0.0,0.6312684365781711
18226732,2,1.0,198105589.0,0.6418181818181818
18226732,6,0.42857142857142855,0.0,0.6185185185185185
18226732,4,0.29411764705882354,0.0,0.2764811490125673
18226732,1,0.8,103940247.0,0.3590836441129462
18226732,7,0.42857142857142855,0.0,0.41864951768488745
18226732,5,0.6666666666666666,41169.0,0.8918918918918919
18232935,6,0.45454545454545453,0.0,0.9069767441860465
18232935,1,0.8787878787878788,27819.0,0.8131868131868132
18232935,2,1.0,25063.0,0.6581632653061225
18232935,4,0.8536585365853658,0.0,0.65
18232935,5,0.64,28968.0,0.8181818181818182
18232935,3,0.9736842105263158,0.0,0.9230769230769231
18239223,1,0.5,68687451936.0,0.37637362637362637
18239223,2,0.6666666666666666,31159.0,0.58
18239223,5,0.47368421052631576,31141.0,0.4484304932735426
18240795,2,0.6551724137931034,24358.0,0.5253164556962026
18240795,5,0.625,25507.0,0.49731663685152055
18242186,5,0.6666666666666666,26262.0,0.18421052631578946
18242186,3,0.875,0.0,0.6090909090909091
18242186,1,0.9,65030.0,0.7974683544303798
18242186,4,0.9230769230769231,0.0,0.1568627450980392
18242186,2,0.75,62594.0,0.5607814761215629
18249255,5,0.5,40977.0,0.5111111111111111
18249504,1,0.0,15257009.0,0.3590836441129462
18249504,3,0.5,0.0,0.1687315634218289
18249504,4,0.25,0.0,0.47123464770523593
18249504,6,0.3333333333333333,0.0,0.6451914098972923
18249504,7,0.6666666666666666,0.0,0.27138263665594853
18249504,2,0.9,45339.0,0.7591240875912408
18249504,5,0.48,26223.0,0.7142857142857143
18264754,1,0.5,32022.0,0.3590836441129462
18264754,2,0.5,68687451936.0,0.6418181818181818
18264754,3,0.5,0.0,0.6312684365781711
18264754,4,0.25,0.0,0.47123464770523593
18264754,5,0.0,4268.0,0.30579531442663377
18264754,6,0.3333333333333333,0.0,0.2726423902894491
18264754,7,0.6666666666666666,0.0,0.41864951768488745
18270524,1,0.7368421052631579,31358.0,0.864406779661017
18270524,2,0.29411764705882354,26437.0,0.7875
18270524,3,0.0,0.0,0.7551020408163265
18270524,5,0.5666666666666667,30796.0,0.697841726618705
18271687,5,0.3333333333333333,13258.0,0.6231884057971014
18271687,2,0.9090909090909091,23365.0,0.6812933025404158
18283722,2,0.7304347826086957,27635.0,0.8585858585858586
18283722,5,0.6964285714285714,84414.0,0.45161290322580644
18284619,1,0.5,68687451936.0,0.554140127388535
18284619,2,0.5384615384615384,244857.0,0.5688888888888889
18284619,5,0.5833333333333334,25251.0,0.6906474820143885
18286240,2,1.0,19547.0,0.55
18286240,5,0.5434782608695652,28717.0,0.2932330827067669
18311758,1,1.0,25222.0,0.3590836441129462
18311758,2,0.5,68687451936.0,0.6418181818181818
18311758,3,0.5,0.0,0.6312684365781711
18311758,4,0.625,0.0,0.42857142857142855
18311758,5,0.4,25249.0,0.30579531442663377
18311758,6,1.0,0.0,0.6185185185185185
18311758,7,0.625,0.0,0.8409090909090909
18314033,2,0.2727272727272727,33423.0,0.42997198879551823
18314033,1,0.5,41242.0,0.7319587628865979
18314033,5,0.4,40537.0,0.76
18314070,1,0.0,25378.0,0.6326530612244898
18314070,5,0.6666666666666666,99808.0,0.5217391304347826
18316062,1,0.5,68687451936.0,0.9386792452830188
18316062,5,0.5510204081632653,44017.0,0.7435897435897436
18316062,2,0.7209302325581395,18933.0,0.7129337539432177
18321581,5,0.17391304347826086,21279.0,0.7555555555555555
18322650,2,0.5,68687451936.0,0.8117647058823529
18322650,5,0.13333333333333333,13289.0,0.4744525547445255
18330488,1,0.5,68687451936.0,0.7121212121212122
18330488,2,0.6831683168316832,47292.0,0.75
18330488,5,0.6377551020408163,68111.0,0.375
18339827,7,0.6164383561643836,0.0,0.8571428571428571
18339827,6,0.6336633663366337,0.0,0.8865248226950354
18339827,1,0.7560975609756098,37134.0,0.8412698412698413
18339827,3,0.660377358490566,0.0,0.62
18339827,5,0.6507936507936508,113373.0,0.6339712918660287
18339827,2,0.5434083601286174,48119.0,0.684
18339827,4,0.5643564356435643,0.0,0.40707964601769914
18340555,2,0.5,68687451936.0,0.5939086294416244
18340555,5,0.6341463414634146,75689.0,0.5047169811320755
18344363,1,0.5,777734.0,0.3590836441129462
18344363,2,0.5,68687451936.0,0.6418181818181818
18344363,3,0.5,0.0,0.6312684365781711
18344363,4,0.125,0.0,0.47123464770523593
18344363,5,0.4,69370.0,0.30579531442663377
18344363,6,1.0,0.0,0.42663378545006164
18344363,7,0.6666666666666666,0.0,0.27138263665594853
18356198,2,0.0,50886.0,0.6926406926406926
18356198,5,0.25,19634.0,0.5201305767138193
18360015,2,0.4782608695652174,27560.0,0.5607814761215629
18360015,5,0.38461538461538464,37372.0,0.7123287671232876
18360365,1,0.0,24824.0,0.3590836441129462
18360365,2,0.5,68687451936.0,0.6418181818181818
18360365,3,0.0,0.0,0.6306784660766962
18360365,4,0.375,0.0,0.47123464770523593
18360365,5,0.4,43633.0,0.30579531442663377
18360365,6,0.3333333333333333,0.0,0.2726423902894491
18360365,7,0.0,0.0,0.41864951768488745
18361222,1,0.0,19966.0,0.9423076923076923
18361222,2,0.6303030303030303,44953.0,0.6842105263157895
18361222,5,0.7125748502994012,37974.0,0.43209876543209874
18382516,5,0.3333333333333333,99735.0,0.43209876543209874
18382516,2,0.6666666666666666,56078.0,0.7148148148148148
18389232,2,0.5,68687451936.0,0.5380952380952381
18389232,5,0.55,34028.0,0.717852684144819
18389702,4,0.6551724137931034,0.0,0.6640625
18389702,7,0.45901639344262296,0.0,0.7560975609756098
18389702,1,0.7142857142857143,23450.0,0.8700564971751412
18389702,3,0.6551724137931034,0.0,0.6744186046511628
18389702,6,0.6204379562043796,0.0,0.9393939393939394
18389702,5,0.5428571428571428,71474.0,0.5454545454545454
18389702,2,0.7008547008547008,105721.0,0.759075907590759
18391090,6,0.6666666666666666,0.0,0.8318840579710145
18391090,1,0.5,68687451936.0,0.7419354838709677
18391090,2,0.875,383611123.0,0.9210526315789473
18391090,5,0.671875,48137.0,0.6666666666666666
18391117,1,0.5,68687451936.0,0.4031620553359684
18391117,5,0.7,7678.0,0.47474747474747475
18393556,1,0.5,30910.0,0.3590836441129462
18393556,2,0.5,68687451936.0,0.6418181818181818
18393556,3,0.5,0.0,0.6306784660766962
18393556,4,0.375,0.0,0.47123464770523593
18393556,5,0.4,18230.0,0.30579531442663377
18393556,6,0.0,0.0,0.6451914098972923
18393556,7,1.0,0.0,0.27138263665594853
18396148,1,1.0,26674.0,0.3590836441129462
18396148,3,1.0,0.0,0.1687315634218289
18396148,4,0.375,0.0,0.5533290239172592
18396148,5,0.8,31225.0,0.30579531442663377
18396148,6,0.6666666666666666,0.0,0.6185185185185185
18396148,7,0.3333333333333333,0.0,0.41864951768488745
18396148,2,0.8,70632.0,0.8611111111111112
18410401,1,1.0,28876.0,0.925531914893617
18410401,5,0.4264705882352941,200441.0,0.5
18410401,2,0.581081081081081,41186.0,0.6046511627906976
18417867,5,0.4583333333333333,41231.0,0.2636363636363636
18417867,2,0.8292682926829268,43328.0,0.58
18424547,1,0.5,68687451936.0,0.8412698412698413
18424547,2,0.3333333333333333,18629388920.0,0.680327868852459
18424547,5,0.36363636363636365,91723428.0,0.7553191489361702
18431395,5,0.5,29340.0,0.6022727272727273
18431395,2,0.4583333333333333,237927.0,0.8837209302325582
18433533,1,0.0,22760.0,0.3590836441129462
18433533,2,0.5,68687451936.0,0.6418181818181818
18433533,3,1.0,0.0,0.1687315634218289
18433533,4,0.375,0.0,0.47123464770523593
18433533,6,0.6666666666666666,0.0,0.47619047619047616
18433533,7,0.0,0.0,0.490032154340836
18433533,5,0.48,15773.0,0.7083333333333334
18443125,7,0.75,0.0,0.9
18443125,4,0.5428571428571428,0.0,0.72
18443125,1,0.9090909090909091,25188.0,0.9767441860465116
18443125,2,0.6904761904761905,36265.0,0.5647840531561462
18443125,6,0.7475728155339806,0.0,0.5
18443125,3,0.7378048780487805,0.0,0.7
18443125,5,0.6590909090909091,105098.0,0.5756880733944955
18447026,1,0.0,5461.0,0.3590836441129462
18447026,3,1.0,0.0,0.6306784660766962
18447026,4,0.375,0.0,0.47123464770523593
18447026,6,0.0,0.0,0.2726423902894491
18447026,7,0.3333333333333333,0.0,0.490032154340836
18447026,2,0.35714285714285715,56141.0,0.7912087912087912
18447026,5,0.3,23139.0,0.578125
18454138,5,0.3793103448275862,51153.0,0.3073286052009456
18454912,5,0.7115384615384616,98747.0,0.32792207792207795
18454912,1,0.0,2404.0,0.3590836441129462
18454912,2,0.5,68687451936.0,0.6418181818181818
18454912,3,0.0,0.0,0.6312684365781711
18454912,4,0.25,0.0,0.5533290239172592
18454912,6,0.0,0.0,0.4067796610169492
18454912,7,0.0,0.0,0.41864951768488745
18455200,3,0.35714285714285715,0.0,0.6884057971014492
18455200,5,0.42857142857142855,1386024.0,0.4222222222222222
18455200,4,0.0,0.0,0.8492063492063492
18457289,4,0.0,0.0,0.42857142857142855
18457289,6,0.3333333333333333,0.0,0.6779661016949152
18457289,7,0.0,0.0,0.490032154340836
18457289,3,0.4,0.0,0.6385542168674698
18457289,5,0.3076923076923077,85921.0,0.7380952380952381
18457289,1,0.6624203821656051,134879.0,0.697560975609756
18457289,2,0.5681818181818182,89770.0,0.6716417910447762
18462883,5,0.42857142857142855,32915.0,0.8775510204081632
18462883,6,0.47368421052631576,0.0,0.7926829268292683
18462883,1,0.5714285714285714,36217.0,0.788235294117647
18462883,3,0.6,0.0,0.8297872340425532
18462883,2,0.32,26441.0,0.8709677419354839
18464784,1,1.0,18947.0,0.9423076923076923
18464784,2,0.9,15893.0,0.8148148148148148
18464784,5,0.625,26541.0,0.7438271604938271
18467698,2,0.8863636363636364,38745.0,0.5851063829787234
18467698,1,0.8823529411764706,52167.0,0.6356877323420075
18467698,4,0.9310344827586207,0.0,0.3028571428571429
18467698,5,0.7954545454545454,24553.0,0.21337579617834396
18467698,3,0.9438202247191011,0.0,0.7928571428571428
18467698,6,0.8762886597938144,0.0,0.7214285714285714
18467698,7,0.8875739644970414,0.0,0.8095238095238095
18468494,2,0.6551724137931034,20916.0,0.5457142857142857
18468494,3,0.5517241379310345,0.0,0.6312684365781711
18468494,4,0.5172413793103449,0.0,0.2764811490125673
18468494,1,0.7142857142857143,51759.0,0.5923566878980892
18468494,5,0.27586206896551724,37858.0,0.3073286052009456
18472063,3,0.5,0.0,0.6306784660766962
18472063,4,0.25,0.0,0.5533290239172592
18472063,6,0.3333333333333333,0.0,0.47619047619047616
18472063,7,0.6666666666666666,0.0,0.6019292604501608
18472063,1,0.0,8680.0,0.8132427843803056
18472063,5,0.5327102803738317,119775.0,0.7804878048780488
18472063,2,0.6538461538461539,51875.0,0.8140495867768595
18484287,5,1.0,30831.0,0.6923076923076923
18484287,1,0.5,68687451936.0,0.7184466019417476
18484287,2,0.36363636363636365,24978.0,0.8082089552238806
18494818,5,0.5769230769230769,25877.0,0.7272727272727273
18501098,5,0.0,36700.0,0.6206896551724138
18501098,2,0.7142857142857143,32185.0,0.6088709677419355
18510236,1,0.5,25324.0,0.3590836441129462
18510236,2,0.5,68687451936.0,0.6418181818181818
18510236,3,0.5,0.0,0.6306784660766962
18510236,4,0.125,0.0,0.42857142857142855
18510236,5,0.2,25450.0,0.30579531442663377
18510236,6,0.3333333333333333,0.0,0.2726423902894491
18510236,7,0.3333333333333333,0.0,0.6019292604501608
18510351,1,0.5,68687451936.0,0.4935064935064935
18510351,2,1.0,22428.0,0.6777493606138107
18510351,5,0.5,55918.0,0.8299065420560747
18511083,1,0.5,23315.0,0.3590836441129462
18511083,2,0.5,68687451936.0,0.6418181818181818
18511083,3,0.5,0.0,0.6312684365781711
18511083,4,0.5,0.0,0.5533290239172592
18511083,6,0.0,0.0,0.6451914098972923
18511083,7,0.3333333333333333,0.0,0.6019292604501608
18511083,5,0.52,47849.0,0.8301886792452831
18516689,1,0.864321608040201,41145.0,0.684971098265896
18516689,7,0.7333333333333333,0.0,0.8518518518518519
18516689,6,0.7441860465116279,0.0,0.6295081967213115
18516689,2,0.6907216494845361,48520.0,0.5422535211267606
18516689,4,0.6829268292682927,0.0,0.5875
18516689,3,0.7317073170731707,0.0,0.47863247863247865
18516689,5,0.65,2165483036.0,0.7006369426751592
18524346,2,0.6,25146.0,0.5607814761215629
18524346,5,0.5555555555555556,62192.0,0.5047169811320755
18537765,5,0.6029411764705882,61365.0,0.803921568627451
18551336,2,0.4,34650.0,0.8650793650793651
18551336,5,0.37037037037037035,18188.0,0.7272727272727273
18559315,1,0.5,68687451936.0,0.3590836441129462
18559315,2,0.5,68687451936.0,0.6777493606138107
18559315,5,0.5294117647058824,17846.0,0.5348837209302325
18574584,1,1.0,25370.0,0.3590836441129462
18574584,3,0.5,0.0,0.6306784660766962
18574584,4,0.25,0.0,0.5533290239172592
18574584,6,0.3333333333333333,0.0,0.828395061728395
18574584,7,0.0,0.0,0.27138263665594853
18574584,2,0.6818181818181818,35157.0,0.8082089552238806
18574584,5,0.2857142857142857,32957.0,0.8299065420560747
18579180,5,1.0,60958.0,0.6842105263157895
18579180,2,0.5,22672.0,0.7307692307692307
18579180,1,1.0,49122.0,0.35410764872521244
18586193,2,0.6371428571428571,21872.0,0.6062176165803109
18586193,5,0.6404494382022472,46716.0,0.7894736842105263
18588025,2,0.6071428571428571,61789.0,0.8666666666666667
18588025,5,0.4864864864864865,85038.0,0.5833333333333334
18590413,6,0.3333333333333333,0.0,0.8224852071005917
18590413,7,0.75,0.0,0.2916666666666667
18590413,4,0.5957446808510638,0.0,0.5294117647058824
18590413,1,0.6818181818181818,35811.0,0.9791666666666666
18590413,3,0.7647058823529411,0.0,0.7903225806451613
18590413,5,0.6341463414634146,739698.0,0.5551601423487544
18590413,2,0.4625,2588114012.0,0.7962264150943397
18600822,1,1.0,28972.0,0.3590836441129462
18600822,3,1.0,0.0,0.1687315634218289
18600822,4,0.875,0.0,0.47123464770523593
18600822,6,1.0,0.0,0.43137254901960786
18600822,7,1.0,0.0,0.27138263665594853
18600822,2,0.967906976744186,21573.0,0.6206030150753769
18600822,5,0.8758589097572148,30451.0,0.7124183006535948
18619175,2,0.75,36407.0,0.6501901140684411
18619175,5,0.5072463768115942,53486.0,0.5108695652173914
18619175,1,0.75,52907.0,0.3253968253968254
18619175,3,0.8275862068965517,0.0,0.7580645161290323
18619175,4,0.5,0.0,0.631578947368421
18619175,6,0.6190476190476191,0.0,0.7307692307692307
18619175,7,0.3974358974358974,0.0,0.550561797752809
18621393,2,0.8421052631578947,24772.0,0.5607814761215629
18621393,5,0.5666666666666667,55350.0,0.4375
18627342,3,0.6,0.0,0.5727272727272728
18627342,4,0.6727272727272727,0.0,0.8421052631578947
18627342,6,0.7471264367816092,0.0,0.8214285714285714
18627342,7,0.6551724137931034,0.0,0.6363636363636364
18627342,1,0.7241379310344828,106390.0,0.32229580573951433
18627342,2,0.6744186046511628,18178.0,0.48576512455516013
18627342,5,0.48659003831417624,66038.0,0.3684210526315789
18630884,1,0.5,68687451936.0,0.819672131147541
18630884,2,0.7368421052631579,29305.0,0.8649921507064364
18630884,5,0.5,1093654693.0,0.19166666666666668
18632583,7,0.0,0.0,0.6019292604501608
18632583,6,0.5428571428571428,0.0,0.45098039215686275
18632583,1,0.8205128205128205,52530.0,0.8873873873873874
18632583,2,0.8333333333333334,33683.0,0.8923076923076924
18632583,3,0.6551724137931034,0.0,0.5565217391304348
18632583,4,0.6451612903225806,0.0,0.8541666666666666
18632583,5,0.6321626617375231,53248.0,0.5555555555555556
18643247,2,0.38461538461538464,38179.0,0.5747800586510264
18643247,6,0.8666666666666667,0.0,0.8136363636363636
18643247,5,0.7109826589595376,47520.0,0.5294117647058824
18647526,1,1.0,49312.0,0.3590836441129462
18647526,3,0.5,0.0,0.6306784660766962
18647526,4,0.5,0.0,0.47123464770523593
18647526,6,1.0,0.0,0.4580246913580247
18647526,7,1.0,0.0,0.27138263665594853
18647526,2,0.7777777777777778,24124.0,0.6457627118644068
18647526,5,0.5945945945945946,43739.0,0.5469387755102041
18648416,1,0.5,68687451936.0,0.8939393939393939
18648416,2,0.6086956521739131,4287723101.0,0.8508771929824561
18648416,5,0.7142857142857143,4290200042.0,0.5648148148148148
18654203,7,0.0,0.0,0.27138263665594853
18654203,3,0.5426008968609866,0.0,0.9285714285714286
18654203,4,0.45454545454545453,0.0,0.5094339622641509
18654203,6,0.4915254237288136,0.0,0.8415492957746479
18654203,1,0.7486631016042781,87820.0,0.5954415954415955
18654203,5,0.5812807881773399,95496.0,0.8775510204081632
18654203,2,0.7832369942196532,156193.0,0.8571428571428571
18655211,6,0.6666666666666666,0.0,0.6482213438735178
18655211,1,0.7027027027027027,504805.0,0.7869822485207101
18655211,5,0.6580310880829016,75367.0,0.5925925925925926
18655211,2,0.7345132743362832,34624.0,0.704225352112676
18658177,1,0.5,35564.0,0.565068493150685
18658177,5,0.5277777777777778,119906.0,0.2896865520728008
18658177,2,0.5454545454545454,33092.0,0.5688888888888889
18662980,2,1.0,36865.0,0.6595744680851063
18662980,5,0.6,20678.0,0.5551601423487544
18668111,1,0.0,89318.0,0.3590836441129462
18668111,2,0.5,68687451936.0,0.6418181818181818
18668111,3,1.0,0.0,0.1687315634218289
18668111,4,0.875,0.0,0.47123464770523593
18668111,6,1.0,0.0,0.828395061728395
18668111,7,1.0,0.0,0.27138263665594853
18668111,5,0.4,35732.0,0.537117903930131
18671818,1,1.0,27768.0,0.3590836441129462
18671818,2,0.5,68687451936.0,0.6418181818181818
18671818,3,0.5,0.0,0.6312684365781711
18671818,4,0.375,0.0,0.5533290239172592
18671818,5,0.6,47606.0,0.30579531442663377
18671818,6,0.6666666666666666,0.0,0.4580246913580247
18671818,7,0.6666666666666666,0.0,0.6019292604501608
18673677,7,0.6923076923076923,0.0,0.9178082191780822
18673677,6,0.7931034482758621,0.0,0.9583333333333334
18673677,4,0.7375,0.0,0.5833333333333334
18673677,1,0.8424908424908425,28641.0,0.9148936170212766
18673677,3,0.7565217391304347,0.0,0.7894736842105263
18673677,2,0.7736720554272517,24663.0,0.7867647058823529
18673677,5,0.6829971181556196,82609.0,0.7272727272727273
18673996,1,0.5,25118.0,0.3590836441129462
18673996,2,0.5,68687451936.0,0.6418181818181818
18673996,3,0.5,0.0,0.6312684365781711
18673996,4,0.125,0.0,0.47123464770523593
18673996,5,0.2,23316.0,0.30579531442663377
18673996,6,0.3333333333333333,0.0,0.6185185185185185
18677136,1,0.5,29589.0,0.3590836441129462
18677136,2,0.5,68687451936.0,0.6418181818181818
18677136,3,0.5,0.0,0.1687315634218289
18677136,4,0.125,0.0,0.47123464770523593
18677136,6,0.3333333333333333,0.0,0.6185185185185185
18677136,7,0.3333333333333333,0.0,0.490032154340836
18677136,5,0.14285714285714285,81241.0,0.5199543899657925
18678712,5,0.4,3544336660.0,0.359375
18678712,6,0.4803921568627451,0.0,0.4810126582278481
18683561,1,0.0,26542.0,0.3590836441129462
18683561,2,0.5,68687451936.0,0.6418181818181818
18683561,3,0.5,0.0,0.6306784660766962
18683561,4,0.375,0.0,0.5533290239172592
18683561,5,0.0,10847.0,0.30579531442663377
18683561,6,0.0,0.0,0.828395061728395
18683561,7,0.3333333333333333,0.0,0.6019292604501608
18689721,2,0.5,68687451936.0,0.6926406926406926
18689721,5,0.5,66187.0,0.44545454545454544
18694170,5,0.4375,25708.0,0.7595419847328244
18696375,1,0.5,68687451936.0,0.759581881533101
18696375,6,0.42857142857142855,0.0,0.7225433526011561
18696375,2,0.7619047619047619,32997.0,0.5607814761215629
18696375,5,0.6271186440677966,2952557098.0,0.5246636771300448
18697242,5,0.35714285714285715,32803.0,0.66
18697242,2,0.6818181818181818,87969.0,0.8649921507064364
18700026,1,0.5,26677.0,0.3590836441129462
18700026,3,0.0,0.0,0.6306784660766962
18700026,4,0.5,0.0,0.47123464770523593
18700026,6,0.6666666666666666,0.0,0.43137254901960786
18700026,7,0.6666666666666666,0.0,0.490032154340836
18700026,5,0.6666666666666666,31733.0,0.6666666666666666
18700026,2,0.7,34225.0,0.553072625698324
18708396,2,0.7727272727272727,61744.0,0.7962264150943397
18708396,5,0.5217391304347826,72443.0,0.46938775510204084
18713116,4,0.2987012987012987,0.0,0.7758620689655172
18713116,6,0.45161290322580644,0.0,0.6243093922651933
18713116,7,0.4,0.0,0.48
18713116,1,0.7125,34537.0,0.9682539682539683
18713116,3,0.45794392523364486,0.0,0.6666666666666666
18713116,5,0.45786516853932585,67312816.0,0.4807692307692308
18713116,2,0.5752688172043011,23659.0,0.98989898989899
18714327,1,0.6551724137931034,22316.0,0.3608490566037736
18714327,5,0.3793103448275862,28484.0,0.3073286052009456
18718334,1,0.5,29164.0,0.3590836441129462
18718334,3,0.0,0.0,0.6312684365781711
18718334,4,0.25,0.0,0.42857142857142855
18718334,6,1.0,0.0,0.42663378545006164
18718334,7,0.6666666666666666,0.0,0.27138263665594853
18718334,2,0.9,26494.0,0.7215189873417721
18718334,5,0.5333333333333333,43550.0,0.85
18724089,1,0.5,34154.0,0.3590836441129462
18724089,3,0.0,0.0,0.6312684365781711
18724089,4,0.375,0.0,0.5533290239172592
18724089,6,0.6666666666666666,0.0,0.6185185185185185
18724089,7,0.3333333333333333,0.0,0.27138263665594853
18724089,2,0.8,90359.0,0.5607814761215629
18724089,5,0.5142857142857142,50136.0,0.5753012048192772
18732043,6,0.8181818181818182,0.0,0.6371681415929203
18732043,4,0.5454545454545454,0.0,0.9333333333333333
18732043,2,0.75,51845.0,0.9222222222222223
18732043,1,0.8,55258.0,0.8775510204081632
18732043,3,0.7,0.0,0.5
18732043,5,0.6826196473551638,43330.0,0.6376811594202898
18733142,1,0.5,23751.0,0.3590836441129462
18733142,2,0.5,68687451936.0,0.6418181818181818
18733142,3,0.5,0.0,0.6312684365781711
18733142,4,0.5,0.0,0.42857142857142855
18733142,5,0.0,15290.0,0.30579531442663377
18733142,6,0.6666666666666666,0.0,0.43137254901960786
18733142,7,0.6666666666666666,0.0,0.41864951768488745
18739831,1,1.0,27958.0,0.3590836441129462
18739831,2,0.5,68687451936.0,0.6418181818181818
18739831,3,0.0,0.0,0.6312684365781711
18739831,4,0.375,0.0,0.47123464770523593
18739831,6,0.6666666666666666,0.0,0.4580246913580247
18739831,7,0.3333333333333333,0.0,0.27138263665594853
18739831,5,0.4,47796.0,0.7298387096774194
18741941,5,0.7058823529411765,37602.0,0.6397058823529411
18744065,1,0.5,68687451936.0,0.797979797979798
18744065,5,0.1111111111111111,25856.0,0.6417910447761194
18744065,2,0.42857142857142855,22062.0,0.7291666666666666
18759752,1,0.7931034482758621,21412.0,0.3608490566037736
18759752,2,0.6896551724137931,17393.0,0.5457142857142857
18759752,3,0.5517241379310345,0.0,0.6306784660766962
18759752,4,0.25,0.0,0.42857142857142855
18759752,7,0.0,0.0,0.41864951768488745
18759752,6,0.5454545454545454,0.0,0.8807947019867549
18759752,5,0.5897435897435898,54918.0,0.6621004566210046
18762910,1,0.5,25950.0,0.3590836441129462
18762910,2,0.5,68687451936.0,0.6418181818181818
18762910,3,0.5,0.0,0.6312684365781711
18762910,4,0.125,0.0,0.5533290239172592
18762910,6,0.6666666666666666,0.0,0.4580246913580247
18762910,7,0.3333333333333333,0.0,0.6019292604501608
18762910,5,0.3333333333333333,23987.0,0.5030581039755352
18770910,1,1.0,14441.0,0.9261083743842364
18770910,5,0.43902439024390244,42493.0,0.38235294117647056
18771735,5,0.38461538461538464,49869.0,0.6546489563567363
18773946,2,0.5,68687451936.0,0.5364583333333334
18773946,1,0.5,68687451936.0,0.9423076923076923
18773946,5,0.4,88198.0,0.304
18774176,2,0.26666666666666666,47818.0,0.4830917874396135
18774176,3,0.27692307692307694,0.0,0.8541666666666666
18774176,1,0.4583333333333333,68687451936.0,0.7183098591549296
18774176,5,0.4,16669.0,0.711864406779661
18775798,2,0.8421052631578947,21316.0,0.6318181818181818
18775798,5,0.7066666666666667,24433.0,0.65
18782223,1,0.5,68687451936.0,0.8700564971751412
18782223,2,0.5,68687451936.0,0.4772727272727273
18782223,5,0.6363636363636364,22659.0,0.6631205673758865
18782775,5,0.6666666666666666,15001.0,0.49295774647887325
18782775,2,0.5,27057.0,0.7589743589743589
18789336,4,0.21428571428571427,0.0,0.8584070796460177
18789336,3,0.2917933130699088,0.0,0.9183673469387755
18789336,5,0.3241758241758242,751195918.0,0.6486486486486487
18789336,7,0.25274725274725274,0.0,0.7058823529411765
18789336,1,0.6956521739130435,36504.0,0.9333333333333333
18789336,6,0.31662591687041564,0.0,0.8571428571428571
18789336,2,0.5367647058823529,249044.0,0.6812933025404158
18789909,2,0.6938775510204082,123577.0,0.6615384615384615
18789909,1,0.7142857142857143,957545.0,0.9807692307692307
18789909,3,0.75,0.0,0.8962264150943396
18789909,5,0.652542372881356,22330.0,0.5496688741721855
18789909,6,0.7207207207207207,0.0,0.4738675958188153
18789909,4,0.6440677966101694,0.0,0.36
18789909,7,0.6486486486486487,0.0,0.42857142857142855
18790792,2,0.6666666666666666,25408.0,0.8260869565217391
18790792,5,0.49295774647887325,22246.0,0.7735849056603774
18795270,6,0.7272727272727273,0.0,0.6070038910505836
18795270,3,0.9411764705882353,0.0,0.6363636363636364
18795270,5,0.6,254643965.0,0.625
18795270,1,0.5263157894736842,49901.0,0.667741935483871
18795270,4,0.5454545454545454,0.0,0.8546255506607929
18795270,2,0.6595744680851063,27007.0,0.8662790697674418
18797518,1,0.5,23882.0,0.3590836441129462
18797518,2,0.5,68687451936.0,0.6418181818181818
18797518,3,0.0,0.0,0.1687315634218289
18797518,4,0.125,0.0,0.47123464770523593
18797518,5,0.0,22224.0,0.30579531442663377
18797518,6,0.3333333333333333,0.0,0.6185185185185185
18797518,7,0.3333333333333333,0.0,0.27138263665594853
18802864,6,0.41935483870967744,0.0,0.22807017543859648
18802864,3,0.5652173913043478,0.0,0.1687315634218289
18802864,4,0.43478260869565216,0.0,0.2770795930580491
18802864,1,0.5,248093.0,0.8132427843803056
18802864,2,0.45,129712.0,0.7016574585635359
18802864,5,0.6190476190476191,650021.0,0.620253164556962
18802864,7,0.42857142857142855,0.0,0.41864951768488745
18804064,1,0.8,47337.0,0.8809523809523809
18804064,5,0.6816074188562596,111967.0,0.4874551971326165
18804064,7,0.7203166226912929,0.0,0.7105263157894737
18804064,2,0.7601246105919003,39702.0,0.6587677725118484
18804064,4,0.7200956937799043,0.0,0.7272727272727273
18804064,6,0.6852791878172588,0.0,0.05813953488372093
18804064,3,0.7401215805471124,0.0,0.7073170731707317
18807908,6,0.5652173913043478,0.0,0.4507042253521127
18807908,7,0.6078431372549019,0.0,0.8
18807908,3,0.6097560975609756,0.0,0.7037037037037037
18807908,5,0.5483870967741935,52678.0,0.6746987951807228
18807908,2,0.8421052631578947,54674.0,0.8378378378378378
18807908,1,0.8421052631578947,40013.0,0.9090909090909091
18807908,4,0.55,0.0,0.8958333333333334
18814386,1,1.0,26561.0,0.3590836441129462
18814386,3,1.0,0.0,0.1687315634218289
18814386,4,0.125,0.0,0.47123464770523593
18814386,6,0.3333333333333333,0.0,0.43137254901960786
18814386,7,0.3333333333333333,0.0,0.41864951768488745
18814386,2,1.0,94343.0,0.6330935251798561
18814386,5,0.8,38885.0,0.3541666666666667
18815279,2,0.6904761904761905,64572.0,0.7239669421487603
18815279,5,0.6229508196721312,111122.0,0.7518796992481203
18815279,3,0.8846153846153846,0.0,0.6835443037974683
18815279,6,0.0,0.0,0.8989547038327527
18822700,2,0.5,25309.0,0.7866666666666666
18822700,5,0.6470588235294118,35943.0,0.6466876971608833
18822976,2,0.5,68687451936.0,0.6777493606138107
18822976,4,0.48936170212765956,0.0,0.6290322580645161
18822976,1,1.0,41747.0,0.6071428571428571
18822976,5,0.4418604651162791,108120.0,0.6435643564356436
18824449,1,0.5,24906.0,0.3590836441129462
18824449,3,0.5,0.0,0.1687315634218289
18824449,4,0.25,0.0,0.5533290239172592
18824449,6,0.6666666666666666,0.0,0.47619047619047616
18824449,7,0.3333333333333333,0.0,0.27138263665594853
18824449,5,0.6857142857142857,44197.0,0.5849056603773585
18824449,2,0.8405797101449275,39056.0,0.6729411764705883
18827942,2,1.0,21641.0,0.7803468208092486
18827942,5,0.375,22680.0,0.7547169811320755
18828160,1,0.5,219119.0,0.3590836441129462
18828160,2,0.5,68687451936.0,0.6418181818181818
18828160,3,0.5,0.0,0.6306784660766962
18828160,4,0.375,0.0,0.47123464770523593
18828160,5,0.0,19367.0,0.30579531442663377
18828160,6,0.3333333333333333,0.0,0.2726423902894491
18828160,7,0.3333333333333333,0.0,0.6019292604501608
18833225,1,1.0,89697.0,0.6461538461538462
18833225,5,0.375,26823.0,0.34146341463414637
18833225,2,0.25,33538.0,0.5698924731182796
18842314,5,0.5294117647058824,16697.0,0.6802973977695167
18842314,2,0.8947368421052632,15892.0,0.8616780045351474
18845371,7,1.0,0.0,0.27138263665594853
18845371,1,0.6666666666666666,84739.0,0.7878787878787878
18845371,3,0.6428571428571429,0.0,0.8415841584158416
18845371,4,0.4827586206896552,0.0,0.3700440528634361
18845371,6,0.8518518518518519,0.0,0.6028985507246377
18845371,5,0.7439024390243902,59246.0,0.5091575091575091
18845371,2,0.7222222222222222,133156.0,0.6926829268292682
18848628,1,0.5,27918.0,0.3590836441129462
18848628,2,0.5,68687451936.0,0.6418181818181818
18848628,3,0.0,0.0,0.6306784660766962
18848628,4,0.5,0.0,0.5533290239172592
18848628,5,0.2,39020.0,0.30579531442663377
18848628,6,0.3333333333333333,0.0,0.4580246913580247
18848628,7,0.6666666666666666,0.0,0.41864951768488745
18849311,1,0.8275862068965517,25549.0,0.3608490566037736
18849311,2,0.5172413793103449,18437.0,0.5457142857142857
18849311,5,0.3888888888888889,24203.0,0.3315018315018315
18849311,3,0.5,0.0,0.6312684365781711
18849311,4,0.5,0.0,0.2764811490125673
18850612,1,0.5,31034.0,0.3590836441129462
18850612,2,0.5,68687451936.0,0.6418181818181818
18850612,3,1.0,0.0,0.1687315634218289
18850612,4,0.375,0.0,0.5533290239172592
18850612,5,0.4,17794.0,0.30579531442663377
18850612,6,0.6666666666666666,0.0,0.47619047619047616
18850612,7,0.3333333333333333,0.0,0.27138263665594853
18860992,1,1.0,23997.0,0.3590836441129462
18860992,2,0.5,68687451936.0,0.6418181818181818
18860992,3,0.5,0.0,0.6306784660766962
18860992,4,0.875,0.0,0.5533290239172592
18860992,5,0.8,25103.0,0.30579531442663377
18860992,6,0.3333333333333333,0.0,0.6451914098972923
18860992,7,1.0,0.0,0.27138263665594853
18861613,5,0.5,39781.0,0.5979381443298969
18861613,6,0.8571428571428571,0.0,0.6782608695652174
18861613,1,0.8888888888888888,162675.0,0.5970149253731343
18861613,2,0.8888888888888888,38784.0,0.9117647058823529
18861613,3,0.7857142857142857,0.0,0.8888888888888888
18861613,4,0.8,0.0,0.8706896551724138
18875675,5,0.2857142857142857,53392.0,0.7183098591549296
18892205,1,0.8,57786.0,0.7914691943127962
18892205,4,0.5714285714285714,0.0,0.4857142857142857
18892205,5,0.3055555555555556,20300.0,0.2915800415800416
18892205,2,0.6818181818181818,29054.0,0.6385542168674698
18892911,2,0.8333333333333334,76077.0,0.7327586206896551
18892911,5,0.6216216216216216,7121.0,0.7636363636363637
18894155,5,0.6910112359550562,34550.0,0.6818181818181818
18894155,2,0.75,21448.0,0.6666666666666666
18897261,2,1.0,37963.0,0.7744360902255639
18897261,5,0.6,26487.0,0.9272727272727272
18897300,1,0.5,36432.0,0.3590836441129462
18897300,2,0.5,68687451936.0,0.6418181818181818
18897300,3,0.5,0.0,0.6312684365781711
18897300,4,0.125,0.0,0.42857142857142855
18897300,5,0.4,97995.0,0.30579531442663377
18897300,6,0.0,0.0,0.2726423902894491
18897300,7,0.6666666666666666,0.0,0.6019292604501608
18913805,6,0.6666666666666666,0.0,0.35172413793103446
18913805,1,1.0,23140.0,0.5975609756097561
18913805,2,0.6666666666666666,31283.0,0.8947368421052632
18913805,5,0.5294117647058824,36094.0,0.2
18914915,1,0.5,24972.0,0.3590836441129462
18914915,2,0.5,68687451936.0,0.6418181818181818
18914915,3,0.0,0.0,0.1687315634218289
18914915,4,0.125,0.0,0.47123464770523593
18914915,5,0.4,13571.0,0.30579531442663377
18914915,6,0.3333333333333333,0.0,0.4580246913580247
18914915,7,0.0,0.0,0.27138263665594853
18926117,2,0.9,25316.0,0.7016129032258065
18926117,5,0.6666666666666666,23444.0,0.70703125
18933029,5,0.5,47613.0,0.4588235294117647
18933029,1,0.5,68687451936.0,0.703125
18933029,2,0.0,100062.0,0.8224852071005917
18933073,2,0.0,29891.0,0.6830601092896175
18933073,5,0.4583333333333333,20828.0,0.6470588235294118
18933073,1,0.3333333333333333,16157383773.0,0.3590836441129462
18937567,1,1.0,34608.0,0.3590836441129462
18937567,2,0.5,68687451936.0,0.6418181818181818
18937567,3,1.0,0.0,0.6306784660766962
18937567,4,0.875,0.0,0.47123464770523593
18937567,6,1.0,0.0,0.828395061728395
18937567,7,1.0,0.0,0.27138263665594853
18937567,5,0.84,57747.0,0.7777777777777778
18963462,5,0.6,35484.0,0.4296577946768061
18964068,1,0.5,68687451936.0,0.7710843373493976
18964068,4,0.8,0.0,0.6451612903225806
18964068,2,0.5,23796.0,0.48576512455516013
18964068,5,0.5483870967741935,22532.0,0.45787545787545786
18971157,7,0.7083333333333334,0.0,0.9722222222222222
18971157,1,0.8515625,102330.0,0.6302083333333334
18971157,6,0.793939393939394,57692.0,0.7017543859649122
18971157,3,0.7014134275618374,0.0,1.0
18971157,2,0.8002812939521801,52247.0,0.6263736263736264
18971157,4,0.6684636118598383,131018.0,0.8857142857142857
18971157,5,0.7954735959765298,71446.0,0.4628099173553719
18971678,1,0.16666666666666666,68766.0,0.697508896797153
18971678,2,0.2,40667.0,0.66875
18971678,5,0.3333333333333333,77244.0,0.537117903930131
18971678,6,0.7142857142857143,0.0,0.8103448275862069
18985736,2,0.7777777777777778,22817.0,0.8560606060606061
18985736,5,0.375,19719.0,0.5524475524475524
18989544,5,0.6666666666666666,54525.0,0.24829931972789115
18989544,2,0.4166666666666667,9467.0,0.8849557522123894
19000092,2,0.5,68687451936.0,0.6777493606138107
19000092,5,0.6285714285714286,26775.0,0.7510373443983402
19008787,1,0.625,63756.0,0.6071428571428571
19008787,2,0.6363636363636364,42768.0,0.3785310734463277
19008787,6,0.3953488372093023,0.0,0.7884615384615384
19008787,5,0.3867924528301887,60107.0,0.5109489051094891
19008787,7,0.36363636363636365,0.0,0.6559139784946236
19014366,1,0.5,68687451936.0,0.7896440129449838
19014366,5,0.7692307692307693,23446.0,0.7642276422764228
19014366,2,0.9523809523809523,34567.0,0.7962264150943397
19023378,2,0.5,68687451936.0,0.6311475409836066
19023378,1,0.5,68687451936.0,0.9423076923076923
19023378,5,0.7142857142857143,25261.0,0.4563106796116505
19024189,5,0.7368421052631579,109326.0,0.6716981132075471
19024189,2,0.8,75141.0,0.7217391304347827
19040288,1,1.0,314321.0,0.7896440129449838
19040288,5,0.8947368421052632,9627.0,0.7333333333333333
19041622,1,0.5,68687451936.0,0.7469879518072289
19041622,5,0.5789473684210527,22011.0,0.5448275862068965
19041622,2,0.5454545454545454,65548.0,0.7866666666666666
19048457,2,0.5,68687451936.0,0.6777493606138107
19048457,1,0.5,68687451936.0,0.7896440129449838
19048457,5,0.5263157894736842,24337563.0,0.2827586206896552
19050484,1,1.0,21403.0,0.3590836441129462
19050484,3,0.0,0.0,0.6312684365781711
19050484,4,0.375,0.0,0.5533290239172592
19050484,5,0.6,27046.0,0.30579531442663377
19050484,6,0.6666666666666666,0.0,0.47619047619047616
19050484,7,0.6666666666666666,0.0,0.490032154340836
19050484,2,0.6,57909.0,0.5573033707865168
19055098,1,0.5,20885.0,0.3590836441129462
19055098,2,0.5,68687451936.0,0.6418181818181818
19055098,3,0.5,0.0,0.6312684365781711
19055098,4,0.375,0.0,0.42857142857142855
19055098,5,0.4,18794.0,0.30579531442663377
19055098,6,0.3333333333333333,0.0,0.2726423902894491
19055098,7,0.3333333333333333,0.0,0.27138263665594853
19056258,1,0.5,27063.0,0.3590836441129462
19056258,2,0.5,68687451936.0,0.6418181818181818
19056258,3,0.5,0.0,0.6312684365781711
19056258,4,0.5,0.0,0.47123464770523593
19056258,5,0.2,48329.0,0.30579531442663377
19056258,6,0.3333333333333333,0.0,0.6185185185185185
19056258,7,1.0,0.0,0.490032154340836
19075598,1,0.0,26345.0,0.3590836441129462
19075598,3,0.5,0.0,0.6312684365781711
19075598,4,0.25,0.0,0.47123464770523593
19075598,6,0.6666666666666666,0.0,0.828395061728395
19075598,7,0.3333333333333333,0.0,0.41864951768488745
19075598,5,0.5333333333333333,23073.0,0.8314606741573034
19075598,2,0.7,25639.0,0.6777493606138107
19087497,1,0.5,68687451936.0,0.7896440129449838
19087497,5,0.9473684210526315,29403.0,0.20943396226415095
19087497,2,1.0,23504.0,0.5380952380952381
19088914,1,0.5,68687451936.0,0.7184466019417476
19088914,2,0.4,24694.0,0.8082089552238806
19088914,5,0.6666666666666666,18490.0,0.8441558441558441
19092914,1,0.6206896551724138,23003.0,0.3608490566037736
19095300,1,0.5,28304.0,0.8787878787878788
19095300,2,0.6923076923076923,36928.0,0.8571428571428571
19095300,5,0.6666666666666666,47490.0,0.8292682926829268
19097251,1,1.0,33906.0,0.3590836441129462
19097251,3,0.5,0.0,0.6312684365781711
19097251,4,0.125,0.0,0.47123464770523593
19097251,6,0.0,0.0,0.47619047619047616
19097251,7,0.6666666666666666,0.0,0.27138263665594853
19097251,5,0.46875,18984.0,0.7942386831275721
19097251,2,0.6833333333333333,72846.0,0.5939849624060151
19099603,1,0.5,68687451936.0,0.9408866995073891
19099603,2,0.9,30350.0,0.9396551724137931
19099603,5,0.35714285714285715,28231.0,0.8575129533678757
19102662,1,0.0,26565.0,0.3590836441129462
19102662,2,0.5,68687451936.0,0.6418181818181818
19102662,3,0.0,0.0,0.6306784660766962
19102662,4,0.125,0.0,0.5533290239172592
19102662,5,0.4,28934.0,0.30579531442663377
19102662,6,0.6666666666666666,0.0,0.4580246913580247
19102662,7,0.0,0.0,0.27138263665594853
19113867,1,0.8,61874.0,0.7431192660550459
19113867,5,0.8,36643.0,0.2524752475247525
19115561,1,0.5,68687451936.0,0.6688741721854304
19115561,2,0.48,28846.0,0.6875
19115561,5,0.5,16553.0,0.7410358565737052
19116012,7,0.875,0.0,0.7619047619047619
19116012,1,0.3333333333333333,79037594.0,0.3608490566037736
19116012,4,0.6,0.0,0.8809523809523809
19116012,5,0.6153846153846154,56104.0,0.3185483870967742
19116012,6,0.5270935960591133,0.0,0.47619047619047616
19116012,2,0.6666666666666666,47858.0,0.666030534351145
19116012,3,0.65625,0.0,0.821917808219178
19122791,5,0.6206896551724138,9560.0,0.3073286052009456
19124599,1,0.5,24459.0,0.3590836441129462
19124599,2,0.5,68687451936.0,0.6418181818181818
19124599,3,0.0,0.0,0.6312684365781711
19124599,4,0.125,0.0,0.47123464770523593
19124599,6,0.0,0.0,0.6451914098972923
19124599,7,0.0,0.0,0.490032154340836
19124599,5,0.2857142857142857,26837.0,0.6666666666666666
19124676,5,0.16666666666666666,48297.0,0.40764331210191085
19126063,1,0.5,3802.0,0.3590836441129462
19126063,3,0.0,0.0,0.6306784660766962
19126063,4,0.25,0.0,0.5533290239172592
19126063,5,0.0,73239.0,0.30579531442663377
19126063,6,0.3333333333333333,0.0,0.828395061728395
19126063,7,0.3333333333333333,0.0,0.27138263665594853
19126063,2,0.6,61836.0,0.8014705882352942
19130836,3,0.6551724137931034,0.0,0.68
19130836,5,0.71875,36972.0,0.6766467065868264
19130836,1,0.6,47900.0,0.8444444444444444
19130836,2,0.4931506849315068,65934.0,0.6649746192893401
19141180,1,0.0,26159.0,0.3590836441129462
19141180,2,0.5,68687451936.0,0.6418181818181818
19141180,3,0.5,0.0,0.6306784660766962
19141180,4,0.125,0.0,0.5533290239172592
19141180,6,0.6666666666666666,0.0,0.6185185185185185
19141180,7,0.6666666666666666,0.0,0.27138263665594853
19141180,5,0.5333333333333333,52245.0,0.637065637065637
19142316,4,0.4827586206896552,0.0,0.2770795930580491
19142316,6,0.6887608069164265,0.0,0.6833333333333333
19142316,2,0.7412935323383084,32537.0,0.82
19142316,5,0.6321321321321322,18219.0,0.304
19142316,1,0.6551724137931034,43644.0,0.8292682926829268
19142316,3,0.5774647887323944,0.0,0.9523809523809523
19142316,7,0.5866666666666667,0.0,0.6
19147904,1,1.0,3084756582.0,0.3590836441129462
19147904,2,0.5,68687451936.0,0.6418181818181818
19147904,3,0.0,0.0,0.6306784660766962
19147904,4,0.375,0.0,0.5533290239172592
19147904,6,0.6666666666666666,0.0,0.2726423902894491
19147904,7,0.6666666666666666,0.0,0.6019292604501608
19147904,5,0.6818181818181818,26094.0,0.6958762886597938
19157580,1,1.0,25231.0,0.3590836441129462
19157580,3,0.5,0.0,0.6312684365781711
19157580,4,0.375,0.0,0.47123464770523593
19157580,5,0.4,28506.0,0.30579531442663377
19157580,6,0.3333333333333333,0.0,0.47619047619047616
19157580,7,0.6666666666666666,0.0,0.41864951768488745
19157580,2,0.9,29930.0,0.42997198879551823
19158127,2,0.5,68687451936.0,0.8222222222222222
19158127,5,0.4,18760.0,0.5568181818181818
19160349,1,0.5,68687451936.0,0.7710843373493976
19160349,4,0.8125,0.0,0.16666666666666666
19160349,3,0.7203389830508474,0.0,0.5492957746478874
19160349,7,0.509090909090909,0.0,0.559322033898305
19160349,5,0.33884297520661155,130935.0,0.3333333333333333
19161928,5,0.41379310344827586,28506.0,0.3073286052009456
19169161,1,0.5,28752.0,0.3590836441129462
19169161,2,0.5,68687451936.0,0.6418181818181818
19169161,3,0.5,0.0,0.1687315634218289
19169161,4,0.2,0.0,0.2194668319900806
19170790,1,0.5,68687451936.0,0.7896440129449838
19170790,2,0.8333333333333334,24163.0,0.5493562231759657
19170790,5,0.5,13470.0,0.6729559748427673
19172765,2,0.5384615384615384,202742.0,0.4358974358974359
19172765,1,0.5384615384615384,137173.0,0.5923566878980892
19172765,5,0.3333333333333333,327367.0,0.44813278008298757
19172765,3,0.35714285714285715,0.0,0.8787878787878788
19172765,6,0.1935483870967742,0.0,0.592436974789916
19184419,5,0.7692307692307693,36592.0,0.49707602339181284
19184419,1,0.7,48323.0,0.7319587628865979
19184419,2,0.6428571428571429,40403.0,0.7388781431334622
19184419,3,0.5714285714285714,0.0,0.922077922077922
19184419,6,0.7906976744186046,0.0,0.5857988165680473
19188017,5,0.1111111111111111,43813.0,0.6170212765957447
19188017,1,0.0,1373738.0,0.659919028340081
19188017,2,0.56,21652.0,0.8407643312101911
19190311,1,1.0,207934.0,0.5608108108108109
19190311,2,1.0,245851.0,0.8905109489051095
19190311,5,0.9090909090909091,11923.0,0.6153846153846154
19199181,5,0.7916666666666666,65241.0,0.1836734693877551
19199181,2,0.6896551724137931,24784.0,0.8431372549019608
19209396,1,0.0,25758.0,0.3590836441129462
19209396,2,0.5,68687451936.0,0.6418181818181818
19209396,3,0.0,0.0,0.6312684365781711
19209396,4,0.125,0.0,0.5533290239172592
19209396,5,0.6,32863.0,0.30579531442663377
19209396,6,0.3333333333333333,0.0,0.4580246913580247
19209396,7,0.3333333333333333,0.0,0.27138263665594853
19211082,5,0.47058823529411764,45400.0,0.792
19212036,1,0.5,68687451936.0,0.716012084592145
19212036,5,0.6166666666666667,37480.0,0.7323943661971831
19212036,2,0.6428571428571429,31342.0,0.7321428571428571
19219844,2,0.782608695652174,45419.0,0.4958217270194986
19219844,5,0.7241379310344828,137972.0,0.5111111111111111
19226422,2,1.0,19578.0,0.753731343283582
19226422,1,0.8,27134.0,0.9666666666666667
19226422,5,0.6171428571428571,28174.0,0.43209876543209874
19226422,6,0.6101694915254238,0.0,0.6516129032258065
19243813,1,0.5,25506.0,0.3590836441129462
19243813,2,0.5,68687451936.0,0.6418181818181818
19243813,3,0.5,0.0,0.6306784660766962
19243813,4,0.0,0.0,0.47123464770523593
19243813,5,0.0,18254.0,0.30579531442663377
19243813,6,0.0,0.0,0.43137254901960786
19243813,7,0.3333333333333333,0.0,0.27138263665594853
19244533,1,0.5,68687451936.0,0.7905405405405406
19244533,5,0.4444444444444444,14211.0,0.6091954022988506
19264582,2,0.5,68687451936.0,0.8260869565217391
19264582,5,0.4,31875.0,0.6153846153846154
19264582,1,0.8888888888888888,58461.0,0.9863013698630136
19267241,5,0.25,22580.0,0.6551724137931034
19271333,1,0.0,22743.0,0.3590836441129462
19271333,2,0.5,68687451936.0,0.6418181818181818
19271333,3,0.0,0.0,0.6312684365781711
19271333,4,0.2,0.0,0.24426534407935524
19287736,3,0.7058823529411765,0.0,0.3505747126436782
19287736,2,0.6944444444444444,235236.0,0.6649746192893401
19287736,1,0.7674418604651163,1056213.0,0.5970149253731343
19287736,4,0.6607142857142857,0.0,0.7647058823529411
19287736,7,0.6428571428571429,0.0,0.8175182481751825
19287736,6,0.5522388059701493,0.0,0.8958333333333334
19287736,5,0.5373134328358209,24155.0,0.6486486486486487
19294093,1,0.5,28313.0,0.3590836441129462
19294093,2,0.5,68687451936.0,0.6418181818181818
19294093,3,0.5,0.0,0.6306784660766962
19294093,4,0.625,0.0,0.47123464770523593
19294093,5,0.0,19103.0,0.30579531442663377
19294093,6,0.6666666666666666,0.0,0.6185185185185185
19294093,7,1.0,0.0,0.490032154340836
19299125,7,0.5,0.0,0.8181818181818182
19299125,1,0.7868217054263565,18806.0,0.9215686274509803
19299125,2,0.7579617834394905,21836.0,0.8421052631578947
19299125,3,0.7052740434332989,0.0,0.5476190476190477
19299125,4,0.6987087517934003,0.0,0.7837837837837838
19299125,5,0.6560247167868177,27512.0,0.7272727272727273
19299125,6,0.6361256544502618,0.0,0.727810650887574
19314073,2,0.7272727272727273,31636.0,0.8709677419354839
19314073,5,0.36,94494.0,0.4612794612794613
19316881,5,0.8333333333333334,45588.0,0.625
19316881,2,0.2222222222222222,33286.0,0.8899082568807339
19328241,2,0.0,43420.0,0.7441860465116279
19328241,1,0.5,68687451936.0,0.8131868131868132
19328241,5,0.2222222222222222,32229.0,0.6760259179265659
19330938,1,0.7,34084.0,0.5954415954415955
19330938,3,0.7142857142857143,0.0,0.4461538461538462
19330938,6,0.6,0.0,0.6649484536082474
19330938,2,0.7065217391304348,21239.0,0.6655231560891939
19330938,5,0.5166666666666667,20958.0,0.7669172932330827
19336997,1,0.5,68687451936.0,0.6385542168674698
19336997,2,0.36363636363636365,31550.0,0.297153024911032
19336997,5,0.5294117647058824,41346.0,0.6319444444444444
19339561,1,1.0,25638.0,0.3590836441129462
19339561,2,0.5,68687451936.0,0.6418181818181818
19339561,3,0.0,0.0,0.6312684365781711
19339561,4,0.5,0.0,0.47123464770523593
19339561,5,0.4,22220.0,0.30579531442663377
19339561,6,0.3333333333333333,0.0,0.828395061728395
19339561,7,0.6666666666666666,0.0,0.6019292604501608
19340747,1,0.5,21756.0,0.3590836441129462
19340747,3,0.5,0.0,0.6312684365781711
19340747,4,0.125,0.0,0.47123464770523593
19340747,6,0.0,0.0,0.6451914098972923
19340747,7,0.3333333333333333,0.0,0.41864951768488745
19340747,5,0.6208530805687204,15315.0,0.4745762711864407
19340747,2,0.6855036855036855,36651.0,0.7121951219512195
19341414,1,1.0,30650.0,0.3590836441129462
19341414,3,0.0,0.0,0.6306784660766962
19341414,4,0.625,0.0,0.47123464770523593
19341414,6,0.6666666666666666,0.0,0.2726423902894491
19341414,7,0.6666666666666666,0.0,0.6019292604501608
19341414,5,0.6,53714.0,0.6073619631901841
19341414,2,0.9,68169.0,0.6150234741784038
19345132,6,0.5217391304347826,0.0,0.717741935483871
19345132,1,0.8888888888888888,24027.0,0.8440366972477065
19345132,4,0.6,0.0,0.6122448979591837
19345132,2,0.8095238095238095,177217.0,0.7333333333333333
19345132,5,0.6882591093117408,571860743.0,0.8672566371681416
19345231,2,0.8048780487804879,18591.0,0.23076923076923078
19345231,5,0.6373626373626373,215169760.0,0.7
19345960,2,0.8571428571428571,34090.0,0.8181818181818182
19345960,5,0.3333333333333333,14621.0,0.816793893129771
19348023,1,0.0,106061.0,0.3590836441129462
19348023,3,0.5,0.0,0.6312684365781711
19348023,4,0.0,0.0,0.5533290239172592
19348023,6,0.6666666666666666,0.0,0.2726423902894491
19348023,7,0.6666666666666666,0.0,0.6019292604501608
19348023,5,0.64,52633.0,0.4883720930232558
19348023,2,1.0,265465708.0,0.875
19360843,1,0.0,37540.0,0.3590836441129462
19360843,3,0.5,0.0,0.6306784660766962
19360843,4,0.375,0.0,0.42857142857142855
19360843,6,1.0,0.0,0.6185185185185185
19360843,7,0.6666666666666666,0.0,0.6019292604501608
19360843,2,0.7272727272727273,52399.0,0.5607814761215629
19360843,5,0.5714285714285714,214627.0,0.7347826086956522
19369666,5,0.5714285714285714,226151.0,0.47474747474747475
19369666,6,0.8421052631578947,0.0,0.7228915662650602
19369666,4,0.7058823529411765,0.0,0.24770642201834864
19369666,2,0.5636363636363636,11319.0,0.21428571428571427
19369666,7,0.6875,0.0,0.2608695652173913
19369666,1,0.5588235294117647,249757.0,0.4174336762317271
19369666,3,0.8301886792452831,0.0,0.6436781609195402
19376267,5,0.9,24487.0,0.7735849056603774
19376267,2,0.5454545454545454,34173.0,0.631578947368421
19376267,1,0.8181818181818182,32157.0,0.5954415954415955
19376267,3,0.7857142857142857,0.0,0.8962264150943396
19376267,4,0.9285714285714286,0.0,0.3333333333333333
19381937,7,0.4827586206896552,0.0,0.2077922077922078
19381937,2,0.8292682926829268,26234.0,0.7436708860759493
19381937,3,0.7457627118644068,0.0,0.7661290322580645
19381937,4,0.7872340425531915,0.0,0.610655737704918
19381937,1,0.6617647058823529,32084.0,0.5392156862745098
19381937,6,0.6808510638297872,0.0,0.5161290322580645
19381937,5,0.5289052890528906,15557.0,0.5975232198142415
19387374,2,0.5,68687451936.0,0.6418181818181818
19387374,3,1.0,0.0,0.6306784660766962
19387374,4,0.125,0.0,0.47123464770523593
19387374,6,0.3333333333333333,0.0,0.47619047619047616
19387374,7,0.3333333333333333,0.0,0.6019292604501608
19387374,1,0.25,223099.0,0.946236559139785
19387374,5,0.47368421052631576,34848.0,0.7064220183486238
19391467,1,1.0,76708.0,0.3590836441129462
19391467,3,0.5,0.0,0.6306784660766962
19391467,4,0.5,0.0,0.47123464770523593
19391467,6,0.6666666666666666,0.0,0.2726423902894491
19391467,7,0.6666666666666666,0.0,0.490032154340836
19391467,2,0.66,75669.0,0.5419354838709678
19391467,5,0.68,59198.0,0.4696707105719237
19396920,1,0.5,24204.0,0.3590836441129462
19396920,3,0.5,0.0,0.6306784660766962
19396920,4,0.5,0.0,0.5533290239172592
19396920,6,0.0,0.0,0.6451914098972923
19396920,7,1.0,0.0,0.27138263665594853
19396920,2,0.6536312849162011,23642.0,0.592964824120603
19396920,5,0.45251396648044695,27334.0,0.743801652892562
19398729,1,1.0,28385.0,0.3590836441129462
19398729,2,0.5,68687451936.0,0.6418181818181818
19398729,3,0.0,0.0,0.6312684365781711
19398729,4,0.125,0.0,0.47123464770523593
19398729,5,0.4,18839.0,0.30579531442663377
19398729,6,0.3333333333333333,0.0,0.42663378545006164
19398729,7,0.0,0.0,0.41864951768488745
19401837,5,0.42105263157894735,54668.0,0.7543859649122807
19401837,2,0.7777777777777778,42973.0,0.845360824742268
19424239,2,0.7966101694915254,23196.0,0.4358974358974359
19424239,5,0.5714285714285714,89505.0,0.17751479289940827
19437777,1,0.5,43725.0,0.3590836441129462
19437777,3,0.5,0.0,0.6306784660766962
19437777,4,0.375,0.0,0.42857142857142855
19437777,6,0.3333333333333333,0.0,0.43137254901960786
19437777,7,0.6666666666666666,0.0,0.41864951768488745
19437777,2,0.7352941176470589,39978.0,0.6097560975609756
19437777,5,0.6551724137931034,396726.0,0.5753012048192772
19438596,5,0.5294117647058824,35527.0,0.4070175438596491
19438596,2,0.6521739130434783,22310.0,0.5222929936305732
19438596,3,0.6826347305389222,0.0,0.6987179487179487
19440180,5,0.42857142857142855,16149.0,0.5
19440180,6,0.6666666666666666,0.0,0.338368580060423
19440757,7,0.0,0.0,0.490032154340836
19440757,4,0.3684210526315789,0.0,0.4625
19440757,1,0.7692307692307693,35138.0,0.9682539682539683
19440757,6,0.6774193548387096,0.0,0.84
19440757,3,0.6,0.0,0.48
19440757,5,0.84375,568323605.0,0.5201305767138193
19440757,2,0.7741935483870968,24320.0,0.8695652173913043
19441925,7,0.7741935483870968,0.0,0.717391304347826
19441925,4,0.55,0.0,0.9666666666666667
19441925,3,0.7272727272727273,0.0,0.5869565217391305
19441925,2,0.7339449541284404,691975431.0,0.723404255319149
19441925,6,0.559322033898305,0.0,0.3495575221238938
19441925,5,0.6506024096385542,21463.0,0.7853403141361257
19441925,1,0.7916666666666666,34924.0,0.7937219730941704
19444654,4,0.7053941908713693,0.0,0.975
19444654,3,0.7221374045801526,0.0,0.9545454545454546
19444654,7,0.28888888888888886,0.0,0.7851851851851852
19444654,1,0.8529411764705882,35225.0,0.9375
19444654,6,0.5183946488294314,0.0,0.6382978723404256
19444654,2,0.6845549738219895,54310.0,0.7727272727272727
19444654,5,0.473998294970162,62995.0,0.45454545454545453
19450734,3,0.6585365853658537,0.0,1.0
19450734,6,0.8387096774193549,0.0,0.6243093922651933
19450734,2,0.6521739130434783,38587.0,0.5
19450734,1,0.7317073170731707,60348.0,0.7955801104972375
19450734,4,0.6206896551724138,0.0,0.5170556552962298
19450734,5,0.4892086330935252,47330.0,0.7438271604938271
19463411,1,0.6666666666666666,47425.0,1.0
19463411,7,1.0,0.0,0.6875
19463411,5,0.6666666666666666,43149.0,0.726027397260274
19463411,6,0.5454545454545454,0.0,0.7833333333333333
19476285,3,0.5,0.0,0.6306784660766962
19476285,4,0.125,0.0,0.5533290239172592
19476285,6,0.42857142857142855,0.0,0.2726423902894491
19476285,7,0.7142857142857143,0.0,0.27138263665594853
19476285,1,0.75,689983.0,0.4174336762317271
19476285,5,0.5190476190476191,34770.0,0.5553505535055351
19476285,2,0.5887850467289719,22612.0,0.5647840531561462
19476868,1,1.0,23017.0,0.3590836441129462
19476868,2,0.5,68687451936.0,0.6418181818181818
19476868,3,1.0,0.0,0.6306784660766962
19476868,4,0.875,0.0,0.47123464770523593
19476868,5,0.4,17019.0,0.30579531442663377
19476868,6,0.6666666666666666,0.0,0.43137254901960786
19476868,7,0.6666666666666666,0.0,0.27138263665594853
19480007,1,0.5,68687451936.0,0.3590836441129462
19480007,2,0.7241379310344828,24779.0,0.6549295774647887
19480007,5,0.4444444444444444,36748.0,0.45544554455445546
19486551,1,0.0,24640.0,0.3590836441129462
19486551,2,0.5,68687451936.0,0.6418181818181818
19486551,3,0.0,0.0,0.1687315634218289
19486551,4,0.125,0.0,0.47123464770523593
19486551,5,0.2,39687.0,0.30579531442663377
19486551,6,0.3333333333333333,0.0,0.43137254901960786
19486551,7,0.0,0.0,0.490032154340836
19488190,1,0.5,68687451936.0,0.8677685950413223
19488190,5,0.7142857142857143,22960.0,1.0
19488190,2,0.8292682926829268,35038.0,0.4444444444444444
19489973,7,0.7090909090909091,0.0,0.46511627906976744
19489973,2,0.7310098302055407,27611.0,0.782608695652174
19489973,4,0.6585365853658537,0.0,0.5
19489973,6,0.6228571428571429,0.0,0.7876712328767124
19489973,3,0.6940024479804161,0.0,0.58
19489973,1,0.8214876033057851,46559.0,0.0
19489973,5,0.5932400932400932,109949735.0,0.5517241379310345
19490611,1,0.5,25919.0,0.3590836441129462
19490611,2,0.5,68687451936.0,0.6418181818181818
19490611,3,0.0,0.0,0.6312684365781711
19490611,4,0.4,0.0,0.24426534407935524
19492810,6,1.0,0.0,0.8
19492810,4,0.6,0.0,0.5054945054945055
19492810,3,0.7931034482758621,0.0,0.6619718309859155
19492810,1,0.7843137254901961,33225.0,0.9090909090909091
19492810,5,0.6717171717171717,14645.0,0.48
19492810,2,0.7123893805309734,28459.0,0.6501901140684411
19494090,1,0.0,27455.0,0.8939393939393939
19494090,5,1.0,42529.0,0.531496062992126
19494090,2,0.875,23482.0,0.6455223880597015
19502449,1,0.5,23915.0,0.3590836441129462
19502449,2,0.5,68687451936.0,0.6418181818181818
19502449,3,0.0,0.0,0.1687315634218289
19502449,4,0.125,0.0,0.47123464770523593
19502449,5,0.4,35534.0,0.30579531442663377
19502449,6,0.0,0.0,0.2726423902894491
19502449,7,0.0,0.0,0.27138263665594853
19508780,2,0.0,36044.0,0.6
19508780,6,0.3333333333333333,0.0,0.7189349112426036
19508780,5,0.41935483870967744,53287.0,0.5625
19512953,2,0.9523809523809523,26381.0,0.8774617067833698
19512953,5,0.5692307692307692,51268.0,0.6666666666666666
19523974,1,0.5,68687451936.0,0.6385542168674698
19523974,2,0.3,22983.0,0.7016574585635359
19523974,5,0.6111111111111112,32784.0,0.47337278106508873
19539567,5,0.3333333333333333,20452.0,0.7662337662337663
19539567,2,0.7692307692307693,31595.0,0.7107750472589792
19543021,1,1.0,37125.0,0.3590836441129462
19543021,3,0.5,0.0,0.6306784660766962
19543021,4,0.75,0.0,0.42857142857142855
19543021,6,1.0,0.0,0.2726423902894491
19543021,7,0.6666666666666666,0.0,0.41864951768488745
19543021,2,0.9,25656.0,0.6971428571428572
19543021,5,0.6111111111111112,28037.0,0.49242424242424243
19549548,1,0.5,49094.0,0.3590836441129462
19549548,2,0.5,68687451936.0,0.6418181818181818
19549548,3,0.5,0.0,0.1687315634218289
19549548,4,0.25,0.0,0.42857142857142855
19549548,5,0.2,22285.0,0.30579531442663377
19549548,6,0.3333333333333333,0.0,0.6185185185185185
19549548,7,0.0,0.0,0.41864951768488745
19558239,1,0.4827586206896552,3970.0,0.3608490566037736
19558239,2,0.5,68687451936.0,0.6418181818181818
19558239,5,0.3333333333333333,48907415.0,0.47115384615384615
19564460,1,0.5,27419.0,0.3590836441129462
19564460,3,0.5,0.0,0.6312684365781711
19564460,4,0.0,0.0,0.47123464770523593
19564460,6,0.6666666666666666,0.0,0.4580246913580247
19564460,7,0.0,0.0,0.41864951768488745
19564460,5,0.4,31655.0,0.7333333333333333
19564460,2,1.0,1263275.0,0.631578947368421
19581779,1,0.8024691358024691,43182.0,0.8
19581779,3,0.6910994764397905,0.0,0.6363636363636364
19581779,2,0.704225352112676,35802.0,0.5688888888888889
19581779,4,0.6906636670416197,0.0,0.6923076923076923
19581779,6,0.6697588126159555,0.0,0.7741935483870968
19581779,7,0.7061068702290076,0.0,0.7083333333333334
19581779,5,0.7118959107806692,257669.0,0.5578947368421052
19582529,1,1.0,5861598146.0,0.3590836441129462
19582529,2,0.7,24608.0,0.3875968992248062
19582529,5,0.5573770491803278,46630.0,0.24855491329479767
19594546,2,0.728494623655914,32720.0,0.7368421052631579
19594546,7,0.7788057190916736,0.0,0.3132530120481928
19594546,1,0.7099236641221374,77919.0,0.716012084592145
19594546,6,0.7060931899641577,0.0,0.7058823529411765
19594546,4,0.7601214574898786,0.0,0.6736842105263158
19594546,5,0.6169607285145133,61459.0,0.4666666666666667
19594546,3,0.6617647058823529,0.0,0.8305084745762712
19603611,5,0.5,68687451936.0,0.7210682492581603
19603611,1,0.5483870967741935,635398.0,0.7878787878787878
19603611,3,0.5365853658536586,0.0,0.2692307692307692
19603611,4,0.6428571428571429,0.0,0.3577981651376147
19603611,2,0.6158940397350994,29124.0,0.7878787878787878
19604522,5,0.25,45485.0,0.48717948717948717
19604522,2,0.3333333333333333,27343.0,0.6903225806451613
19610278,1,0.5,25419.0,0.3590836441129462
19610278,3,0.0,0.0,0.1687315634218289
19610278,4,0.375,0.0,0.5533290239172592
19610278,6,0.0,0.0,0.43137254901960786
19610278,7,0.0,0.0,0.27138263665594853
19610278,5,0.6497695852534562,32575.0,0.7288135593220338
19610278,2,0.3333333333333333,2559175930.0,0.944954128440367
19611362,2,0.6363636363636364,55417.0,0.7384615384615385
19611362,5,0.6213991769547325,68503.0,0.6746031746031746
19617985,1,0.6896551724137931,28858.0,0.3608490566037736
19621435,2,0.6521739130434783,24424.0,0.8823529411764706
19621435,5,0.6144578313253012,29798.0,0.47706422018348627
19624873,2,0.5,120603.0,0.7088607594936709
19624873,5,0.5333333333333333,19915.0,0.4090909090909091
19629488,6,0.7268862911795961,0.0,0.4339622641509434
19629488,2,0.6582278481012658,4438.0,0.6391752577319587
19629488,7,0.7547169811320755,0.0,0.4887640449438202
19629488,1,0.7280701754385965,75549.0,0.7941176470588235
19629488,3,0.6676923076923077,0.0,0.8870967741935484
19629488,5,0.6936936936936937,1266022445.0,0.49230769230769234
19629488,4,0.8,0.0,0.6538461538461539
19629542,1,0.0,24303.0,0.3590836441129462
19629542,2,0.5,68687451936.0,0.6418181818181818
19629542,3,0.5,0.0,0.6312684365781711
19629542,4,0.25,0.0,0.47123464770523593
19629542,5,0.2,26988.0,0.30579531442663377
19629542,6,0.3333333333333333,0.0,0.6451914098972923
19629542,7,0.3333333333333333,0.0,0.27138263665594853
19630180,2,0.5,68687451936.0,0.5763888888888888
19630180,5,0.25,25930.0,0.6262626262626263
19633793,1,1.0,29529.0,0.3590836441129462
19633793,2,0.5,68687451936.0,0.6418181818181818
19633793,3,0.5,0.0,0.1687315634218289
19633793,4,0.5,0.0,0.42857142857142855
19633793,5,0.2,13344.0,0.30579531442663377
19633793,6,0.6666666666666666,0.0,0.828395061728395
19633793,7,0.0,0.0,0.6019292604501608
19637353,2,0.5,31091.0,0.8141025641025641
19637353,5,0.35294117647058826,28960.0,0.6735294117647059
19653471,6,0.5483870967741935,0.0,0.7655172413793103
19653471,5,0.4358974358974359,284988728.0,0.6006600660066007
19653471,1,0.4,6783.0,0.9553571428571429
19653471,7,0.2727272727272727,0.0,0.550561797752809
19653471,3,0.3716216216216216,0.0,0.8522727272727273
19653471,4,0.45,0.0,0.3028571428571429
19653471,2,0.25,27086.0,0.673202614379085
19654829,5,0.4375,23490.0,0.75
19655135,1,0.7980769230769231,31001.0,0.43342776203966005
19655135,3,0.7692307692307693,0.0,0.7577639751552795
19655135,7,0.7293233082706767,0.0,0.7435897435897436
19655135,2,0.7170731707317073,5498770034.0,0.7611940298507462
19655135,4,0.7581395348837209,0.0,0.6857142857142857
19655135,6,0.7213740458015268,0.0,0.8105726872246696
19655135,5,0.6908752327746741,4040170028.0,0.6906474820143885
19668381,2,0.5,68687451936.0,0.8735632183908046
19668381,1,0.5,68687451936.0,0.5608108108108109
19668381,4,0.5,0.0,0.85
19668381,6,0.6,0.0,0.6484848484848484
19668381,7,0.6428571428571429,0.0,0.6
19668381,5,0.28,25912.0,0.324
19669156,1,0.5,68687451936.0,0.5923566878980892
19669156,5,0.47368421052631576,19714.0,0.6627906976744186
19670333,1,0.5,27762.0,0.3590836441129462
19670333,2,0.5,68687451936.0,0.6418181818181818
19670333,3,0.0,0.0,0.6312684365781711
19670333,4,0.25,0.0,0.5533290239172592
19670333,5,0.4,5045.0,0.30579531442663377
19670333,6,0.0,0.0,0.47619047619047616
19670333,7,0.0,0.0,0.6019292604501608
19675214,2,0.7,39398.0,0.6903225806451613
19675214,5,0.3333333333333333,60453.0,0.6439393939393939
19683237,1,1.0,27480.0,0.3590836441129462
19683237,2,0.5,68687451936.0,0.6418181818181818
19683237,3,1.0,0.0,0.1687315634218289
19683237,4,0.75,0.0,0.47123464770523593
19683237,5,0.4,28724.0,0.30579531442663377
19683237,6,0.3333333333333333,0.0,0.47619047619047616
19683237,7,1.0,0.0,0.27138263665594853
19687304,5,0.14285714285714285,37008.0,0.8064516129032258
19687304,2,0.8181818181818182,21623.0,0.8837209302325582
19691910,5,0.5517241379310345,47477.0,0.3073286052009456
19691910,1,0.8620689655172413,19926.0,0.3608490566037736
19691910,2,0.5,68687451936.0,0.6418181818181818
19691910,3,0.0,0.0,0.6312684365781711
19691910,4,0.25,0.0,0.47123464770523593
19691910,6,0.0,0.0,0.47619047619047616
19691910,7,0.3333333333333333,0.0,0.6019292604501608
19691947,5,0.16666666666666666,29174.0,0.6666666666666666
19691947,2,0.75,75588.0,0.845360824742268
19693950,5,0.6666666666666666,25603.0,0.6666666666666666
19693950,2,0.5,27038.0,0.8134328358208955
19694111,6,0.8064516129032258,0.0,0.6875
19694111,5,0.7626262626262627,125059.0,0.5397727272727273
19694111,1,0.6470588235294118,80293.0,0.628140703517588
19694111,2,0.53125,79288.0,0.677570093457944
19694111,3,0.625,0.0,0.7285714285714285
19694111,7,0.6666666666666666,0.0,0.6019292604501608
19697166,3,0.4576271186440678,0.0,0.7928571428571428
19697166,1,0.6534653465346535,58250.0,0.8446601941747572
19697166,2,0.39080459770114945,68159.0,0.6272401433691757
19697166,4,0.4230769230769231,0.0,0.2833333333333333
19697166,7,0.57,0.0,0.8490566037735849
19697166,6,0.3582089552238806,0.0,0.5513513513513514
19697166,5,0.36180904522613067,34929.0,0.7298387096774194
19707178,1,1.0,28148.0,0.3590836441129462
19707178,2,0.5,68687451936.0,0.6418181818181818
19707178,3,1.0,0.0,0.1687315634218289
19707178,4,0.5,0.0,0.2770795930580491
19707178,5,0.8888888888888888,21507.0,0.6666666666666666
19712832,1,0.7931034482758621,23648.0,0.3608490566037736
19714078,2,0.5,27645.0,0.5238095238095238
19714078,5,0.26666666666666666,24729.0,0.7254901960784313
19723592,1,0.5,22580.0,0.3590836441129462
19723592,3,1.0,0.0,0.1687315634218289
19723592,4,0.375,0.0,0.42857142857142855
19723592,6,0.0,0.0,0.2726423902894491
19723592,7,0.0,0.0,0.27138263665594853
19723592,2,0.741514360313316,22389.0,0.7076023391812866
19723592,5,0.5727482678983834,6553.0,0.7777777777777778
19735194,1,0.0,26804.0,0.3590836441129462
19735194,3,1.0,0.0,0.6312684365781711
19735194,4,0.375,0.0,0.47123464770523593
19735194,5,0.4,6166.0,0.30579531442663377
19735194,6,0.3333333333333333,0.0,0.6185185185185185
19735194,7,0.0,0.0,0.490032154340836
19735194,2,0.3333333333333333,27809.0,0.7645985401459854
19736062,5,0.3333333333333333,31750.0,0.7588235294117647
19736062,1,0.5,68687451936.0,0.639751552795031
19736062,2,0.0,66200.0,0.39185393258426965
19737276,2,0.5,68687451936.0,0.6418181818181818
19737276,3,0.5,0.0,0.1687315634218289
19737276,4,0.25,0.0,0.5533290239172592
19737276,6,0.0,0.0,0.43137254901960786
19737276,7,0.0,0.0,0.41864951768488745
19737276,1,0.7142857142857143,80490.0,0.7397260273972602
19737276,5,0.5932203389830508,180736.0,0.8809523809523809
19741489,1,1.0,27668.0,0.3590836441129462
19741489,3,0.5,0.0,0.6312684365781711
19741489,6,0.6666666666666666,0.0,0.4580246913580247
19741489,7,0.3333333333333333,0.0,0.6019292604501608
19741489,2,0.8333333333333334,46441.0,0.7388781431334622
19741489,4,0.7142857142857143,0.0,0.2194668319900806
19741489,5,0.6551724137931034,216495.0,0.6666666666666666
19759581,5,0.0,40956.0,0.30579531442663377
19759581,1,0.7272727272727273,83262.0,0.5466666666666666
19759581,2,0.6136363636363636,49712.0,0.8
19759581,4,0.5,0.0,0.5892857142857143
19759581,6,0.5652173913043478,0.0,0.6
19759581,3,0.47959183673469385,0.0,0.8588235294117647
19759581,7,0.36363636363636365,0.0,0.8992248062015504
19767663,1,0.5,28509.0,0.3590836441129462
19767663,3,0.0,0.0,0.6306784660766962
19767663,4,0.375,0.0,0.42857142857142855
19767663,6,0.6666666666666666,0.0,0.6451914098972923
19767663,7,0.0,0.0,0.490032154340836
19767663,2,0.95,29489.0,0.5607814761215629
19767663,5,0.6727272727272727,24878.0,0.5211267605633803
19768515,1,0.0,67699.0,0.3590836441129462
19768515,3,1.0,0.0,0.6312684365781711
19768515,4,0.25,0.0,0.47123464770523593
19768515,6,0.6666666666666666,0.0,0.43137254901960786
19768515,7,0.6666666666666666,0.0,0.27138263665594853
19768515,2,0.5,99723.0,0.39185393258426965
19768515,5,0.5625,268581.0,0.4594594594594595
19771602,7,0.3076923076923077,0.0,0.8924050632911392
19771602,6,0.32558139534883723,0.0,0.8051282051282052
19771602,5,0.4338235294117647,39623.0,0.8181818181818182
19771602,3,0.472,0.0,0.6987179487179487
19771602,4,0.43023255813953487,0.0,0.3472222222222222
19771602,2,0.6528301886792452,35866.0,0.6242038216560509
19771602,1,0.7485380116959064,45724.0,0.8472222222222222
19772206,7,0.0,0.0,0.490032154340836
19772206,1,0.8679245283018868,22496.0,0.9
19772206,2,0.7,14326.0,0.6088709677419355
19772206,3,0.5,0.0,0.622093023255814
19772206,4,0.6578947368421053,0.0,0.4117647058823529
19772206,6,0.4444444444444444,0.0,0.7723577235772358
19772206,5,0.632183908045977,170366.0,0.5201305767138193
19774261,2,0.9375,29635765.0,0.8125
19774261,1,0.8461538461538461,26390.0,0.5608108108108109
19774261,3,1.0,0.0,0.5675675675675675
19774261,4,0.8450704225352113,0.0,0.6888888888888889
19774261,7,0.717948717948718,0.0,0.9411764705882353
19774261,5,0.6885245901639344,38547.0,0.43209876543209874
19774261,6,0.8947368421052632,0.0,0.7225433526011561
19778170,1,0.5,16460.0,0.3590836441129462
19778170,2,0.5,68687451936.0,0.6418181818181818
19778170,3,0.5,0.0,0.6306784660766962
19778170,4,0.125,0.0,0.5533290239172592
19778170,5,0.0,18519.0,0.30579531442663377
19778170,6,1.0,0.0,0.828395061728395
19778170,7,0.3333333333333333,0.0,0.41864951768488745
19778180,2,0.5,68687451936.0,0.9008264462809917
19778180,5,0.4666666666666667,40243.0,0.7333333333333333
19788008,1,0.9,36208.0,0.7536231884057971
19788008,2,0.7727272727272727,40095.0,0.8092105263157895
19788008,3,0.625,0.0,0.8275862068965517
19788008,4,0.5,0.0,0.3076923076923077
19788008,6,0.6666666666666666,0.0,0.3684210526315789
19788008,5,0.5882352941176471,42913.0,0.6170212765957447
19790275,2,0.7115384615384616,18639.0,0.6554621848739496
19790275,5,0.5786516853932584,29731.0,0.4497444633730835
19791590,1,0.5,23402.0,0.3590836441129462
19791590,2,0.5,68687451936.0,0.6418181818181818
19791590,3,0.5,0.0,0.1687315634218289
19791590,4,0.125,0.0,0.5533290239172592
19791590,5,0.4,2191.0,0.30579531442663377
19791590,6,0.0,0.0,0.6451914098972923
19791590,7,0.3333333333333333,0.0,0.6019292604501608
19792519,1,0.0,26260.0,0.3590836441129462
19792519,2,0.5,68687451936.0,0.6418181818181818
19792519,3,1.0,0.0,0.1687315634218289
19792519,4,0.25,0.0,0.5533290239172592
19792519,5,0.2,20664.0,0.30579531442663377
19792519,6,0.0,0.0,0.6451914098972923
19792519,7,0.3333333333333333,0.0,0.41864951768488745
19799120,7,0.7777777777777778,0.0,0.4358974358974359
19799120,4,0.5526315789473685,0.0,0.8571428571428571
19799120,5,0.6685714285714286,36695.0,0.5806451612903226
19799120,6,0.7317380352644837,0.0,0.6976744186046512
19799120,1,0.6274509803921569,73439.0,0.6279863481228669
19799120,3,0.6545454545454545,0.0,0.4146341463414634
19799120,2,0.6610169491525424,33682.0,0.7777777777777778
19806597,5,1.0,62481.0,0.7225950782997763
19806597,2,0.4444444444444444,25268.0,0.9110320284697508
19811211,1,0.5,68687451936.0,0.7896440129449838
19811211,5,0.7777777777777778,13234.0,0.409375
19811211,2,0.5,68687451936.0,0.48663101604278075
19831344,1,0.5,25082.0,0.3590836441129462
19831344,3,0.0,0.0,0.6306784660766962
19831344,4,0.25,0.0,0.47123464770523593
19831344,6,0.3333333333333333,0.0,0.6185185185185185
19831344,2,1.0,22327.0,0.9365079365079365
19831344,5,0.6666666666666666,21329.0,0.7410358565737052
19836663,5,0.6379310344827587,37851.0,0.38461538461538464
19836663,6,0.7096774193548387,0.0,0.7323943661971831
19836663,4,0.8,0.0,0.7567567567567568
19836663,3,0.7894736842105263,0.0,0.5858585858585859
19836663,1,0.8657534246575342,36095.0,0.7727272727272727
19836663,2,0.7467811158798283,73138.0,0.7157894736842105
19843227,5,0.8,36721.0,0.4945054945054945
19843227,2,0.7,21323.0,0.7734375
19843227,1,0.7954545454545454,32717.0,0.716012084592145
19843227,4,0.6428571428571429,0.0,0.85
19843227,7,1.0,0.0,0.8679245283018868
19843227,3,0.7142857142857143,0.0,0.7538461538461538
19843227,6,0.746268656716418,0.0,0.7924528301886793
19846896,1,0.8,26268.0,0.8122977346278317
19846896,2,0.7936507936507936,52073.0,0.5772357723577236
19846896,5,0.574468085106383,145769.0,0.4305555555555556
19846896,3,0.4,0.0,0.8793103448275862
19848230,7,0.8333333333333334,0.0,0.6292134831460674
19848230,6,0.7804878048780488,0.0,0.6018099547511312
19848230,2,0.7907949790794979,18488.0,0.7865168539325843
19848230,1,0.8333333333333334,30068.0,1.0
19848230,4,0.7297297297297297,0.0,0.8620689655172413
19848230,3,0.8867924528301887,0.0,0.49122807017543857
19848230,5,0.63718820861678,35789.0,0.5272727272727272
19852179,1,0.0,25012.0,0.3590836441129462
19852179,3,0.0,0.0,0.1687315634218289
19852179,4,0.25,0.0,0.47123464770523593
19852179,6,0.6666666666666666,0.0,0.2726423902894491
19852179,7,0.0,0.0,0.27138263665594853
19852179,2,0.3,72580.0,0.7845433255269321
19852179,5,0.4117647058823529,67039.0,0.5777777777777777
19865132,1,1.0,22936.0,0.3590836441129462
19865132,3,0.5,0.0,0.6312684365781711
19865132,4,0.5,0.0,0.47123464770523593
19865132,6,1.0,0.0,0.6451914098972923
19865132,7,0.6666666666666666,0.0,0.41864951768488745
19865132,5,0.6434782608695652,92350.0,0.4528301886792453
19865132,2,0.8454545454545455,26313.0,0.6538461538461539
19866046,2,0.6825396825396826,30697.0,0.6666666666666666
19866046,5,0.3695652173913043,17264.0,0.8888888888888888
19878566,3,1.0,0.0,0.1687315634218289
19878566,4,0.25,0.0,0.5533290239172592
19878566,1,1.0,436469.0,0.3590836441129462
19878566,5,0.4,24351.0,0.30579531442663377
19878566,6,0.3333333333333333,0.0,0.47619047619047616
19878566,7,0.3333333333333333,0.0,0.27138263665594853
19878566,2,0.8,32554.0,0.8846153846153846
19887248,5,0.5,68687451936.0,0.7441860465116279
19914308,4,0.375,0.0,0.42857142857142855
19914308,6,0.6666666666666666,0.0,0.47619047619047616
19914308,7,0.6666666666666666,0.0,0.27138263665594853
19914308,3,0.5,0.0,0.5465116279069767
19914308,5,0.5208333333333334,72707.0,0.7370689655172413
19914308,1,0.8555555555555555,47852.0,0.6356877323420075
19914308,2,0.9024390243902439,39269.0,0.8662790697674418
19920299,6,0.3333333333333333,0.0,0.676056338028169
19920299,2,0.7777777777777778,35119.0,0.6287425149700598
19920299,5,0.6153846153846154,80927.0,0.6785714285714286
19926651,1,0.5,68687451936.0,0.8787878787878788
19926651,5,0.6,40873.0,0.24855491329479767
19926843,1,1.0,23797.0,0.3590836441129462
19926843,3,0.5,0.0,0.1687315634218289
19926843,4,0.125,0.0,0.5533290239172592
19926843,6,0.0,0.0,0.6451914098972923
19926843,7,1.0,0.0,0.27138263665594853
19926843,2,0.8414634146341463,20852.0,0.8828828828828829
19926843,5,0.6745562130177515,829252.0,0.8181818181818182
19935354,1,0.5,8830146412.0,0.3590836441129462
19935354,2,0.578125,255031.0,0.7933884297520661
19935354,5,0.6037735849056604,34135.0,0.6568047337278107
19941968,1,0.5,68687451936.0,0.5608108108108109
19941968,2,0.6428571428571429,22725.0,0.6086956521739131
19941968,5,0.7,32438.0,0.5217391304347826
19944922,3,0.29411764705882354,0.0,0.5137614678899083
19944922,2,0.3333333333333333,2263298.0,0.8082089552238806
19944922,5,0.3661616161616162,2645021.0,0.40764331210191085
19944922,1,0.4918032786885246,10365.0,0.725
19948010,2,0.0,14538.0,0.4585152838427948
19948010,5,0.36363636363636365,8193.0,0.3405994550408719
19948843,1,0.8333333333333334,69959.0,0.6736842105263158
19948843,6,0.5789473684210527,0.0,0.746606334841629
19948843,2,0.6230769230769231,104138.0,0.6403785488958991
19948843,5,0.6504297994269341,76288.0,0.7623762376237624
19959958,1,0.5,25906.0,0.3590836441129462
19959958,3,0.0,0.0,0.1687315634218289
19959958,4,0.125,0.0,0.5533290239172592
19959958,6,0.6666666666666666,0.0,0.828395061728395
19959958,7,0.3333333333333333,0.0,0.27138263665594853
19959958,2,0.5,36421.0,0.8905109489051095
19959958,5,0.2222222222222222,28903.0,0.8666666666666667
19962975,2,0.5,68687451936.0,0.7450980392156863
19962975,5,0.4,31510.0,0.6767676767676768
19971057,2,0.5,68687451936.0,0.7321428571428571
19971057,5,0.5416666666666666,32782.0,0.851063829787234
19971658,7,0.9,0.0,0.7333333333333333
19971658,4,0.7321428571428571,0.0,0.47123464770523593
19971658,3,0.8390092879256966,0.0,0.8620689655172413
19971658,1,0.7244094488188977,30478.0,0.7727272727272727
19971658,2,0.7785234899328859,68411.0,0.7254004576659039
19971658,6,0.7213438735177866,0.0,0.696969696969697
19971658,5,0.69079754601227,37235.0,0.45787545787545786
19973981,1,0.5,68687451936.0,0.5608108108108109
19973981,5,1.0,20276.0,0.6842105263157895
19973981,2,0.9,26982.0,0.7358490566037735
19978404,5,0.4482758620689655,24635.0,0.6213333333333333
19981595,4,0.5,0.0,0.5882352941176471
19981595,5,0.24242424242424243,32795.0,0.4782608695652174
19981595,7,0.25,0.0,0.6521739130434783
19981595,3,0.26174496644295303,0.0,0.7647058823529411
19981595,6,0.2719665271966527,0.0,0.84375
19982267,1,0.5,68687451936.0,0.4594594594594595
19982267,2,0.5,22016.0,0.8783783783783784
19982267,5,0.5,519127669.0,0.828125
19983198,2,0.0,20697.0,0.5446428571428571
19983198,5,0.3125,20583.0,0.7352941176470589
19983517,1,0.5,20171324.0,0.3590836441129462
19983517,3,0.5,0.0,0.6312684365781711
19983517,4,0.5,0.0,0.47123464770523593
19983517,5,0.5,68687451936.0,0.6378600823045267
19983517,2,0.0,9926448015.0,0.5348837209302325
19986980,1,1.0,17082.0,0.3590836441129462
19986980,2,0.5,68687451936.0,0.6418181818181818
19986980,3,0.0,0.0,0.6312684365781711
19986980,4,0.25,0.0,0.47123464770523593
19986980,5,0.4,2811.0,0.30579531442663377
19986980,6,0.3333333333333333,0.0,0.6185185185185185
19986980,7,0.0,0.0,0.6019292604501608
19993637,1,0.4444444444444444,95650.0,0.6026058631921825
19993637,6,0.8461538461538461,0.0,0.4222222222222222
19993637,5,0.7512437810945274,31154.0,0.4260869565217391
19993962,1,0.6857142857142857,26510.0,0.7083333333333334
19993962,2,0.7794117647058824,27494.0,0.5966386554621849
19993962,3,0.6578947368421053,0.0,0.8360655737704918
19993962,6,0.6666666666666666,0.0,0.4067796610169492
19993962,7,0.6666666666666666,0.0,0.41864951768488745
19993962,4,0.6097560975609756,0.0,0.7171717171717171
19993962,5,0.5787037037037037,19432.0,0.5355871886120996
19996785,1,0.0,23392.0,0.3590836441129462
19996785,2,0.5,68687451936.0,0.6418181818181818
19996785,3,0.0,0.0,0.1687315634218289
19996785,4,0.25,0.0,0.5533290239172592
19996785,5,0.2,2386.0,0.30579531442663377
19996785,6,0.0,0.0,0.47619047619047616
19996785,7,0.0,0.0,0.6019292604501608
19997619,5,0.15384615384615385,25764.0,0.5663157894736842
19997619,2,0.4444444444444444,23887.0,0.8020833333333334
19998777,5,0.6,36977.0,0.6530612244897959
19998777,2,0.4,60868.0,0.7929292929292929
20002149,1,1.0,28577.0,0.3590836441129462
20002149,3,0.0,0.0,0.6312684365781711
20002149,4,0.25,0.0,0.5533290239172592
20002149,5,0.4,57898.0,0.30579531442663377
20002149,6,0.3333333333333333,0.0,0.47619047619047616
20002149,7,0.3333333333333333,0.0,0.41864951768488745
20002149,2,0.5,33501.0,0.7985074626865671
20013125,1,0.5,68687451936.0,0.7896440129449838
20013125,2,0.8,34523.0,0.6119402985074627
20013125,5,0.7142857142857143,14067.0,0.6521739130434783
20016586,2,0.0,44505.0,0.7714285714285715
20016586,5,0.5714285714285714,66691.0,0.7942386831275721
20041252,4,0.5769230769230769,0.0,0.6339869281045751
20041252,1,0.5888888888888889,29189.0,0.4031620553359684
20041252,6,0.26666666666666666,0.0,0.7396449704142012
20041252,3,0.5824175824175825,0.0,0.8985507246376812
20041252,7,0.4385026737967914,0.0,0.9722222222222222
20041252,2,0.3872832369942196,22297.0,0.6649746192893401
20041252,5,0.4218009478672986,60218.0,0.8625
20042606,1,0.0,28140.0,0.3590836441129462
20042606,3,0.0,0.0,0.6312684365781711
20042606,4,0.25,0.0,0.5533290239172592
20042606,5,0.0,4170.0,0.30579531442663377
20042606,6,0.3333333333333333,0.0,0.828395061728395
20042606,7,0.3333333333333333,0.0,0.41864951768488745
20042606,2,0.6,33699.0,0.7852760736196319
20043487,1,0.5,68687451936.0,0.9423076923076923
20043487,2,0.6623376623376623,17729.0,0.6263736263736264
20043487,5,0.547945205479452,25506.0,0.4497444633730835
20046865,2,0.8,39852.0,0.6569767441860465
20046865,5,0.5,21248.0,0.5
20049512,5,0.6923076923076923,13310.0,0.7409638554216867
20061268,5,0.6875,37645.0,0.7043478260869566
20067445,3,0.5,0.0,0.1687315634218289
20067445,4,0.25,0.0,0.42857142857142855
20067445,7,0.3333333333333333,0.0,0.490032154340836
20067445,1,0.75,55914.0,0.8556701030927835
20067445,2,0.5882352941176471,35496.0,0.8
20067445,6,0.5714285714285714,0.0,0.625
20067445,5,0.6404494382022472,656881.0,0.7045454545454546
20076935,1,0.5,23520.0,0.3590836441129462
20076935,2,0.5,68687451936.0,0.6418181818181818
20076935,3,0.0,0.0,0.6306784660766962
20076935,4,0.25,0.0,0.47123464770523593
20076935,5,0.4,19205.0,0.30579531442663377
20076935,6,0.0,0.0,0.2726423902894491
20076935,7,0.3333333333333333,0.0,0.490032154340836
20077158,6,0.0,0.0,0.4580246913580247
20077158,5,0.7619047619047619,28694.0,0.6028880866425993
20077283,7,0.9333333333333333,0.0,0.48
20077283,1,0.5,29028.0,0.3590836441129462
20077283,3,0.0,0.0,0.6306784660766962
20077283,4,0.0,0.0,0.47123464770523593
20077283,6,0.3333333333333333,0.0,0.43137254901960786
20077283,2,0.5,67256.0,0.7685185185185185
20077283,5,0.6190476190476191,35460.0,0.8260869565217391
20100804,1,0.5,19234.0,0.3590836441129462
20100804,2,0.5,68687451936.0,0.6418181818181818
20100804,3,0.5,0.0,0.6312684365781711
20100804,4,0.5,0.0,0.42857142857142855
20100804,5,0.2,4532.0,0.30579531442663377
20100804,6,0.0,0.0,0.828395061728395
20100804,7,0.3333333333333333,0.0,0.41864951768488745
20113902,5,0.0,72251.0,0.6666666666666666
20113902,2,0.6666666666666666,20935.0,0.7422680412371134
20113902,1,0.65,23717.0,0.8028169014084507
20113902,7,0.4375,0.0,0.550561797752809
20113902,3,0.34210526315789475,0.0,0.7464788732394366
20113902,4,0.5,0.0,0.6118143459915611
20116247,1,0.0,14049.0,0.3590836441129462
20116247,3,0.5,0.0,0.6306784660766962
20116247,4,0.125,0.0,0.47123464770523593
20116247,5,0.2,6091.0,0.30579531442663377
20116247,6,0.3333333333333333,0.0,0.6185185185185185
20116247,7,1.0,0.0,0.490032154340836
20116247,2,0.4,8188.0,0.8235294117647058
20120584,3,1.0,0.0,0.7894736842105263
20120584,5,0.7439446366782007,39591.0,0.6166666666666667
20120584,6,0.726027397260274,0.0,0.25609756097560976
20120584,1,0.9285714285714286,25165.0,0.96
20120584,2,0.8653846153846154,21408.0,0.845360824742268
20120584,4,0.7631578947368421,0.0,0.8837209302325582
20120584,7,0.6666666666666666,0.0,0.7359550561797753
20122937,1,0.5,26880.0,0.3590836441129462
20122937,3,0.0,0.0,0.6306784660766962
20122937,4,0.5,0.0,0.47123464770523593
20122937,6,0.6666666666666666,0.0,0.42663378545006164
20122937,7,0.0,0.0,0.6019292604501608
20122937,2,1.0,34991746823.0,0.8352941176470589
20122937,5,0.5571428571428572,7763291928.0,0.3617021276595745
20123845,5,0.5,22372.0,0.7948717948717948
20123845,2,0.7029520295202952,20567.0,0.8120300751879699
20133526,1,0.7241379310344828,26284.0,0.3608490566037736
20133526,2,0.5,68687451936.0,0.8888888888888888
20141146,2,0.5,68687451936.0,0.6418181818181818
20141146,3,0.5,0.0,0.6312684365781711
20141146,4,0.25,0.0,0.42857142857142855
20141146,6,0.6666666666666666,0.0,0.2726423902894491
20141146,7,1.0,0.0,0.41864951768488745
20141146,1,0.8333333333333334,23586.0,0.9587628865979382
20141146,5,0.92,27734.0,0.5434782608695652
20159786,4,0.6184971098265896,0.0,0.6712328767123288
20159786,1,0.8383838383838383,38083.0,0.9259259259259259
20159786,2,0.7846715328467153,29932.0,0.6710526315789473
20159786,3,0.6967213114754098,0.0,0.5565217391304348
20159786,7,0.6434782608695652,0.0,0.575
20159786,6,0.7217391304347827,0.0,0.6837606837606838
20159786,5,0.6589147286821705,51130.0,0.16326530612244897
20171850,7,0.8775510204081632,0.0,0.8229166666666666
20171850,6,0.6363636363636364,0.0,0.6705202312138728
20171850,3,0.8135593220338984,0.0,0.8113207547169812
20171850,5,0.6710526315789473,16487.0,0.5030581039755352
20171850,2,0.7520661157024794,37392.0,0.6461538461538462
20171850,4,0.7692307692307693,0.0,0.4857142857142857
20171850,1,0.8571428571428571,72349.0,0.52
20172821,6,0.8181818181818182,0.0,0.9335664335664335
20172821,1,0.8333333333333334,718073317.0,0.7076271186440678
20172821,2,0.6875,23716.0,0.676056338028169
20172821,5,0.6594911937377691,2723502363.0,0.5541666666666667
20180673,1,0.5,26893.0,0.9423076923076923
20180673,2,0.0,210137.0,0.9110320284697508
20180673,5,0.9047619047619048,15011.0,0.5
20180962,1,1.0,24171.0,0.3590836441129462
20180962,3,0.5,0.0,0.6306784660766962
20180962,4,1.0,0.0,0.47123464770523593
20180962,6,1.0,0.0,0.43137254901960786
20180962,7,1.0,0.0,0.27138263665594853
20180962,2,0.8,35086.0,0.555858310626703
20180962,5,0.8666666666666667,16056.0,0.4497444633730835
20184814,5,0.4,21530.0,0.5864661654135338
20184814,2,0.3333333333333333,26753.0,0.7966101694915254
20186374,1,0.5,27845.0,0.3590836441129462
20186374,2,0.5,68687451936.0,0.6418181818181818
20186374,3,0.5,0.0,0.6312684365781711
20186374,4,0.375,0.0,0.5533290239172592
20186374,5,0.4,8768.0,0.30579531442663377
20186374,6,0.6666666666666666,0.0,0.2726423902894491
20186374,7,0.0,0.0,0.490032154340836
20197793,2,0.3333333333333333,56098.0,0.6581632653061225
20197793,5,0.13333333333333333,38516.0,0.6341463414634146
20199757,5,0.5263157894736842,68647.0,0.8145161290322581
20199757,2,0.9,84949.0,0.7933884297520661
20227611,1,1.0,25837.0,0.3590836441129462
20227611,3,1.0,0.0,0.1687315634218289
20227611,4,0.625,0.0,0.47123464770523593
20227611,5,0.8,44672.0,0.30579531442663377
20227611,6,1.0,0.0,0.828395061728395
20227611,7,1.0,0.0,0.490032154340836
20227611,2,0.9,27776.0,0.7239669421487603
20243414,2,0.34375,80676.0,0.639344262295082
20243414,5,0.42105263157894735,74081.0,0.6736641221374046
20243920,1,0.5,27877.0,0.3590836441129462
20243920,3,0.5,0.0,0.6306784660766962
20243920,4,0.5,0.0,0.42857142857142855
20243920,6,0.3333333333333333,0.0,0.43137254901960786
20243920,7,0.0,0.0,0.41864951768488745
20243920,5,0.6666666666666666,35148.0,0.8831168831168831
20243920,2,0.6,40249.0,0.8554216867469879
20250982,6,0.48717948717948717,0.0,0.7692307692307693
20250982,1,0.8,43438.0,0.5899280575539568
20250982,2,0.85,30950.0,0.8064516129032258
20250982,5,0.4230769230769231,49432.0,0.375
20251692,1,1.0,26885.0,0.3590836441129462
20251692,2,0.5,68687451936.0,0.6418181818181818
20251692,3,1.0,0.0,0.1687315634218289
20251692,4,0.625,0.0,0.5533290239172592
20251692,5,0.8,21866.0,0.30579531442663377
20251692,6,0.6666666666666666,0.0,0.42663378545006164
20251692,7,1.0,0.0,0.6019292604501608
20251914,1,0.5,106217829.0,0.3590836441129462
20251914,3,1.0,0.0,0.1687315634218289
20251914,4,0.125,0.0,0.5533290239172592
20251914,6,1.0,0.0,0.43137254901960786
20251914,7,1.0,0.0,0.27138263665594853
20251914,2,0.7142857142857143,29920.0,0.9
20251914,5,0.45,25214.0,0.7549019607843137
20259225,1,0.5,26538.0,0.3590836441129462
20259225,2,0.5,68687451936.0,0.6418181818181818
20259225,3,0.0,0.0,0.6312684365781711
20259225,4,0.125,0.0,0.47123464770523593
20259225,7,0.3333333333333333,0.0,0.6019292604501608
20259225,5,0.5757575757575758,49823.0,0.24
20259225,6,0.7407407407407407,0.0,0.7681159420289855
20273189,1,0.5,68687451936.0,0.7789473684210526
20273189,2,0.9,27097.0,0.6534653465346535
20273189,5,0.5555555555555556,19634.0,0.2536231884057971
20275598,2,0.4827586206896552,17830.0,0.5457142857142857
20275598,1,0.7796610169491526,42606.0,0.7431192660550459
20281493,1,0.5,26358.0,0.3590836441129462
20281493,3,0.5,0.0,0.1687315634218289
20281493,4,0.125,0.0,0.47123464770523593
20281493,6,0.6666666666666666,0.0,0.6451914098972923
20281493,7,0.6666666666666666,0.0,0.41864951768488745
20281493,2,0.6721311475409836,337449.0,0.8013698630136986
20281493,5,0.6576576576576577,180843.0,0.4576271186440678
20286368,1,0.5,25903.0,0.3590836441129462
20286368,2,0.5,68687451936.0,0.6418181818181818
20286368,3,1.0,0.0,0.1687315634218289
20286368,4,0.5,0.0,0.42857142857142855
20286368,5,0.0,34838.0,0.30579531442663377
20286368,6,1.0,0.0,0.6185185185185185
20286368,7,0.3333333333333333,0.0,0.27138263665594853
20311084,1,0.7560975609756098,25504.0,0.2727272727272727
20311084,2,0.7931034482758621,15608.0,0.5457142857142857
20311084,5,0.5542168674698795,12476.0,0.612
20311174,1,1.0,23211.0,0.3590836441129462
20311174,2,0.5,68687451936.0,0.6418181818181818
20311174,3,0.0,0.0,0.6306784660766962
20311174,4,0.4,0.0,0.24426534407935524
20312279,1,1.0,1542043.0,0.9423076923076923
20312279,5,0.59375,9741.0,0.6086956521739131
20312279,2,0.676829268292683,31576.0,0.7204301075268817
20322136,1,0.5,68687451936.0,0.6688741721854304
20322136,5,0.7777777777777778,19639.0,0.20253164556962025
20332818,1,1.0,23908.0,0.3590836441129462
20332818,2,0.5,68687451936.0,0.6418181818181818
20332818,3,0.5,0.0,0.6306784660766962
20332818,4,0.25,0.0,0.5533290239172592
20332818,6,1.0,0.0,0.43137254901960786
20332818,7,0.0,0.0,0.41864951768488745
20332818,5,0.5333333333333333,47774.0,0.6368421052631579
20332988,1,0.0,24678.0,0.3590836441129462
20332988,3,1.0,0.0,0.1687315634218289
20332988,4,0.5,0.0,0.47123464770523593
20332988,6,0.3333333333333333,0.0,0.6185185185185185
20332988,7,0.6666666666666666,0.0,0.27138263665594853
20332988,2,0.631578947368421,913836.0,0.7875
20332988,5,0.6065573770491803,78577.0,0.5294117647058824
20347351,1,0.0,23648.0,0.3590836441129462
20347351,3,0.5,0.0,0.6306784660766962
20347351,4,0.375,0.0,0.5533290239172592
20347351,6,0.3333333333333333,0.0,0.47619047619047616
20347351,7,0.6666666666666666,0.0,0.27138263665594853
20347351,2,0.7,46580.0,0.7962264150943397
20347351,5,0.6,27090.0,0.7192982456140351
20364527,1,0.5,26735.0,0.3590836441129462
20364527,2,0.5,68687451936.0,0.6418181818181818
20364527,3,0.5,0.0,0.6312684365781711
20364527,4,0.625,0.0,0.42857142857142855
20364527,5,0.0,16803.0,0.30579531442663377
20364527,6,0.6666666666666666,0.0,0.6185185185185185
20364527,7,0.0,0.0,0.27138263665594853
20365261,7,0.48,0.0,0.4166666666666667
20365261,6,0.7333333333333333,0.0,0.7555555555555555
20365261,3,0.8048780487804879,0.0,0.2971014492753623
20365261,4,0.6692307692307692,0.0,0.5206896551724138
20365261,5,0.391304347826087,50747.0,0.2988505747126437
20365261,1,0.45161290322580644,39711.0,0.3381294964028777
20365261,2,0.5254237288135594,26625.0,0.58
20372608,1,0.5,28620.0,0.3590836441129462
20372608,2,0.5,68687451936.0,0.6418181818181818
20372608,3,1.0,0.0,0.1687315634218289
20372608,4,0.25,0.0,0.42857142857142855
20372608,5,0.6,45874.0,0.30579531442663377
20372608,6,0.6666666666666666,0.0,0.42663378545006164
20372608,7,0.0,0.0,0.490032154340836
20381512,2,0.5,68687451936.0,0.6777493606138107
20381512,5,0.8333333333333334,28294.0,0.6151315789473685
20383169,2,0.8181818181818182,28453.0,0.9223300970873787
20383169,5,0.4166666666666667,35812.0,0.8095238095238095
20389410,1,1.0,29288.0,0.3590836441129462
20389410,3,0.0,0.0,0.6306784660766962
20389410,4,0.5,0.0,0.5533290239172592
20389410,6,0.6666666666666666,0.0,0.43137254901960786
20389410,7,1.0,0.0,0.27138263665594853
20389410,5,0.8,11732.0,0.8085106382978723
20389410,2,0.819672131147541,29005.0,0.5638629283489096
20401073,1,0.5,22827.0,0.3590836441129462
20401073,2,0.5,68687451936.0,0.6418181818181818
20401073,3,0.0,0.0,0.6312684365781711
20401073,4,0.25,0.0,0.42857142857142855
20401073,5,0.6,10324.0,0.30579531442663377
20401073,6,1.0,0.0,0.828395061728395
20401073,7,0.3333333333333333,0.0,0.490032154340836
20420984,5,0.3333333333333333,25741.0,0.3088235294117647
20420984,2,0.5,43560.0,0.8774617067833698
20439555,1,1.0,27791.0,0.3590836441129462
20439555,2,0.5,68687451936.0,0.6418181818181818
20439555,3,0.5,0.0,0.6312684365781711
20439555,4,0.625,0.0,0.47123464770523593
20439555,6,0.6666666666666666,0.0,0.2726423902894491
20439555,7,1.0,0.0,0.27138263665594853
20439555,5,0.7333333333333333,27609.0,0.6541353383458647
20443589,1,1.0,29554.0,0.3590836441129462
20443589,2,0.5,68687451936.0,0.6418181818181818
20443589,3,0.5,0.0,0.1687315634218289
20443589,4,0.625,0.0,0.5533290239172592
20443589,5,0.4,15363.0,0.30579531442663377
20443589,6,1.0,0.0,0.42663378545006164
20443589,7,0.0,0.0,0.490032154340836
20446352,1,0.0,28573.0,0.3590836441129462
20446352,2,0.5,68687451936.0,0.6418181818181818
20446352,3,0.5,0.0,0.6312684365781711
20446352,4,0.6,0.0,0.23000619962802232
20455080,1,0.5,29841.0,0.3590836441129462
20455080,3,1.0,0.0,0.1687315634218289
20455080,4,0.25,0.0,0.47123464770523593
20455080,6,1.0,0.0,0.4580246913580247
20455080,7,0.3333333333333333,0.0,0.6019292604501608
20455080,2,0.5454545454545454,3041251.0,0.39185393258426965
20455080,5,0.5,64410.0,0.7352941176470589
20460285,5,0.5625,36208.0,0.8709677419354839
20460932,5,1.0,506550700.0,0.25796178343949044
20460932,1,0.5,55776.0,0.8288288288288288
20460932,2,0.38461538461538464,44112.0,0.5032258064516129
20472541,4,0.2,0.0,0.7407407407407407
20472541,3,0.5,0.0,0.8314606741573034
20472541,1,0.5132743362831859,37601.0,0.6372549019607843
20472541,2,0.5135135135135135,24854.0,0.8681318681318682
20472541,5,0.4125874125874126,59120.0,0.4653679653679654
20475875,1,0.0,28532.0,0.3590836441129462
20475875,2,0.5,68687451936.0,0.6418181818181818
20475875,3,0.5,0.0,0.6306784660766962
20475875,4,0.25,0.0,0.5533290239172592
20475875,6,0.3333333333333333,0.0,0.2726423902894491
20475875,7,0.3333333333333333,0.0,0.490032154340836
20475875,5,0.8666666666666667,66234.0,0.664804469273743
20480373,2,1.0,23918.0,0.6729411764705883
20480373,5,0.42857142857142855,17176.0,0.8557692307692307
20497773,3,0.875,0.0,0.4246575342465753
20497773,4,0.6105263157894737,0.0,0.8974358974358975
20497773,1,0.7916666666666666,31792.0,0.716012084592145
20497773,2,0.6818181818181818,24694.0,0.6032608695652174
20497773,6,0.5714285714285714,0.0,0.42857142857142855
20497773,7,0.875,0.0,0.7703703703703704
20497773,5,0.5884615384615385,83496.0,0.5945945945945946
20518860,1,0.5,31066.0,0.3590836441129462
20518860,2,0.5,68687451936.0,0.6418181818181818
20518860,3,0.5,0.0,0.1687315634218289
20518860,4,0.625,0.0,0.47123464770523593
20518860,5,0.2,28836.0,0.30579531442663377
20518860,6,1.0,0.0,0.4580246913580247
20518860,7,0.6666666666666666,0.0,0.41864951768488745
20519667,1,1.0,87900.0,0.3590836441129462
20519667,2,0.5,68687451936.0,0.6418181818181818
20519667,3,0.5,0.0,0.6306784660766962
20519667,4,0.375,0.0,0.5533290239172592
20519667,5,0.4,19266.0,0.30579531442663377
20519667,6,0.3333333333333333,0.0,0.6451914098972923
20519667,7,1.0,0.0,0.6019292604501608
20521275,6,0.7391304347826086,0.0,0.17543859649122806
20521275,1,0.78125,86723.0,0.7976190476190477
20521275,2,0.6136363636363636,72336.0,0.6455223880597015
20521275,5,0.6666666666666666,7248218674.0,0.5632911392405063
20524311,2,0.6666666666666666,44955.0,0.7049180327868853
20524311,5,0.3157894736842105,37627.0,0.6625766871165644
20538274,1,0.53125,38638.0,0.37637362637362637
20538274,2,0.6764705882352942,36200.0,0.6947040498442367
20538274,3,0.5217391304347826,0.0,0.8109756097560976
20538274,4,0.7142857142857143,0.0,0.7230769230769231
20538274,5,0.42857142857142855,48021.0,0.5344827586206896
20538274,7,0.75,0.0,0.6363636363636364
20538274,6,0.7037037037037037,0.0,0.7091836734693877
20543516,2,0.5692307692307692,35238.0,0.9473684210526315
20543516,5,0.5586206896551724,19189.0,0.6454545454545455
20553239,5,0.6774193548387096,37118.0,0.5022222222222222
20553239,1,0.8,31473.0,0.554140127388535
20553239,7,0.7189542483660131,0.0,0.7413793103448276
20553239,2,0.5454545454545454,40269.0,0.3875968992248062
20553239,3,0.7563025210084033,0.0,0.8387096774193549
20553239,4,0.6271186440677966,0.0,0.8548387096774194
20553239,6,0.7087378640776699,0.0,0.3950617283950617
20554777,1,0.5,27488.0,0.3590836441129462
20554777,2,0.5,68687451936.0,0.6418181818181818
20554777,3,1.0,0.0,0.6306784660766962
20554777,4,0.125,0.0,0.47123464770523593
20554777,5,0.0,15813.0,0.30579531442663377
20554777,6,0.3333333333333333,0.0,0.828395061728395
20554777,7,0.3333333333333333,0.0,0.27138263665594853
20566119,7,0.8571428571428571,0.0,0.7413793103448276
20566119,5,0.725,54086.0,0.5568862275449101
20566119,3,0.7894736842105263,0.0,0.7
20566119,1,0.7384615384615385,57855.0,0.4031620553359684
20566119,2,0.8113207547169812,33450.0,0.7289972899728997
20566119,4,0.45454545454545453,0.0,0.3333333333333333
20566119,6,0.803921568627451,0.0,0.338368580060423
20566324,1,0.7894736842105263,285331.0,0.32229580573951433
20566324,5,0.7777777777777778,19026.0,0.5492227979274611
20566324,2,0.88,33780.0,0.666030534351145
20566324,6,0.8591549295774648,0.0,0.338368580060423
20566324,3,0.9,0.0,0.8544303797468354
20566324,7,0.8409090909090909,0.0,0.6702127659574468
20566324,4,0.75,0.0,0.6811594202898551
20571917,1,0.0,27454.0,0.3590836441129462
20571917,2,0.5,68687451936.0,0.6418181818181818
20571917,3,0.0,0.0,0.6306784660766962
20571917,4,0.25,0.0,0.5533290239172592
20571917,5,0.0,21488.0,0.30579531442663377
20571917,6,0.3333333333333333,0.0,0.4580246913580247
20571917,7,0.3333333333333333,0.0,0.27138263665594853
20574764,1,1.0,477558.0,0.3590836441129462
20574764,3,0.0,0.0,0.6312684365781711
20574764,4,0.5,0.0,0.42857142857142855
20574764,6,0.0,0.0,0.6451914098972923
20574764,7,0.42857142857142855,0.0,0.6585365853658537
20574764,2,0.869198312236287,24833.0,0.6868686868686869
20574764,5,0.6981740064446831,347206294.0,0.5706214689265536
20575976,2,0.7777777777777778,42465.0,0.6581632653061225
20575976,5,0.3125,19136.0,0.7777777777777778
20577057,2,0.5,68687451936.0,0.6418181818181818
20577057,3,0.0,0.0,0.6312684365781711
20577057,4,0.375,0.0,0.42857142857142855
20577057,5,0.8,11988.0,0.30579531442663377
20577057,6,0.6666666666666666,0.0,0.6451914098972923
20577057,7,0.0,0.0,0.27138263665594853
20577057,1,0.5833333333333334,44095.0,0.7787610619469026
20587961,1,0.5,68687451936.0,0.9423076923076923
20587961,2,0.0,128817740.0,0.6580645161290323
20587961,5,0.6417910447761194,36977.0,0.4841549295774648
20587961,6,0.7272727272727273,0.0,0.8047337278106509
20592318,5,0.45,45449.0,0.6428571428571429
20596626,1,0.5,20561.0,0.3590836441129462
20596626,2,0.5,68687451936.0,0.6418181818181818
20596626,3,0.5,0.0,0.6312684365781711
20596626,4,0.375,0.0,0.47123464770523593
20596626,6,0.3333333333333333,0.0,0.43137254901960786
20596626,7,0.3333333333333333,0.0,0.27138263665594853
20596626,5,0.35294117647058826,58491.0,0.5918367346938775
20612452,2,0.5,68687451936.0,0.5688888888888889
20612452,1,0.0,68410.0,0.8333333333333334
20612452,5,0.4666666666666667,12628.0,0.6219512195121951
20615524,1,0.8620689655172413,24501.0,0.3608490566037736
20615524,2,0.5,68687451936.0,0.6538461538461539
20615524,5,0.4444444444444444,12687.0,0.5333333333333333
20624984,1,0.0,49712.0,0.3590836441129462
20624984,2,0.5,68687451936.0,0.6418181818181818
20624984,3,0.5,0.0,0.6312684365781711
20624984,4,0.375,0.0,0.42857142857142855
20624984,5,0.2,14938.0,0.30579531442663377
20624984,6,0.0,0.0,0.6451914098972923
20624984,7,0.0,0.0,0.490032154340836
20625039,2,0.5,53694.0,0.58
20625039,5,0.5510204081632653,31408.0,0.2872340425531915
20628343,1,0.7241379310344828,29457.0,0.3608490566037736
20628343,3,0.6,0.0,0.6312684365781711
20628343,4,0.375,0.0,0.47123464770523593
20628343,6,1.0,0.0,0.43137254901960786
20628343,7,0.6666666666666666,0.0,0.27138263665594853
20628343,5,0.559322033898305,235849048.0,0.6760259179265659
20628343,2,0.631578947368421,28041.0,0.6984126984126984
20643112,1,0.0,57431.0,0.3590836441129462
20643112,2,0.5,68687451936.0,0.6418181818181818
20643112,3,0.0,0.0,0.6312684365781711
20643112,4,0.125,0.0,0.5533290239172592
20643112,6,0.6666666666666666,0.0,0.6451914098972923
20643112,7,0.6666666666666666,0.0,0.6019292604501608
20643112,5,0.5,421107.0,0.7428571428571429
20646079,7,0.2,0.0,0.6956521739130435
20646079,1,0.8442622950819673,30264.0,0.7878787878787878
20646079,3,0.7563025210084033,0.0,0.8686131386861314
20646079,6,0.5897435897435898,0.0,0.5102040816326531
20646079,2,0.872,38834.0,0.7864077669902912
20646079,4,0.5211267605633803,0.0,0.6
20646079,5,0.623789764868603,58974.0,0.5
20674536,1,1.0,27809.0,0.3590836441129462
20674536,2,0.5,68687451936.0,0.6418181818181818
20674536,3,1.0,0.0,0.6312684365781711
20674536,4,0.6,0.0,0.24426534407935524
20681379,2,0.8333333333333334,26686.0,0.9110320284697508
20681379,5,0.6923076923076923,27190.0,0.6502732240437158
20683553,4,0.375,0.0,0.42857142857142855
20683553,7,1.0,0.0,0.6019292604501608
20683553,5,0.6,34997.0,0.8333333333333334
20683553,2,0.8181818181818182,47909.0,0.8649921507064364
20683553,3,1.0,0.0,0.891566265060241
20683553,6,0.6857142857142857,0.0,0.9436619718309859
20683553,1,0.6666666666666666,30846.0,0.7136563876651982
20688047,2,0.7777777777777778,35212.0,0.6839378238341969
20688047,5,0.55,16979607.0,0.45546218487394957
20693956,4,0.832,0.0,0.7777777777777778
20693956,2,0.8142857142857143,42545.0,0.7176470588235294
20693956,7,0.9074074074074074,0.0,0.673469387755102
20693956,1,0.9113924050632911,29751.0,0.8688524590163934
20693956,6,0.8432835820895522,0.0,0.5
20693956,5,0.7372685185185185,1616807187.0,0.8709677419354839
20693956,3,0.8842975206611571,0.0,0.4406779661016949
20698746,2,0.7777777777777778,25637.0,0.7777777777777778
20698746,5,0.47368421052631576,28308.0,0.48514851485148514
20699782,5,0.6206896551724138,61667.0,0.11392405063291139
20703779,5,0.3125,18118.0,0.4841549295774648
20703779,1,0.0,29326.0,0.4174336762317271
20710448,6,0.8235294117647058,0.0,0.6065573770491803
20710448,7,0.9166666666666666,0.0,0.7818181818181819
20710448,5,0.728,1782883.0,0.8648648648648649
20710448,2,0.8,25252.0,0.6531531531531531
20710448,3,0.8723404255319149,0.0,0.575
20710448,4,0.8723404255319149,0.0,0.9605263157894737
20710448,1,0.9285714285714286,59993.0,0.6515151515151515
20714891,5,0.6875,46363.0,0.47706422018348627
20715643,5,0.625,29643.0,0.5371024734982333
20717067,2,0.5,68687451936.0,0.9065420560747663
20717067,1,0.5,68687451936.0,0.7896440129449838
20717067,5,0.38636363636363635,60361.0,0.358974358974359
20719506,4,0.6401673640167364,0.0,0.7837837837837838
20719506,7,0.5833333333333334,0.0,0.7634408602150538
20719506,3,0.738544474393531,0.0,0.5964912280701754
20719506,6,0.5882352941176471,0.0,0.5508196721311476
20719506,1,0.7692307692307693,24113.0,0.8653846153846154
20719506,5,0.5612321562734786,33270.0,0.5742574257425742
20719506,2,0.7675544794188862,2852245583.0,0.44370860927152317
20748251,2,0.0,24500.0,0.6508620689655172
20748251,5,0.6666666666666666,32219.0,0.6678571428571428
20755830,1,0.8823529411764706,53777.0,0.5608108108108109
20755830,2,0.5,68687451936.0,0.6418181818181818
20762004,1,0.5,27840.0,0.3590836441129462
20762004,2,0.5,68687451936.0,0.6418181818181818
20762004,3,0.5,0.0,0.6306784660766962
20762004,4,0.875,0.0,0.47123464770523593
20762004,6,0.6666666666666666,0.0,0.4580246913580247
20762004,7,0.3333333333333333,0.0,0.27138263665594853
20762004,5,0.7333333333333333,29739.0,0.6439393939393939
20765383,1,1.0,27369.0,0.3590836441129462
20765383,3,1.0,0.0,0.1687315634218289
20765383,4,0.25,0.0,0.5533290239172592
20765383,6,0.6666666666666666,0.0,0.828395061728395
20765383,7,0.3333333333333333,0.0,0.490032154340836
20765383,2,0.7222222222222222,31763.0,0.8774617067833698
20765383,5,0.7631578947368421,9834708.0,0.5756880733944955
20769389,5,0.5625,83870.0,0.5441176470588235
20769389,2,0.16666666666666666,28481.0,0.6624203821656051
20773729,2,0.5,68687451936.0,0.6812933025404158
20773729,5,0.25,32285.0,0.7586206896551724
20773729,1,0.7857142857142857,52924.0,0.85
20773729,6,0.6666666666666666,0.0,0.6649484536082474
20774108,1,0.5,14309.0,0.3590836441129462
20774108,2,0.5,68687451936.0,0.6418181818181818
20774108,3,0.5,0.0,0.1687315634218289
20774108,4,0.25,0.0,0.5533290239172592
20774108,5,0.2,8493.0,0.30579531442663377
20774108,6,0.3333333333333333,0.0,0.4580246913580247
20774108,7,0.0,0.0,0.490032154340836
20774445,1,1.0,39335.0,0.3590836441129462
20774445,2,0.5,68687451936.0,0.6418181818181818
20774445,3,0.5,0.0,0.6312684365781711
20774445,4,0.625,0.0,0.42857142857142855
20774445,6,0.6666666666666666,0.0,0.6451914098972923
20774445,7,0.6666666666666666,0.0,0.6019292604501608
20774445,5,0.4,76146.0,0.7333333333333333
20776506,1,1.0,15108492.0,0.3590836441129462
20776506,3,0.5,0.0,0.6306784660766962
20776506,4,0.375,0.0,0.5533290239172592
20776506,6,1.0,0.0,0.43137254901960786
20776506,7,0.6666666666666666,0.0,0.490032154340836
20776506,5,0.5802469135802469,175901.0,0.7407407407407407
20776506,2,0.7183098591549296,47152.0,0.39185393258426965
20778726,1,1.0,26066.0,0.3590836441129462
20778726,2,0.5,68687451936.0,0.6418181818181818
20778726,3,0.5,0.0,0.6306784660766962
20778726,6,0.6666666666666666,0.0,0.6451914098972923
20778726,4,0.5,0.0,0.47123464770523593
20778726,7,1.0,0.0,0.27138263665594853
20778726,5,0.6,53902.0,0.6435643564356436
20780533,1,1.0,26951.0,0.3590836441129462
20780533,2,0.5,68687451936.0,0.6418181818181818
20780533,3,0.5,0.0,0.6312684365781711
20780533,4,0.5,0.0,0.42857142857142855
20780533,5,0.2,9696.0,0.30579531442663377
20780533,6,0.3333333333333333,0.0,0.828395061728395
20780533,7,0.6666666666666666,0.0,0.490032154340836
20787321,7,0.6923076923076923,0.0,0.6835443037974683
20787321,6,0.7472527472527473,0.0,0.5435540069686411
20787321,1,0.828125,44721.0,0.7660818713450293
20787321,3,0.6983471074380165,0.0,0.7333333333333333
20787321,2,0.7558528428093646,52192.0,0.50199203187251
20787321,4,0.7031802120141343,0.0,0.7916666666666666
20787321,5,0.782051282051282,7394092220.0,0.4819672131147541
20796547,1,0.0,21163.0,0.9261083743842364
20796547,5,0.27586206896551724,2066.0,0.3073286052009456
20802230,5,0.5,68687451936.0,0.6796116504854369
20802230,1,0.4444444444444444,36107.0,0.9239766081871345
20802230,2,0.5333333333333333,25296.0,0.673469387755102
20804855,2,0.5,68687451936.0,0.84
20804855,5,0.625,25203.0,0.6231884057971014
20804855,1,0.6,31963.0,0.5962059620596206
20810452,5,0.5454545454545454,37545.0,0.2896865520728008
20811545,1,0.5,68687451936.0,0.37637362637362637
20811545,2,0.9166666666666666,23796.0,0.6457627118644068
20811545,5,0.8125,26460.0,0.34328358208955223
20814286,5,0.44680851063829785,145405.0,0.4246575342465753
20814286,1,0.6904761904761905,25140.0,0.6865671641791045
20814286,2,0.6554621848739496,45707.0,0.6627450980392157
20814286,3,0.711864406779661,0.0,0.5882352941176471
20814286,4,0.6257668711656442,0.0,0.954954954954955
20814286,6,0.6746268656716418,0.0,0.8106060606060606
20814286,7,0.7157894736842105,0.0,0.6923076923076923
20821340,1,0.5,24612.0,0.3590836441129462
20821340,3,0.5,0.0,0.6312684365781711
20821340,4,0.625,0.0,0.5533290239172592
20821340,6,1.0,0.0,0.828395061728395
20821340,7,0.6666666666666666,0.0,0.490032154340836
20821340,5,0.6,18036.0,0.7678571428571429
20821340,2,0.7,30193.0,0.7844827586206896
20828645,7,1.0,0.0,0.490032154340836
20828645,6,0.8571428571428571,0.0,0.56
20828645,2,0.8620689655172413,19707.0,0.48868175765645805
20828645,1,0.7567567567567568,22534.0,0.8360655737704918
20828645,3,0.9230769230769231,0.0,0.4858757062146893
20828645,4,0.8409090909090909,0.0,0.6320754716981132
20828645,5,0.6965944272445821,24409.0,0.6470588235294118
20835265,1,0.75,30129.0,0.8888888888888888
20835265,3,0.6,0.0,0.8064516129032258
20835265,6,0.45161290322580644,0.0,0.9056603773584906
20835265,5,0.5755395683453237,15690.0,0.25
20835265,7,0.7586206896551724,0.0,0.7304347826086957
20835265,4,0.7659574468085106,0.0,0.6825396825396826
20835265,2,0.6588235294117647,992559857.0,0.3339130434782609
20848028,2,0.8571428571428571,28998.0,0.8616780045351474
20848028,5,0.4583333333333333,32079.0,0.8245614035087719
20851788,1,0.4838709677419355,45155.0,0.7914691943127962
20859526,1,0.5,68687451936.0,0.7896440129449838
20859526,5,0.4074074074074074,27411.0,0.8125
20859526,2,0.7142857142857143,38978.0,0.5060728744939271
20873022,2,0.75,48039.0,0.8571428571428571
20873022,3,0.5294117647058824,0.0,0.7704918032786885
20873022,4,0.42857142857142855,0.0,0.28
20873022,6,0.7894736842105263,0.0,0.6444444444444445
20873022,7,0.5384615384615384,0.0,0.7784810126582279
20873022,1,0.7741935483870968,51438.0,0.5714285714285714
20873022,5,0.7032967032967034,62307.0,0.7846153846153846
20878091,1,0.5,27882.0,0.3590836441129462
20878091,2,0.5,68687451936.0,0.6418181818181818
20878091,3,1.0,0.0,0.6312684365781711
20878091,4,0.5,0.0,0.47123464770523593
20878091,5,0.2,60991.0,0.30579531442663377
20878091,6,0.6666666666666666,0.0,0.47619047619047616
20878091,7,0.6666666666666666,0.0,0.490032154340836
20891007,1,0.5,68687451936.0,0.7896440129449838
20891007,5,0.6176470588235294,42463.0,0.6783625730994152
20895849,4,0.5294117647058824,0.0,0.8006872852233677
20895849,5,0.4375,123727.0,0.7674418604651163
20895849,6,0.4,0.0,0.7073170731707317
20895849,7,0.41025641025641024,0.0,0.2077922077922078
20895849,1,0.5967741935483871,212371.0,0.8020304568527918
20895849,3,0.30120481927710846,0.0,0.689873417721519
20895849,2,0.32653061224489793,175850.0,0.6403785488958991
20897683,2,0.7429467084639498,50851.0,0.5703125
20897683,5,0.5993031358885017,37275.0,0.3639705882352941
20913319,1,0.7962962962962963,31787.0,0.41697416974169743
20913319,6,0.4857142857142857,0.0,0.7254901960784313
20913319,3,0.7872340425531915,0.0,0.7950310559006211
20913319,4,0.45454545454545453,0.0,0.5405405405405406
20913319,2,0.6774193548387096,22684.0,0.6641221374045801
20913319,5,0.5841121495327103,37302.0,0.6529209621993127
20913864,1,0.5,68687451936.0,0.5773195876288659
20913864,2,1.0,24069.0,0.753731343283582
20913864,5,0.29411764705882354,33651.0,0.46616541353383456
20938253,6,0.7435897435897436,0.0,0.8807947019867549
20938253,7,0.6956521739130435,0.0,0.8888888888888888
20938253,2,1.0,21337.0,0.6972477064220184
20938253,3,0.8,0.0,0.7804878048780488
20938253,1,0.8518518518518519,28357.0,0.6831683168316832
20938253,4,0.47368421052631576,0.0,0.30120481927710846
20938253,5,0.5726027397260274,25103.0,0.5764192139737991
20948951,1,0.5,68687451936.0,0.8947368421052632
20948951,5,0.5641025641025641,34200.0,0.8392857142857143
20948951,2,0.7777777777777778,33849.0,0.6826923076923077
20949024,1,0.5,25132.0,0.3590836441129462
20949024,3,0.5,0.0,0.1687315634218289
20949024,4,0.0,0.0,0.42857142857142855
20949024,6,0.0,0.0,0.43137254901960786
20949024,7,0.3333333333333333,0.0,0.27138263665594853
20949024,2,0.8,41731.0,0.816793893129771
20949024,5,0.23076923076923078,15076.0,0.6052631578947368
